{"type":"FeatureCollection","outpost_region":"PA","source":"NOAA/National Weather Service GIS, valid 2026-04-16","features":[{"type":"Feature","properties":{"state":"PA","zone":"064","cwa":"CTP","name":"Adams","state_zone":"PA064"},"geometry":{"type":"Polygon","coordinates":[[[-76.9705,39.94121],[-76.9674,39.93561],[-76.96999,39.93671],[-76.9722,39.93431],[-76.9714,39.93171],[-76.9721,39.92541],[-76.9698,39.92211],[-76.9659,39.92191],[-76.9675,39.91911],[-76.9678,39.91581],[-76.972,39.91401],[-76.9733,39.91111],[-76.9796,39.90601],[-76.9838,39.90051],[-76.9825,39.89741],[-76.9838,39.89421],[-76.9822,39.89181],[-76.9805,39.88851],[-76.97739,39.88521],[-76.9779,39.88121],[-76.97459,39.87561],[-76.9726,39.87311],[-76.9678,39.87371],[-76.96349,39.87261],[-76.962,39.86561],[-76.95869,39.86141],[-76.9554,39.85631],[-76.9581,39.85541],[-76.9612,39.85321],[-76.9654,39.85051],[-76.9743,39.84981],[-76.97829,39.84781],[-76.9813,39.84411],[-76.98299,39.84171],[-76.991,39.83431],[-76.9984,39.83171],[-76.9994,39.82701],[-76.9995,39.82381],[-76.9994,39.75371],[-76.99969,39.74761],[-76.9996,39.71991],[-77.006,39.72011],[-77.0471,39.72001],[-77.05849,39.72021],[-77.0665,39.72001],[-77.1554,39.72011],[-77.21709,39.71991],[-77.30579,39.72011],[-77.4594,39.72001],[-77.4604,39.74621],[-77.46069,39.76031],[-77.4622,39.79451],[-77.46259,39.81121],[-77.4629,39.81411],[-77.4632,39.82351],[-77.46449,39.83911],[-77.46519,39.85151],[-77.4656,39.85531],[-77.46799,39.88981],[-77.4698,39.91711],[-77.4704,39.92861],[-77.47079,39.93211],[-77.47079,39.94541],[-77.44769,39.96201],[-77.41859,39.98321],[-77.4026,39.99431],[-77.3977,39.99511],[-77.36009,40.00221],[-77.34679,40.00451],[-77.31599,40.01031],[-77.2831,40.01621],[-77.2762,40.01721],[-77.24619,40.02251],[-77.2417,40.02281],[-77.2327,40.02381],[-77.22919,40.02441],[-77.187,40.02971],[-77.1781,40.03701],[-77.16949,40.04491],[-77.1551,40.05671],[-77.13989,40.06771],[-77.1363,40.06951],[-77.1321,40.06901],[-77.127,40.06801],[-77.1246,40.06661],[-77.1069,40.06001],[-77.10429,40.05821],[-77.1017,40.05711],[-77.0929,40.05401],[-77.0892,40.05161],[-77.0845,40.04661],[-77.0808,40.04311],[-77.078,40.03741],[-77.073,40.03471],[-77.0713,40.03261],[-77.06989,40.03011],[-77.0676,40.02841],[-77.0639,40.02741],[-77.0599,40.02571],[-77.0574,40.02411],[-77.0537,40.02291],[-77.0466,40.02231],[-77.0434,40.02181],[-77.0327,40.01851],[-77.0263,40.01801],[-77.02029,40.01441],[-77.016,40.00961],[-77.0067,39.99461],[-76.99979,39.98421],[-76.9705,39.94121]]]}},{"type":"Feature","properties":{"state":"PA","zone":"021","cwa":"PBZ","name":"Allegheny","state_zone":"PA021"},"geometry":{"type":"Polygon","coordinates":[[[-79.6927,40.66951],[-79.6952,40.66521],[-79.6954,40.66161],[-79.6944,40.65861],[-79.69279,40.65641],[-79.6909,40.65331],[-79.6895,40.65031],[-79.6889,40.64751],[-79.6893,40.64251],[-79.6914,40.63831],[-79.6937,40.63511],[-79.6997,40.62861],[-79.7048,40.62581],[-79.709,40.62311],[-79.7111,40.62171],[-79.7137,40.61951],[-79.7157,40.61671],[-79.71709,40.61341],[-79.7215,40.60791],[-79.73309,40.60321],[-79.7411,40.60071],[-79.75459,40.59711],[-79.7575,40.59601],[-79.76289,40.59341],[-79.7705,40.58571],[-79.7744,40.56981],[-79.77209,40.56361],[-79.7655,40.55021],[-79.7615,40.55051],[-79.7587,40.55021],[-79.7513,40.55131],[-79.7485,40.55091],[-79.74239,40.54851],[-79.7389,40.54941],[-79.7355,40.54891],[-79.7315,40.54551],[-79.7214,40.54091],[-79.7192,40.53791],[-79.71539,40.53371],[-79.7103,40.53221],[-79.7084,40.53091],[-79.70699,40.52821],[-79.7018,40.52501],[-79.70219,40.51871],[-79.7021,40.48961],[-79.70229,40.48691],[-79.7025,40.47621],[-79.7037,40.44931],[-79.7039,40.43841],[-79.7044,40.43131],[-79.7049,40.42681],[-79.70679,40.42371],[-79.71,40.42081],[-79.7123,40.41911],[-79.71519,40.41771],[-79.7168,40.41511],[-79.71899,40.41441],[-79.7222,40.41501],[-79.7272,40.41311],[-79.7242,40.41111],[-79.722,40.40931],[-79.7277,40.40841],[-79.73,40.40781],[-79.73219,40.40011],[-79.7354,40.39901],[-79.7381,40.39851],[-79.73859,40.39581],[-79.7429,40.39691],[-79.74889,40.39131],[-79.75079,40.38881],[-79.754,40.38851],[-79.7607,40.39221],[-79.765,40.38971],[-79.7636,40.38641],[-79.7673,40.38121],[-79.7692,40.37801],[-79.7706,40.37491],[-79.77309,40.36321],[-79.77399,40.35811],[-79.7781,40.34111],[-79.78,40.33201],[-79.7857,40.30891],[-79.7878,40.29831],[-79.77489,40.28771],[-79.7754,40.28561],[-79.77859,40.28251],[-79.783,40.28161],[-79.7878,40.28181],[-79.7921,40.28161],[-79.7959,40.28041],[-79.79659,40.27811],[-79.7958,40.27431],[-79.7944,40.27121],[-79.78809,40.26351],[-79.78889,40.26011],[-79.79539,40.25381],[-79.797,40.25111],[-79.7981,40.24871],[-79.80009,40.24531],[-79.8035,40.24171],[-79.8055,40.24071],[-79.8064,40.23911],[-79.807,40.23711],[-79.80589,40.23341],[-79.7996,40.23081],[-79.78809,40.22841],[-79.7846,40.22741],[-79.78799,40.22561],[-79.7943,40.22341],[-79.8061,40.21931],[-79.8397,40.20831],[-79.85979,40.20121],[-79.86649,40.19771],[-79.8774,40.19711],[-79.8811,40.19671],[-79.8889,40.19491],[-79.8921,40.19441],[-79.8964,40.19451],[-79.9001,40.19511],[-79.91,40.19711],[-79.9138,40.19831],[-79.91679,40.19981],[-79.9241,40.20501],[-79.9276,40.20671],[-79.9371,40.20951],[-79.9402,40.21011],[-79.9442,40.21031],[-79.95,40.21151],[-79.953,40.21241],[-79.9556,40.21361],[-79.9593,40.21591],[-79.962,40.21811],[-79.9658,40.22151],[-79.9697,40.22591],[-79.97079,40.22891],[-79.9707,40.23141],[-79.9696,40.23361],[-79.9678,40.23551],[-79.9649,40.23761],[-79.9594,40.23971],[-79.95599,40.24051],[-79.9519,40.24091],[-79.9423,40.24141],[-79.9352,40.24201],[-79.92999,40.24331],[-79.9274,40.24421],[-79.9238,40.24581],[-79.92039,40.24751],[-79.9182,40.24881],[-79.9155,40.25141],[-79.9182,40.25371],[-79.95699,40.26541],[-79.9632,40.26701],[-79.97079,40.26921],[-79.9846,40.27351],[-80.0224,40.28451],[-80.0332,40.28791],[-80.047,40.29181],[-80.06799,40.29831],[-80.07259,40.29941],[-80.0808,40.30181],[-80.08289,40.30261],[-80.0869,40.30361],[-80.111,40.31061],[-80.1153,40.31211],[-80.14989,40.32241],[-80.182,40.33221],[-80.2011,40.34751],[-80.2288,40.37061],[-80.25919,40.39561],[-80.26399,40.39931],[-80.27689,40.41001],[-80.2864,40.41751],[-80.2916,40.42141],[-80.3143,40.44001],[-80.3511,40.46971],[-80.3615,40.47751],[-80.3582,40.47941],[-80.3243,40.50381],[-80.3044,40.51851],[-80.24609,40.55991],[-80.2333,40.56931],[-80.2269,40.57431],[-80.2242,40.57601],[-80.2223,40.57801],[-80.2194,40.57971],[-80.2177,40.58161],[-80.21359,40.58151],[-80.20969,40.58611],[-80.20679,40.58841],[-80.2009,40.59161],[-80.1946,40.59661],[-80.1879,40.59611],[-80.18539,40.59721],[-80.1878,40.60001],[-80.18449,40.60181],[-80.18379,40.60441],[-80.18159,40.60651],[-80.1794,40.60891],[-80.1747,40.60801],[-80.17239,40.60811],[-80.1703,40.60721],[-80.1672,40.60641],[-80.1645,40.60741],[-80.1617,40.60931],[-80.15839,40.60911],[-80.155,40.60841],[-80.1523,40.61031],[-80.15019,40.61211],[-80.1476,40.61241],[-80.1455,40.61351],[-80.14539,40.62161],[-80.1487,40.67381],[-80.1456,40.67441],[-80.1365,40.67401],[-80.1299,40.67431],[-80.12109,40.67431],[-80.1171,40.67411],[-80.1116,40.67421],[-80.06339,40.67401],[-80.0554,40.67411],[-80.0225,40.67361],[-79.9897,40.67361],[-79.96079,40.67231],[-79.9153,40.67321],[-79.869,40.67211],[-79.8517,40.67251],[-79.8445,40.67221],[-79.839,40.67171],[-79.8286,40.67111],[-79.81609,40.67181],[-79.8118,40.67221],[-79.80019,40.67181],[-79.7979,40.67191],[-79.7613,40.67051],[-79.7344,40.66921],[-79.7309,40.66921],[-79.7214,40.66971],[-79.7141,40.66991],[-79.6988,40.66991],[-79.6927,40.66951]]]}},{"type":"Feature","properties":{"state":"PA","zone":"022","cwa":"PBZ","name":"Armstrong","state_zone":"PA022"},"geometry":{"type":"Polygon","coordinates":[[[-79.21529,41.05041],[-79.2102,41.04861],[-79.2121,40.98731],[-79.2126,40.96621],[-79.21249,40.96231],[-79.2137,40.95231],[-79.2156,40.93961],[-79.21529,40.91181],[-79.21529,40.87511],[-79.2149,40.80541],[-79.2149,40.78881],[-79.21519,40.77601],[-79.2378,40.75191],[-79.24419,40.74551],[-79.2623,40.72621],[-79.2698,40.71851],[-79.3799,40.60181],[-79.3984,40.58311],[-79.4099,40.57121],[-79.4128,40.56841],[-79.42889,40.55181],[-79.4444,40.53611],[-79.45039,40.53081],[-79.4542,40.53371],[-79.45689,40.53431],[-79.4614,40.53421],[-79.4649,40.53391],[-79.4697,40.53261],[-79.47639,40.52991],[-79.4776,40.53211],[-79.47729,40.53571],[-79.48119,40.53701],[-79.4833,40.53621],[-79.4847,40.53451],[-79.48489,40.53061],[-79.4861,40.52791],[-79.48869,40.52611],[-79.4935,40.52501],[-79.4977,40.52641],[-79.4974,40.52911],[-79.4984,40.53121],[-79.5006,40.53311],[-79.5071,40.53721],[-79.51089,40.54171],[-79.51369,40.54261],[-79.5169,40.54211],[-79.51929,40.54151],[-79.5218,40.54131],[-79.5253,40.54201],[-79.52769,40.54331],[-79.5294,40.54541],[-79.5337,40.54861],[-79.5369,40.55071],[-79.5471,40.55551],[-79.55219,40.55841],[-79.55769,40.56121],[-79.56059,40.56341],[-79.5643,40.57141],[-79.5666,40.57491],[-79.5675,40.57781],[-79.5704,40.58391],[-79.5692,40.58691],[-79.56689,40.59181],[-79.56509,40.59431],[-79.5592,40.59741],[-79.5568,40.59921],[-79.5546,40.60061],[-79.5523,40.60161],[-79.5513,40.60391],[-79.5554,40.60511],[-79.5584,40.60511],[-79.5609,40.60591],[-79.5631,40.60711],[-79.56599,40.60791],[-79.5693,40.60721],[-79.5721,40.60511],[-79.575,40.60251],[-79.57899,40.60171],[-79.58199,40.60331],[-79.584,40.60731],[-79.584,40.61071],[-79.58549,40.61311],[-79.5888,40.61571],[-79.5892,40.61861],[-79.5888,40.62161],[-79.5886,40.62511],[-79.5871,40.62751],[-79.5849,40.63011],[-79.583,40.63391],[-79.5848,40.63681],[-79.5873,40.63651],[-79.5906,40.63481],[-79.5934,40.63231],[-79.5965,40.62831],[-79.59889,40.62611],[-79.6018,40.62471],[-79.6055,40.62471],[-79.6088,40.62601],[-79.60989,40.62831],[-79.6101,40.63051],[-79.6094,40.63351],[-79.60909,40.63811],[-79.6111,40.64201],[-79.6142,40.64401],[-79.6223,40.64581],[-79.62569,40.64731],[-79.62859,40.64871],[-79.6326,40.65161],[-79.63589,40.65451],[-79.6372,40.65931],[-79.637,40.66201],[-79.63779,40.66501],[-79.64069,40.66731],[-79.644,40.66881],[-79.6478,40.67001],[-79.65359,40.67241],[-79.65839,40.67601],[-79.6616,40.67781],[-79.66479,40.67911],[-79.66759,40.67981],[-79.67149,40.67821],[-79.6747,40.67491],[-79.6792,40.67211],[-79.6821,40.67131],[-79.6852,40.67101],[-79.6886,40.67011],[-79.6927,40.66951],[-79.6925,40.67301],[-79.6927,40.68081],[-79.6923,40.71681],[-79.68999,40.74021],[-79.6916,40.75131],[-79.69189,40.76371],[-79.69199,40.78761],[-79.69199,40.82061],[-79.6917,40.87511],[-79.6899,40.95701],[-79.6899,41.00281],[-79.69009,41.00971],[-79.6902,41.04061],[-79.6903,41.12021],[-79.6907,41.12501],[-79.6906,41.17061],[-79.6868,41.16711],[-79.683,41.16431],[-79.6805,41.16211],[-79.6795,41.15931],[-79.6803,41.15561],[-79.683,41.15201],[-79.6859,41.14891],[-79.6862,41.14521],[-79.6842,41.14231],[-79.68,41.13771],[-79.67899,41.13551],[-79.6785,41.13101],[-79.6797,41.12391],[-79.6791,41.11651],[-79.6796,41.11341],[-79.6805,41.11051],[-79.681,41.10611],[-79.68089,41.10271],[-79.6797,41.09311],[-79.67809,41.08841],[-79.6757,41.08431],[-79.674,41.08261],[-79.6712,41.08161],[-79.66399,41.07741],[-79.6615,41.07501],[-79.6591,41.07331],[-79.6561,41.06961],[-79.65559,41.06641],[-79.6581,41.06311],[-79.6635,41.06001],[-79.6655,41.05831],[-79.6669,41.05621],[-79.66699,41.05381],[-79.66669,41.05111],[-79.66579,41.04931],[-79.6634,41.04771],[-79.65939,41.04661],[-79.6545,41.04571],[-79.64999,41.04461],[-79.6448,41.04201],[-79.6395,41.03961],[-79.6365,41.03791],[-79.632,41.03701],[-79.62479,41.03491],[-79.619,41.03351],[-79.61549,41.03331],[-79.6097,41.03471],[-79.60519,41.03691],[-79.602,41.03701],[-79.5993,41.03531],[-79.5989,41.03271],[-79.5991,41.03011],[-79.6008,41.02511],[-79.6026,41.02091],[-79.60419,41.01811],[-79.6064,41.01581],[-79.6086,41.01261],[-79.6097,41.00971],[-79.6093,41.00701],[-79.6068,41.00521],[-79.5998,41.00531],[-79.59489,41.00481],[-79.5889,41.00351],[-79.5869,41.00261],[-79.58379,41.00011],[-79.5824,40.99851],[-79.5814,40.99551],[-79.5833,40.99241],[-79.5868,40.99141],[-79.59589,40.99411],[-79.6001,40.99461],[-79.6041,40.99461],[-79.60789,40.99391],[-79.61179,40.99251],[-79.6162,40.99051],[-79.6204,40.98761],[-79.62299,40.98541],[-79.62399,40.98241],[-79.624,40.97881],[-79.6227,40.97681],[-79.62019,40.97511],[-79.6181,40.97421],[-79.6128,40.97321],[-79.6065,40.97101],[-79.6018,40.96961],[-79.597,40.96851],[-79.59489,40.96851],[-79.5924,40.96901],[-79.59029,40.97001],[-79.58829,40.97221],[-79.5843,40.97711],[-79.5816,40.97991],[-79.57729,40.98311],[-79.57529,40.98421],[-79.5722,40.98541],[-79.5703,40.98571],[-79.5656,40.98581],[-79.5608,40.98531],[-79.55679,40.98361],[-79.55399,40.98181],[-79.55209,40.98031],[-79.5499,40.98191],[-79.5444,40.98311],[-79.5421,40.98451],[-79.5397,40.98441],[-79.5378,40.98171],[-79.53519,40.98011],[-79.531,40.97931],[-79.5279,40.97811],[-79.52499,40.97591],[-79.5225,40.97521],[-79.5154,40.97811],[-79.5154,40.98111],[-79.51759,40.98351],[-79.5154,40.98671],[-79.5122,40.98641],[-79.5102,40.98511],[-79.5074,40.98381],[-79.5065,40.98041],[-79.50449,40.97701],[-79.5006,40.97701],[-79.49799,40.97721],[-79.49339,40.97881],[-79.49319,40.98141],[-79.49429,40.98611],[-79.4909,40.99181],[-79.4898,40.99401],[-79.488,40.99571],[-79.4847,40.99491],[-79.47929,40.99461],[-79.4753,40.99521],[-79.4714,40.99441],[-79.4682,40.99311],[-79.4647,40.99071],[-79.4617,40.99031],[-79.4571,40.99161],[-79.4553,40.98971],[-79.45699,40.98691],[-79.4593,40.98611],[-79.4612,40.98361],[-79.45509,40.98241],[-79.451,40.98201],[-79.4489,40.98281],[-79.4461,40.98551],[-79.4434,40.98721],[-79.4405,40.98751],[-79.43719,40.98721],[-79.42979,40.98591],[-79.4267,40.98721],[-79.42509,40.98931],[-79.4238,40.99181],[-79.42259,40.99541],[-79.42159,40.99961],[-79.421,41.00351],[-79.41869,41.00481],[-79.416,41.00591],[-79.41309,41.00821],[-79.4099,41.00671],[-79.4116,41.00361],[-79.4143,41.00011],[-79.41209,40.99861],[-79.4081,40.99931],[-79.4035,40.99861],[-79.4039,40.99121],[-79.40179,40.98951],[-79.3992,40.98931],[-79.3974,40.99071],[-79.3969,40.99291],[-79.3939,40.99461],[-79.38989,40.99381],[-79.3845,40.99531],[-79.3819,40.99551],[-79.3782,40.99421],[-79.37869,40.99061],[-79.382,40.99041],[-79.3857,40.98891],[-79.38519,40.98621],[-79.3821,40.98531],[-79.3791,40.98571],[-79.37669,40.98571],[-79.3746,40.98431],[-79.3768,40.98221],[-79.3798,40.98051],[-79.3816,40.97801],[-79.382,40.97451],[-79.3816,40.97051],[-79.37859,40.96871],[-79.37479,40.96891],[-79.37209,40.97141],[-79.3699,40.97671],[-79.3714,40.98141],[-79.3722,40.98501],[-79.37199,40.98691],[-79.37129,40.99011],[-79.37,40.99261],[-79.3686,40.99451],[-79.3671,40.99821],[-79.36539,41.00161],[-79.36279,41.00331],[-79.36089,41.00361],[-79.35899,41.00261],[-79.35699,41.00041],[-79.3528,40.99971],[-79.3473,40.99801],[-79.3444,40.99911],[-79.34119,41.00171],[-79.33929,41.00231],[-79.33659,41.00181],[-79.3344,40.99971],[-79.3322,40.99991],[-79.3303,41.00041],[-79.3241,41.00101],[-79.31979,41.00181],[-79.31699,41.00271],[-79.31229,41.00671],[-79.3069,41.01011],[-79.30379,41.01271],[-79.3008,41.01281],[-79.2988,41.01171],[-79.2952,41.01161],[-79.2924,41.01031],[-79.2857,41.00921],[-79.2835,41.00961],[-79.2812,41.01071],[-79.2773,41.01451],[-79.27509,41.01691],[-79.2717,41.01821],[-79.2691,41.01941],[-79.26659,41.02191],[-79.2641,41.02501],[-79.2624,41.02751],[-79.2599,41.02981],[-79.2566,41.03101],[-79.2511,41.03261],[-79.24799,41.03401],[-79.2455,41.03491],[-79.2419,41.03581],[-79.2375,41.04111],[-79.2352,41.04321],[-79.23209,41.04501],[-79.23019,41.04591],[-79.2259,41.04701],[-79.2226,41.04751],[-79.2195,41.04841],[-79.2176,41.04961],[-79.21529,41.05041]]]}},{"type":"Feature","properties":{"state":"PA","zone":"020","cwa":"PBZ","name":"Beaver","state_zone":"PA020"},"geometry":{"type":"Polygon","coordinates":[[[-80.15849,40.85421],[-80.1577,40.83691],[-80.1573,40.83251],[-80.1566,40.81861],[-80.1568,40.81481],[-80.155,40.78721],[-80.1544,40.77641],[-80.1544,40.77181],[-80.15279,40.74821],[-80.1511,40.71311],[-80.1504,40.70681],[-80.14999,40.69631],[-80.1487,40.67381],[-80.14539,40.62161],[-80.1455,40.61351],[-80.1476,40.61241],[-80.15019,40.61211],[-80.1523,40.61031],[-80.155,40.60841],[-80.15839,40.60911],[-80.1617,40.60931],[-80.1645,40.60741],[-80.1672,40.60641],[-80.1703,40.60721],[-80.17239,40.60811],[-80.1747,40.60801],[-80.1794,40.60891],[-80.18159,40.60651],[-80.18379,40.60441],[-80.18449,40.60181],[-80.1878,40.60001],[-80.18539,40.59721],[-80.1879,40.59611],[-80.1946,40.59661],[-80.2009,40.59161],[-80.20679,40.58841],[-80.20969,40.58611],[-80.21359,40.58151],[-80.2177,40.58161],[-80.2194,40.57971],[-80.2223,40.57801],[-80.2242,40.57601],[-80.2269,40.57431],[-80.2333,40.56931],[-80.24609,40.55991],[-80.3044,40.51851],[-80.3243,40.50381],[-80.3582,40.47941],[-80.3615,40.47751],[-80.3937,40.47731],[-80.4426,40.47781],[-80.4665,40.47731],[-80.491,40.47751],[-80.519,40.47741],[-80.5189,40.51461],[-80.5191,40.51771],[-80.5189,40.52101],[-80.5192,40.53371],[-80.5191,40.55191],[-80.5189,40.55931],[-80.5191,40.59011],[-80.519,40.63431],[-80.5202,40.63791],[-80.519,40.64271],[-80.519,40.85001],[-80.5095,40.85151],[-80.4861,40.85161],[-80.4225,40.85231],[-80.4166,40.85221],[-80.40829,40.85241],[-80.37309,40.85271],[-80.3642,40.85261],[-80.3305,40.85291],[-80.32639,40.85311],[-80.2922,40.85361],[-80.2119,40.85441],[-80.17979,40.85461],[-80.15849,40.85421]]]}},{"type":"Feature","properties":{"state":"PA","zone":"034","cwa":"CTP","name":"Bedford","state_zone":"PA034"},"geometry":{"type":"Polygon","coordinates":[[[-78.2567,40.29881],[-78.2533,40.28361],[-78.24899,40.26791],[-78.244,40.25011],[-78.23689,40.22681],[-78.2361,40.22461],[-78.2305,40.22121],[-78.22739,40.21951],[-78.1814,40.19251],[-78.14059,40.16881],[-78.1372,40.16681],[-78.1346,40.16491],[-78.13969,40.15611],[-78.1569,40.12511],[-78.15829,40.12221],[-78.18829,40.10181],[-78.1974,40.09431],[-78.20509,40.08581],[-78.2036,40.08251],[-78.2036,40.07921],[-78.20429,40.07581],[-78.2047,40.07261],[-78.2029,40.06951],[-78.19939,40.06771],[-78.19659,40.06701],[-78.1934,40.06681],[-78.1896,40.06611],[-78.187,40.06421],[-78.1853,40.06081],[-78.183,40.05931],[-78.1813,40.05841],[-78.1822,40.05461],[-78.1839,40.05081],[-78.18719,40.04781],[-78.19099,40.04681],[-78.1972,40.04641],[-78.19939,40.04571],[-78.2026,40.04341],[-78.2047,40.04101],[-78.2055,40.03671],[-78.2049,40.03261],[-78.20319,40.03031],[-78.2027,40.02711],[-78.2029,40.02401],[-78.2035,40.02091],[-78.2036,40.01731],[-78.2016,40.01411],[-78.2091,40.00501],[-78.21339,40.00011],[-78.2159,39.99761],[-78.21899,39.99401],[-78.22369,39.98641],[-78.22549,39.98321],[-78.2309,39.97141],[-78.23389,39.96591],[-78.2353,39.96281],[-78.2372,39.95831],[-78.2382,39.95531],[-78.2392,39.95091],[-78.241,39.94791],[-78.2434,39.94591],[-78.24969,39.93611],[-78.2673,39.90331],[-78.2689,39.90001],[-78.2702,39.89341],[-78.271,39.89131],[-78.2719,39.88921],[-78.27579,39.88231],[-78.27699,39.87981],[-78.27789,39.87741],[-78.2794,39.87191],[-78.281,39.86731],[-78.28439,39.85931],[-78.2873,39.85141],[-78.28989,39.84601],[-78.291,39.84261],[-78.29269,39.83861],[-78.299,39.82521],[-78.3173,39.80001],[-78.3201,39.79671],[-78.322,39.79481],[-78.323,39.79211],[-78.3257,39.78701],[-78.3275,39.78411],[-78.3286,39.78131],[-78.334,39.77551],[-78.3373,39.77161],[-78.3416,39.76541],[-78.3436,39.76171],[-78.346,39.75911],[-78.3489,39.75661],[-78.3519,39.75371],[-78.3632,39.74141],[-78.37119,39.73141],[-78.3744,39.72781],[-78.38029,39.72271],[-78.40749,39.72281],[-78.4257,39.72251],[-78.43749,39.72251],[-78.4454,39.72281],[-78.4683,39.72291],[-78.50809,39.72281],[-78.5181,39.72261],[-78.5377,39.72251],[-78.5466,39.72291],[-78.5759,39.72251],[-78.62469,39.72291],[-78.66599,39.72301],[-78.7771,39.72291],[-78.7958,39.72291],[-78.808,39.72321],[-78.8064,39.72641],[-78.80479,39.72891],[-78.8034,39.73191],[-78.8019,39.73461],[-78.7989,39.73841],[-78.797,39.74121],[-78.7953,39.74481],[-78.7923,39.74951],[-78.7914,39.75161],[-78.781,39.77161],[-78.77129,39.78931],[-78.7692,39.79141],[-78.767,39.79541],[-78.7653,39.79991],[-78.75729,39.82351],[-78.7584,39.85951],[-78.758,39.86661],[-78.75839,39.87511],[-78.7585,39.88261],[-78.7594,39.90321],[-78.75919,39.91091],[-78.7596,39.93261],[-78.76099,39.98671],[-78.76089,39.99981],[-78.7614,40.00411],[-78.7615,40.01181],[-78.7623,40.01461],[-78.76299,40.03671],[-78.7632,40.05681],[-78.76199,40.05901],[-78.7562,40.06841],[-78.75079,40.07451],[-78.7411,40.07021],[-78.73759,40.07471],[-78.72279,40.10781],[-78.7212,40.11181],[-78.69869,40.16141],[-78.67699,40.21121],[-78.66109,40.23211],[-78.6582,40.24331],[-78.644,40.25941],[-78.65189,40.28171],[-78.643,40.28341],[-78.63879,40.29741],[-78.6354,40.30951],[-78.6252,40.32001],[-78.62029,40.32721],[-78.6149,40.32491],[-78.53159,40.29291],[-78.52889,40.29201],[-78.50529,40.28701],[-78.49969,40.28301],[-78.4537,40.24801],[-78.44759,40.24481],[-78.44469,40.25201],[-78.4437,40.25531],[-78.44299,40.25901],[-78.4424,40.26561],[-78.4423,40.27521],[-78.44199,40.27861],[-78.4407,40.28191],[-78.43999,40.28471],[-78.4379,40.29081],[-78.4366,40.29401],[-78.43459,40.30131],[-78.42619,40.29881],[-78.3745,40.27691],[-78.29169,40.24491],[-78.2877,40.24581],[-78.2864,40.24941],[-78.2847,40.25321],[-78.2831,40.25571],[-78.2799,40.25921],[-78.27499,40.26571],[-78.2729,40.26901],[-78.2702,40.27451],[-78.26749,40.27841],[-78.2598,40.29461],[-78.2586,40.29651],[-78.2567,40.29881]]]}},{"type":"Feature","properties":{"state":"PA","zone":"060","cwa":"PHI","name":"Berks","state_zone":"PA060"},"geometry":{"type":"Polygon","coordinates":[[[-75.7361,40.57801],[-75.6999,40.55471],[-75.675,40.53891],[-75.66859,40.53511],[-75.66139,40.53031],[-75.6392,40.51631],[-75.6207,40.50431],[-75.61469,40.50011],[-75.60059,40.49161],[-75.5972,40.48931],[-75.5799,40.47871],[-75.53049,40.44771],[-75.534,40.44191],[-75.5376,40.43701],[-75.5714,40.39551],[-75.5878,40.37511],[-75.6047,40.35501],[-75.6264,40.32791],[-75.6653,40.28041],[-75.671,40.27291],[-75.6748,40.26861],[-75.67789,40.26451],[-75.69659,40.24171],[-75.7009,40.23961],[-75.7314,40.22351],[-75.7345,40.22171],[-75.738,40.22001],[-75.7621,40.20741],[-75.79259,40.18771],[-75.8419,40.15641],[-75.86819,40.14051],[-75.8709,40.13871],[-75.8746,40.13721],[-75.882,40.14271],[-75.8946,40.15081],[-75.896,40.15191],[-75.89799,40.15301],[-75.9154,40.16451],[-75.9276,40.17221],[-75.94839,40.18601],[-75.97849,40.20531],[-75.98119,40.20721],[-75.9835,40.20851],[-75.9947,40.21591],[-76.0419,40.24581],[-76.0795,40.27001],[-76.0885,40.27561],[-76.1141,40.29201],[-76.11729,40.29391],[-76.13979,40.30841],[-76.1497,40.31451],[-76.1517,40.31591],[-76.16209,40.32441],[-76.17319,40.33381],[-76.2055,40.36061],[-76.2319,40.36631],[-76.2588,40.38291],[-76.2933,40.40451],[-76.30219,40.41041],[-76.3191,40.42061],[-76.32819,40.42671],[-76.3345,40.43041],[-76.40479,40.47421],[-76.4218,40.48451],[-76.4387,40.49591],[-76.4235,40.49551],[-76.42039,40.49571],[-76.4163,40.49631],[-76.41309,40.49731],[-76.4089,40.49811],[-76.40549,40.49911],[-76.39899,40.50131],[-76.395,40.50231],[-76.39149,40.50361],[-76.3881,40.50451],[-76.3852,40.50551],[-76.37849,40.50611],[-76.37589,40.50681],[-76.3722,40.50851],[-76.3698,40.50941],[-76.3669,40.50991],[-76.3563,40.51061],[-76.3474,40.51271],[-76.34489,40.51311],[-76.342,40.51411],[-76.3389,40.51541],[-76.33549,40.51571],[-76.3325,40.51571],[-76.32929,40.51551],[-76.3252,40.51441],[-76.32159,40.51441],[-76.3182,40.51521],[-76.3137,40.51591],[-76.309,40.51561],[-76.3014,40.51481],[-76.2935,40.51551],[-76.2866,40.51581],[-76.27769,40.51681],[-76.27399,40.51741],[-76.2697,40.51741],[-76.26299,40.51681],[-76.2584,40.51691],[-76.25449,40.51751],[-76.2458,40.51961],[-76.2422,40.52001],[-76.2347,40.52181],[-76.2318,40.52381],[-76.224,40.52701],[-76.2183,40.52901],[-76.2159,40.52911],[-76.2132,40.52951],[-76.2104,40.52951],[-76.2054,40.53041],[-76.1982,40.53111],[-76.1955,40.53191],[-76.1917,40.53391],[-76.188,40.53531],[-76.1851,40.53561],[-76.1721,40.53511],[-76.1653,40.53971],[-76.1601,40.54051],[-76.1554,40.54501],[-76.144,40.54961],[-76.14159,40.55011],[-76.1368,40.55151],[-76.13319,40.55411],[-76.12859,40.55531],[-76.12469,40.55601],[-76.1216,40.55741],[-76.1153,40.55911],[-76.11179,40.56051],[-76.1065,40.56201],[-76.1022,40.56241],[-76.0992,40.56311],[-76.0942,40.56391],[-76.0862,40.56491],[-76.0794,40.56611],[-76.0658,40.57921],[-76.06219,40.57971],[-76.0587,40.57921],[-76.0571,40.57581],[-76.05389,40.57421],[-76.05019,40.57581],[-76.0471,40.58181],[-76.04379,40.58391],[-76.0402,40.58341],[-76.03719,40.58051],[-76.0337,40.57771],[-76.0285,40.57831],[-76.02579,40.57841],[-76.02229,40.57471],[-76.0181,40.57401],[-76.0164,40.57651],[-76.0136,40.57791],[-76.00999,40.58791],[-76.0049,40.60451],[-75.99319,40.63971],[-75.9703,40.64831],[-75.90739,40.67131],[-75.891,40.67751],[-75.86909,40.66271],[-75.8578,40.65531],[-75.84949,40.65011],[-75.8256,40.63391],[-75.8148,40.62711],[-75.8119,40.62511],[-75.8065,40.62191],[-75.8006,40.61811],[-75.78519,40.60861],[-75.7735,40.60111],[-75.7495,40.58611],[-75.7361,40.57801]]]}},{"type":"Feature","properties":{"state":"PA","zone":"025","cwa":"CTP","name":"Blair","state_zone":"PA025"},"geometry":{"type":"Polygon","coordinates":[[[-78.1168,40.73901],[-78.1189,40.73721],[-78.1215,40.73571],[-78.127,40.73171],[-78.13799,40.72491],[-78.1451,40.72131],[-78.1487,40.71991],[-78.1524,40.71871],[-78.15569,40.71711],[-78.1557,40.71441],[-78.1581,40.71241],[-78.1608,40.71181],[-78.1628,40.71201],[-78.16409,40.71351],[-78.1688,40.71281],[-78.1746,40.71011],[-78.18279,40.70571],[-78.18919,40.70131],[-78.19119,40.70031],[-78.19579,40.69711],[-78.1999,40.69851],[-78.2024,40.69761],[-78.2049,40.69551],[-78.2071,40.69321],[-78.2095,40.69141],[-78.2148,40.68581],[-78.2178,40.68171],[-78.22169,40.67511],[-78.2207,40.67311],[-78.2138,40.66551],[-78.2074,40.65681],[-78.20589,40.65501],[-78.2027,40.65291],[-78.19849,40.64841],[-78.1972,40.64481],[-78.1963,40.64141],[-78.1963,40.63891],[-78.19189,40.63821],[-78.1902,40.63561],[-78.18909,40.63291],[-78.186,40.63181],[-78.1833,40.63031],[-78.18169,40.62881],[-78.1784,40.62711],[-78.17519,40.62811],[-78.1726,40.62741],[-78.17149,40.62411],[-78.1698,40.62121],[-78.16779,40.61921],[-78.16869,40.61631],[-78.18369,40.59531],[-78.1801,40.59351],[-78.1786,40.59041],[-78.17789,40.58751],[-78.1783,40.58381],[-78.1833,40.57691],[-78.186,40.57371],[-78.1878,40.57071],[-78.19109,40.56611],[-78.19379,40.56271],[-78.1965,40.55881],[-78.1945,40.55611],[-78.19289,40.55441],[-78.18999,40.55181],[-78.18739,40.54841],[-78.186,40.54491],[-78.1823,40.54161],[-78.18069,40.53961],[-78.1785,40.53741],[-78.1762,40.53451],[-78.17339,40.53451],[-78.17049,40.53371],[-78.16689,40.53171],[-78.1637,40.53521],[-78.1618,40.53701],[-78.1579,40.53801],[-78.155,40.54031],[-78.1523,40.54071],[-78.15009,40.54131],[-78.1492,40.54351],[-78.1492,40.54611],[-78.1461,40.54801],[-78.145,40.55051],[-78.1448,40.55361],[-78.1418,40.55611],[-78.14,40.55841],[-78.1375,40.56581],[-78.1357,40.56931],[-78.133,40.57021],[-78.1307,40.56921],[-78.1289,40.56791],[-78.1325,40.56301],[-78.1344,40.55911],[-78.1391,40.55111],[-78.1403,40.54531],[-78.1455,40.53681],[-78.1468,40.53411],[-78.14809,40.52961],[-78.1493,40.52391],[-78.15079,40.50951],[-78.1521,40.50481],[-78.15359,40.49691],[-78.15379,40.49301],[-78.15359,40.48931],[-78.15099,40.48691],[-78.1452,40.48991],[-78.1405,40.49321],[-78.1357,40.49611],[-78.13319,40.49541],[-78.1318,40.49311],[-78.1308,40.49081],[-78.12949,40.48921],[-78.12949,40.48571],[-78.1301,40.48271],[-78.13419,40.47321],[-78.1423,40.45971],[-78.14899,40.44891],[-78.15189,40.44501],[-78.15549,40.43851],[-78.157,40.43621],[-78.16019,40.43271],[-78.16859,40.42141],[-78.17139,40.41721],[-78.1738,40.41431],[-78.17799,40.40861],[-78.1819,40.40471],[-78.18629,40.39991],[-78.1889,40.39581],[-78.1912,40.39151],[-78.1969,40.38351],[-78.1992,40.38051],[-78.2039,40.37501],[-78.2055,40.37271],[-78.2067,40.37001],[-78.209,40.36711],[-78.21049,40.36371],[-78.2113,40.36141],[-78.21249,40.35891],[-78.2142,40.35631],[-78.21629,40.35391],[-78.2196,40.35071],[-78.2223,40.34831],[-78.2241,40.34701],[-78.2316,40.33891],[-78.236,40.33321],[-78.2457,40.31861],[-78.2475,40.31611],[-78.2502,40.31161],[-78.2567,40.29881],[-78.2586,40.29651],[-78.2598,40.29461],[-78.26749,40.27841],[-78.2702,40.27451],[-78.2729,40.26901],[-78.27499,40.26571],[-78.2799,40.25921],[-78.2831,40.25571],[-78.2847,40.25321],[-78.2864,40.24941],[-78.2877,40.24581],[-78.29169,40.24491],[-78.3745,40.27691],[-78.42619,40.29881],[-78.43459,40.30131],[-78.4366,40.29401],[-78.4379,40.29081],[-78.43999,40.28471],[-78.4407,40.28191],[-78.44199,40.27861],[-78.4423,40.27521],[-78.4424,40.26561],[-78.44299,40.25901],[-78.4437,40.25531],[-78.44469,40.25201],[-78.44759,40.24481],[-78.4537,40.24801],[-78.49969,40.28301],[-78.50529,40.28701],[-78.52889,40.29201],[-78.53159,40.29291],[-78.6149,40.32491],[-78.62029,40.32721],[-78.60249,40.35281],[-78.56409,40.37061],[-78.55309,40.42981],[-78.5591,40.43811],[-78.5547,40.44921],[-78.5515,40.45591],[-78.54919,40.45971],[-78.54819,40.46201],[-78.5462,40.46421],[-78.5435,40.46671],[-78.542,40.46971],[-78.5412,40.47291],[-78.5403,40.47561],[-78.542,40.47911],[-78.5444,40.48281],[-78.54469,40.48561],[-78.544,40.48951],[-78.5412,40.49841],[-78.5396,40.50641],[-78.5303,40.51901],[-78.5225,40.52361],[-78.5181,40.52891],[-78.51199,40.53141],[-78.49879,40.53871],[-78.4958,40.54021],[-78.48669,40.54081],[-78.48479,40.54221],[-78.47459,40.55431],[-78.472,40.55771],[-78.46339,40.56971],[-78.44959,40.58851],[-78.44109,40.60071],[-78.44669,40.62081],[-78.4474,40.62391],[-78.4454,40.62751],[-78.44199,40.63021],[-78.4407,40.63451],[-78.4403,40.63851],[-78.4414,40.64141],[-78.4398,40.64481],[-78.43719,40.64661],[-78.43439,40.64721],[-78.43159,40.64761],[-78.4282,40.64701],[-78.42429,40.64761],[-78.4201,40.64681],[-78.41669,40.64551],[-78.41129,40.64471],[-78.4087,40.64471],[-78.40199,40.65291],[-78.38419,40.67581],[-78.3484,40.72341],[-78.3507,40.72501],[-78.3629,40.73331],[-78.25639,40.73791],[-78.23489,40.73901],[-78.1321,40.74341],[-78.12469,40.74161],[-78.1168,40.73901]]]}},{"type":"Feature","properties":{"state":"PA","zone":"038","cwa":"BGM","name":"Bradford","state_zone":"PA038"},"geometry":{"type":"Polygon","coordinates":[[[-76.8699,42.00191],[-76.8211,42.00181],[-76.8128,42.00161],[-76.7474,42.00171],[-76.6414,42.00081],[-76.6218,42.00051],[-76.5728,42.00021],[-76.55849,42.00031],[-76.52419,41.99971],[-76.4864,41.99941],[-76.4454,41.99871],[-76.3788,41.99841],[-76.24969,41.99831],[-76.1469,41.99871],[-76.14629,41.99381],[-76.1449,41.97851],[-76.13789,41.91221],[-76.13589,41.89161],[-76.1344,41.88021],[-76.13309,41.85971],[-76.1318,41.84691],[-76.12469,41.76981],[-76.1242,41.76611],[-76.1228,41.75081],[-76.1218,41.73871],[-76.1215,41.73221],[-76.1193,41.70621],[-76.119,41.69971],[-76.1177,41.68371],[-76.11549,41.65221],[-76.1358,41.65071],[-76.18649,41.64771],[-76.1989,41.64681],[-76.20049,41.64441],[-76.2016,41.64171],[-76.2018,41.63881],[-76.2016,41.63531],[-76.2006,41.63231],[-76.201,41.62871],[-76.2019,41.62511],[-76.2026,41.62091],[-76.2184,41.54881],[-76.22079,41.54211],[-76.2425,41.54361],[-76.3612,41.55321],[-76.4231,41.55791],[-76.4946,41.56371],[-76.5795,41.57011],[-76.61929,41.57341],[-76.74969,41.58321],[-76.8138,41.59021],[-76.8575,41.59491],[-76.87469,41.59691],[-76.8777,41.62041],[-76.8792,41.63411],[-76.8806,41.64441],[-76.8836,41.66911],[-76.884,41.67381],[-76.88789,41.70421],[-76.8899,41.71861],[-76.891,41.72911],[-76.89359,41.74521],[-76.8938,41.74961],[-76.8952,41.76421],[-76.8967,41.77491],[-76.89809,41.78771],[-76.89899,41.79901],[-76.8994,41.80721],[-76.9021,41.82451],[-76.90369,41.83351],[-76.9051,41.84561],[-76.9161,41.92381],[-76.92599,41.99581],[-76.9266,42.00121],[-76.9219,42.00171],[-76.8699,42.00191]]]}},{"type":"Feature","properties":{"state":"PA","zone":"105","cwa":"PHI","name":"Upper Bucks","state_zone":"PA105"},"geometry":{"type":"Polygon","coordinates":[[[-75.17039,40.56431],[-75.1674,40.56411],[-75.1635,40.56411],[-75.15939,40.56481],[-75.1545,40.56801],[-75.1526,40.56991],[-75.14999,40.57161],[-75.14639,40.57361],[-75.1437,40.57471],[-75.1412,40.57541],[-75.1373,40.57571],[-75.1328,40.57531],[-75.12469,40.57421],[-75.1224,40.57411],[-75.1185,40.57351],[-75.11089,40.57071],[-75.1053,40.56891],[-75.09969,40.56751],[-75.0963,40.56501],[-75.08859,40.55771],[-75.0845,40.55441],[-75.0831,40.55291],[-75.0778,40.54801],[-75.0712,40.54411],[-75.0685,40.54201],[-75.0672,40.53971],[-75.06609,40.53561],[-75.0656,40.53231],[-75.06499,40.52691],[-75.0652,40.52451],[-75.0657,40.52181],[-75.06599,40.51071],[-75.0652,40.50471],[-75.0643,40.50051],[-75.0631,40.49631],[-75.06239,40.49171],[-75.0619,40.48651],[-75.06219,40.48151],[-75.0647,40.47641],[-75.0677,40.47211],[-75.06779,40.46841],[-75.0672,40.46551],[-75.0703,40.45581],[-75.0692,40.45211],[-75.06799,40.44961],[-75.0666,40.44591],[-75.0646,40.43791],[-75.0626,40.43241],[-75.0616,40.42371],[-75.0606,40.42131],[-75.0591,40.41861],[-75.05769,40.41691],[-75.0554,40.41591],[-75.0526,40.41511],[-75.0495,40.41471],[-75.04649,40.41381],[-75.0439,40.41241],[-75.04113,40.41002],[-75.04269,40.4093],[-75.05426,40.40032],[-75.05875,40.39284],[-75.06939,40.38834],[-75.07866,40.38001],[-75.08379,40.37739],[-75.08974,40.37459],[-75.0941,40.36967],[-75.0975,40.36555],[-75.11079,40.3521],[-75.11591,40.3456],[-75.12397,40.33769],[-75.12721,40.33229],[-75.12821,40.33012],[-75.12655,40.32266],[-75.13498,40.3313],[-75.1451,40.33716],[-75.1492,40.33721],[-75.15515,40.33477],[-75.16173,40.3306],[-75.16742,40.32488],[-75.17645,40.31819],[-75.18176,40.31505],[-75.18328,40.30705],[-75.19586,40.29728],[-75.19707,40.29003],[-75.19142,40.28064],[-75.19511,40.27598],[-75.19994,40.27127],[-75.21308,40.2617],[-75.21715,40.25935],[-75.2309,40.26731],[-75.2338,40.26931],[-75.238,40.27151],[-75.24699,40.27691],[-75.2539,40.28051],[-75.25629,40.28231],[-75.2624,40.28581],[-75.29649,40.30631],[-75.3101,40.31471],[-75.3378,40.33111],[-75.351,40.33931],[-75.37869,40.35541],[-75.38609,40.36011],[-75.3901,40.36231],[-75.4088,40.37371],[-75.4135,40.37631],[-75.41669,40.37851],[-75.4211,40.38101],[-75.42599,40.38471],[-75.4562,40.40251],[-75.4831,40.41811],[-75.4791,40.42311],[-75.4637,40.43731],[-75.4427,40.45741],[-75.41489,40.48351],[-75.4099,40.48801],[-75.4025,40.49251],[-75.39069,40.50031],[-75.38599,40.50321],[-75.38059,40.50611],[-75.37119,40.51251],[-75.3669,40.51521],[-75.3632,40.51791],[-75.3578,40.52131],[-75.346,40.52931],[-75.3341,40.53691],[-75.3317,40.53821],[-75.30849,40.55321],[-75.3019,40.55701],[-75.2934,40.56231],[-75.2819,40.56911],[-75.2682,40.57701],[-75.2579,40.58211],[-75.25249,40.58411],[-75.24879,40.58601],[-75.2459,40.58701],[-75.24339,40.58811],[-75.23959,40.59021],[-75.2315,40.59321],[-75.2141,40.60121],[-75.1988,40.60771],[-75.19669,40.60831],[-75.1946,40.60531],[-75.1924,40.60261],[-75.19189,40.59861],[-75.19119,40.59491],[-75.19009,40.59251],[-75.19009,40.58981],[-75.1909,40.58691],[-75.1932,40.58421],[-75.1946,40.58211],[-75.195,40.57981],[-75.1936,40.57591],[-75.1917,40.57381],[-75.1896,40.57211],[-75.18729,40.56991],[-75.18449,40.56811],[-75.1824,40.56721],[-75.17889,40.56601],[-75.17429,40.56491],[-75.17039,40.56431]]]}},{"type":"Feature","properties":{"state":"PA","zone":"014","cwa":"PBZ","name":"Butler","state_zone":"PA014"},"geometry":{"type":"Polygon","coordinates":[[[-79.6906,41.17061],[-79.6907,41.12501],[-79.6903,41.12021],[-79.6902,41.04061],[-79.69009,41.00971],[-79.6899,41.00281],[-79.6899,40.95701],[-79.6917,40.87511],[-79.69199,40.82061],[-79.69199,40.78761],[-79.69189,40.76371],[-79.6916,40.75131],[-79.68999,40.74021],[-79.6923,40.71681],[-79.6927,40.68081],[-79.6925,40.67301],[-79.6927,40.66951],[-79.6988,40.66991],[-79.7141,40.66991],[-79.7214,40.66971],[-79.7309,40.66921],[-79.7344,40.66921],[-79.7613,40.67051],[-79.7979,40.67191],[-79.80019,40.67181],[-79.8118,40.67221],[-79.81609,40.67181],[-79.8286,40.67111],[-79.839,40.67171],[-79.8445,40.67221],[-79.8517,40.67251],[-79.869,40.67211],[-79.9153,40.67321],[-79.96079,40.67231],[-79.9897,40.67361],[-80.0225,40.67361],[-80.0554,40.67411],[-80.06339,40.67401],[-80.1116,40.67421],[-80.1171,40.67411],[-80.12109,40.67431],[-80.1299,40.67431],[-80.1365,40.67401],[-80.1456,40.67441],[-80.1487,40.67381],[-80.14999,40.69631],[-80.1504,40.70681],[-80.1511,40.71311],[-80.15279,40.74821],[-80.1544,40.77181],[-80.1544,40.77641],[-80.155,40.78721],[-80.1568,40.81481],[-80.1566,40.81861],[-80.1573,40.83251],[-80.1577,40.83691],[-80.15849,40.85421],[-80.1595,40.87271],[-80.1597,40.88121],[-80.1624,40.93501],[-80.16489,40.99591],[-80.1652,41.00001],[-80.16119,41.00451],[-80.1261,41.03891],[-80.1,41.06631],[-80.09769,41.06941],[-80.08739,41.07911],[-80.08199,41.08501],[-80.07439,41.09231],[-80.0681,41.09901],[-80.0471,41.12061],[-79.99979,41.17181],[-79.98769,41.17191],[-79.9584,41.17161],[-79.9544,41.17181],[-79.93459,41.17181],[-79.9058,41.17211],[-79.8639,41.17281],[-79.80479,41.17321],[-79.7678,41.17271],[-79.7188,41.17261],[-79.70519,41.17281],[-79.69759,41.17341],[-79.6946,41.17291],[-79.6927,41.17221],[-79.6906,41.17061]]]}},{"type":"Feature","properties":{"state":"PA","zone":"024","cwa":"CTP","name":"Cambria","state_zone":"PA024"},"geometry":{"type":"Polygon","coordinates":[[[-78.3507,40.72501],[-78.3484,40.72341],[-78.38419,40.67581],[-78.40199,40.65291],[-78.4087,40.64471],[-78.41129,40.64471],[-78.41669,40.64551],[-78.4201,40.64681],[-78.42429,40.64761],[-78.4282,40.64701],[-78.43159,40.64761],[-78.43439,40.64721],[-78.43719,40.64661],[-78.4398,40.64481],[-78.4414,40.64141],[-78.4403,40.63851],[-78.4407,40.63451],[-78.44199,40.63021],[-78.4454,40.62751],[-78.4474,40.62391],[-78.44669,40.62081],[-78.44109,40.60071],[-78.44959,40.58851],[-78.46339,40.56971],[-78.472,40.55771],[-78.47459,40.55431],[-78.48479,40.54221],[-78.48669,40.54081],[-78.4958,40.54021],[-78.49879,40.53871],[-78.51199,40.53141],[-78.5181,40.52891],[-78.5225,40.52361],[-78.5303,40.51901],[-78.5396,40.50641],[-78.5412,40.49841],[-78.544,40.48951],[-78.54469,40.48561],[-78.5444,40.48281],[-78.542,40.47911],[-78.5403,40.47561],[-78.5412,40.47291],[-78.542,40.46971],[-78.5435,40.46671],[-78.5462,40.46421],[-78.54819,40.46201],[-78.54919,40.45971],[-78.5515,40.45591],[-78.5547,40.44921],[-78.5591,40.43811],[-78.55309,40.42981],[-78.56409,40.37061],[-78.60249,40.35281],[-78.62029,40.32721],[-78.6252,40.32001],[-78.6354,40.30951],[-78.63879,40.29741],[-78.643,40.28341],[-78.65189,40.28171],[-78.644,40.25941],[-78.6582,40.24331],[-78.674,40.24301],[-78.7603,40.24321],[-78.7915,40.24421],[-78.7996,40.24401],[-78.836,40.24521],[-78.84309,40.24521],[-78.8461,40.24551],[-78.8483,40.24621],[-78.852,40.24581],[-78.8549,40.24441],[-78.85899,40.24341],[-78.861,40.24551],[-78.8644,40.24571],[-78.86729,40.24841],[-78.8751,40.24841],[-78.8778,40.24771],[-78.8802,40.24681],[-78.8816,40.24481],[-78.8844,40.24491],[-78.88799,40.24781],[-78.89069,40.24961],[-78.8919,40.25371],[-78.89269,40.25801],[-78.8947,40.26161],[-78.897,40.26381],[-78.8959,40.26661],[-78.8945,40.26891],[-78.8985,40.27191],[-78.90099,40.27331],[-78.9054,40.27541],[-78.91109,40.27641],[-78.918,40.27731],[-78.92509,40.27951],[-78.92699,40.28451],[-78.92979,40.28501],[-78.9667,40.28511],[-78.9808,40.28541],[-78.99989,40.28521],[-79.00259,40.28501],[-79.0228,40.28511],[-79.0457,40.28491],[-79.05299,40.28491],[-79.0559,40.28531],[-79.0544,40.28921],[-79.05099,40.29021],[-79.04929,40.29381],[-79.0463,40.29641],[-79.0453,40.29971],[-79.04089,40.30331],[-79.03709,40.30811],[-79.03619,40.31081],[-79.03729,40.31371],[-79.0345,40.31611],[-79.0311,40.31841],[-79.0309,40.32131],[-79.02879,40.32381],[-79.0256,40.32581],[-79.0235,40.32821],[-79.0228,40.33031],[-79.02039,40.33511],[-79.0164,40.33861],[-79.0097,40.34061],[-79.0102,40.34411],[-79.0079,40.34701],[-79.007,40.34981],[-79.0051,40.35181],[-79.0032,40.35271],[-78.9996,40.35561],[-78.9968,40.35941],[-78.98209,40.38341],[-78.97469,40.39601],[-78.9404,40.45311],[-78.9137,40.49951],[-78.9101,40.50721],[-78.897,40.53301],[-78.87199,40.58121],[-78.8597,40.60561],[-78.85419,40.61791],[-78.8512,40.62511],[-78.85059,40.62701],[-78.84319,40.64321],[-78.83929,40.65081],[-78.8323,40.66711],[-78.8163,40.70351],[-78.80811,40.72059],[-78.8018,40.71791],[-78.7998,40.71731],[-78.8017,40.72451],[-78.7587,40.72471],[-78.7445,40.72451],[-78.69189,40.72471],[-78.5107,40.72601],[-78.417,40.72541],[-78.4051,40.72521],[-78.3839,40.72521],[-78.3669,40.72481],[-78.35419,40.72481],[-78.3507,40.72501]]]}},{"type":"Feature","properties":{"state":"PA","zone":"011","cwa":"CTP","name":"Cameron","state_zone":"PA011"},"geometry":{"type":"Polygon","coordinates":[[[-78.0508,41.47581],[-78.03819,41.47541],[-78.02509,41.47541],[-77.9892,41.47481],[-77.98879,41.44131],[-77.98849,41.38861],[-77.98849,41.37611],[-77.9888,41.36741],[-78.00549,41.34261],[-78.0079,41.33941],[-78.0133,41.33101],[-78.0432,41.28841],[-78.0489,41.28081],[-78.05219,41.27571],[-78.06239,41.26101],[-78.06889,41.25221],[-78.0759,41.24181],[-78.0935,41.21691],[-78.17999,41.22521],[-78.2364,41.23041],[-78.23669,41.23791],[-78.23579,41.25111],[-78.23579,41.26051],[-78.2351,41.29801],[-78.23499,41.31711],[-78.2352,41.32291],[-78.2401,41.32321],[-78.24969,41.32321],[-78.25439,41.32361],[-78.2543,41.38011],[-78.254,41.40391],[-78.25739,41.40471],[-78.29369,41.40461],[-78.3549,41.40481],[-78.37119,41.40501],[-78.42,41.40491],[-78.4202,41.41821],[-78.4198,41.44051],[-78.42,41.44671],[-78.41969,41.46841],[-78.4211,41.47891],[-78.4202,41.50021],[-78.4203,41.52811],[-78.4194,41.54391],[-78.4185,41.55491],[-78.4191,41.60221],[-78.4193,41.61681],[-78.37469,41.61751],[-78.32639,41.61751],[-78.2911,41.61771],[-78.2821,41.61801],[-78.2644,41.61811],[-78.2075,41.61821],[-78.2034,41.61811],[-78.141,41.56001],[-78.12469,41.54461],[-78.1214,41.54131],[-78.11649,41.53701],[-78.1029,41.52451],[-78.0803,41.50311],[-78.0508,41.47581]]]}},{"type":"Feature","properties":{"state":"PA","zone":"015","cwa":"PBZ","name":"Clarion","state_zone":"PA015"},"geometry":{"type":"Polygon","coordinates":[[[-79.2084,41.33171],[-79.2089,41.32721],[-79.20879,41.31701],[-79.2089,41.28331],[-79.21,41.25011],[-79.21,41.23531],[-79.21049,41.21561],[-79.2104,41.20561],[-79.2107,41.18561],[-79.211,41.13201],[-79.2113,41.11171],[-79.2112,41.07991],[-79.21449,41.07891],[-79.2148,41.06351],[-79.21529,41.05041],[-79.2176,41.04961],[-79.2195,41.04841],[-79.2226,41.04751],[-79.2259,41.04701],[-79.23019,41.04591],[-79.23209,41.04501],[-79.2352,41.04321],[-79.2375,41.04111],[-79.2419,41.03581],[-79.2455,41.03491],[-79.24799,41.03401],[-79.2511,41.03261],[-79.2566,41.03101],[-79.2599,41.02981],[-79.2624,41.02751],[-79.2641,41.02501],[-79.26659,41.02191],[-79.2691,41.01941],[-79.2717,41.01821],[-79.27509,41.01691],[-79.2773,41.01451],[-79.2812,41.01071],[-79.2835,41.00961],[-79.2857,41.00921],[-79.2924,41.01031],[-79.2952,41.01161],[-79.2988,41.01171],[-79.3008,41.01281],[-79.30379,41.01271],[-79.3069,41.01011],[-79.31229,41.00671],[-79.31699,41.00271],[-79.31979,41.00181],[-79.3241,41.00101],[-79.3303,41.00041],[-79.3322,40.99991],[-79.3344,40.99971],[-79.33659,41.00181],[-79.33929,41.00231],[-79.34119,41.00171],[-79.3444,40.99911],[-79.3473,40.99801],[-79.3528,40.99971],[-79.35699,41.00041],[-79.35899,41.00261],[-79.36089,41.00361],[-79.36279,41.00331],[-79.36539,41.00161],[-79.3671,40.99821],[-79.3686,40.99451],[-79.37,40.99261],[-79.37129,40.99011],[-79.37199,40.98691],[-79.3722,40.98501],[-79.3714,40.98141],[-79.3699,40.97671],[-79.37209,40.97141],[-79.37479,40.96891],[-79.37859,40.96871],[-79.3816,40.97051],[-79.382,40.97451],[-79.3816,40.97801],[-79.3798,40.98051],[-79.3768,40.98221],[-79.3746,40.98431],[-79.37669,40.98571],[-79.3791,40.98571],[-79.3821,40.98531],[-79.38519,40.98621],[-79.3857,40.98891],[-79.382,40.99041],[-79.37869,40.99061],[-79.3782,40.99421],[-79.3819,40.99551],[-79.3845,40.99531],[-79.38989,40.99381],[-79.3939,40.99461],[-79.3969,40.99291],[-79.3974,40.99071],[-79.3992,40.98931],[-79.40179,40.98951],[-79.4039,40.99121],[-79.4035,40.99861],[-79.4081,40.99931],[-79.41209,40.99861],[-79.4143,41.00011],[-79.4116,41.00361],[-79.4099,41.00671],[-79.41309,41.00821],[-79.416,41.00591],[-79.41869,41.00481],[-79.421,41.00351],[-79.42159,40.99961],[-79.42259,40.99541],[-79.4238,40.99181],[-79.42509,40.98931],[-79.4267,40.98721],[-79.42979,40.98591],[-79.43719,40.98721],[-79.4405,40.98751],[-79.4434,40.98721],[-79.4461,40.98551],[-79.4489,40.98281],[-79.451,40.98201],[-79.45509,40.98241],[-79.4612,40.98361],[-79.4593,40.98611],[-79.45699,40.98691],[-79.4553,40.98971],[-79.4571,40.99161],[-79.4617,40.99031],[-79.4647,40.99071],[-79.4682,40.99311],[-79.4714,40.99441],[-79.4753,40.99521],[-79.47929,40.99461],[-79.4847,40.99491],[-79.488,40.99571],[-79.4898,40.99401],[-79.4909,40.99181],[-79.49429,40.98611],[-79.49319,40.98141],[-79.49339,40.97881],[-79.49799,40.97721],[-79.5006,40.97701],[-79.50449,40.97701],[-79.5065,40.98041],[-79.5074,40.98381],[-79.5102,40.98511],[-79.5122,40.98641],[-79.5154,40.98671],[-79.51759,40.98351],[-79.5154,40.98111],[-79.5154,40.97811],[-79.5225,40.97521],[-79.52499,40.97591],[-79.5279,40.97811],[-79.531,40.97931],[-79.53519,40.98011],[-79.5378,40.98171],[-79.5397,40.98441],[-79.5421,40.98451],[-79.5444,40.98311],[-79.5499,40.98191],[-79.55209,40.98031],[-79.55399,40.98181],[-79.55679,40.98361],[-79.5608,40.98531],[-79.5656,40.98581],[-79.5703,40.98571],[-79.5722,40.98541],[-79.57529,40.98421],[-79.57729,40.98311],[-79.5816,40.97991],[-79.5843,40.97711],[-79.58829,40.97221],[-79.59029,40.97001],[-79.5924,40.96901],[-79.59489,40.96851],[-79.597,40.96851],[-79.6018,40.96961],[-79.6065,40.97101],[-79.6128,40.97321],[-79.6181,40.97421],[-79.62019,40.97511],[-79.6227,40.97681],[-79.624,40.97881],[-79.62399,40.98241],[-79.62299,40.98541],[-79.6204,40.98761],[-79.6162,40.99051],[-79.61179,40.99251],[-79.60789,40.99391],[-79.6041,40.99461],[-79.6001,40.99461],[-79.59589,40.99411],[-79.5868,40.99141],[-79.5833,40.99241],[-79.5814,40.99551],[-79.5824,40.99851],[-79.58379,41.00011],[-79.5869,41.00261],[-79.5889,41.00351],[-79.59489,41.00481],[-79.5998,41.00531],[-79.6068,41.00521],[-79.6093,41.00701],[-79.6097,41.00971],[-79.6086,41.01261],[-79.6064,41.01581],[-79.60419,41.01811],[-79.6026,41.02091],[-79.6008,41.02511],[-79.5991,41.03011],[-79.5989,41.03271],[-79.5993,41.03531],[-79.602,41.03701],[-79.60519,41.03691],[-79.6097,41.03471],[-79.61549,41.03331],[-79.619,41.03351],[-79.62479,41.03491],[-79.632,41.03701],[-79.6365,41.03791],[-79.6395,41.03961],[-79.6448,41.04201],[-79.64999,41.04461],[-79.6545,41.04571],[-79.65939,41.04661],[-79.6634,41.04771],[-79.66579,41.04931],[-79.66669,41.05111],[-79.66699,41.05381],[-79.6669,41.05621],[-79.6655,41.05831],[-79.6635,41.06001],[-79.6581,41.06311],[-79.65559,41.06641],[-79.6561,41.06961],[-79.6591,41.07331],[-79.6615,41.07501],[-79.66399,41.07741],[-79.6712,41.08161],[-79.674,41.08261],[-79.6757,41.08431],[-79.67809,41.08841],[-79.6797,41.09311],[-79.68089,41.10271],[-79.681,41.10611],[-79.6805,41.11051],[-79.6796,41.11341],[-79.6791,41.11651],[-79.6797,41.12391],[-79.6785,41.13101],[-79.67899,41.13551],[-79.68,41.13771],[-79.6842,41.14231],[-79.6862,41.14521],[-79.6859,41.14891],[-79.683,41.15201],[-79.6803,41.15561],[-79.6795,41.15931],[-79.6805,41.16211],[-79.683,41.16431],[-79.6868,41.16711],[-79.6906,41.17061],[-79.6927,41.17221],[-79.6946,41.17291],[-79.69759,41.17341],[-79.7001,41.17541],[-79.69959,41.17741],[-79.7001,41.18071],[-79.6961,41.18431],[-79.6933,41.18351],[-79.69009,41.18191],[-79.6865,41.18271],[-79.683,41.18381],[-79.67979,41.18341],[-79.6773,41.18401],[-79.6702,41.18371],[-79.6684,41.18621],[-79.6655,41.18891],[-79.6689,41.19171],[-79.6708,41.19301],[-79.6665,41.19651],[-79.6685,41.19881],[-79.6627,41.20501],[-79.6497,41.21801],[-79.65009,41.23661],[-79.64989,41.24021],[-79.6503,41.25001],[-79.6497,41.25371],[-79.6329,41.25361],[-79.6328,41.26131],[-79.6325,41.26661],[-79.62769,41.26781],[-79.6262,41.27701],[-79.62189,41.27721],[-79.6045,41.27711],[-79.6041,41.31861],[-79.6038,41.32151],[-79.5415,41.32091],[-79.5415,41.33031],[-79.5412,41.33541],[-79.53349,41.33591],[-79.47919,41.33561],[-79.4781,41.33951],[-79.478,41.36821],[-79.4778,41.37531],[-79.4779,41.38531],[-79.47269,41.38631],[-79.4556,41.38651],[-79.4004,41.38661],[-79.4003,41.40311],[-79.4005,41.41291],[-79.4003,41.42641],[-79.39999,41.43551],[-79.3789,41.43621],[-79.3578,41.43611],[-79.3578,41.43291],[-79.35509,41.43241],[-79.2736,41.43161],[-79.2248,41.43091],[-79.21719,41.43101],[-79.2072,41.43071],[-79.2071,41.41761],[-79.20869,41.36841],[-79.2089,41.33401],[-79.2084,41.33171]]]}},{"type":"Feature","properties":{"state":"PA","zone":"017","cwa":"CTP","name":"Clearfield","state_zone":"PA017"},"geometry":{"type":"Polygon","coordinates":[[[-78.2364,41.23041],[-78.17999,41.22521],[-78.0935,41.21691],[-78.06779,41.18331],[-78.0609,41.17451],[-78.04089,41.15611],[-78.0386,41.15361],[-78.04089,41.15111],[-78.04259,41.14821],[-78.045,41.14591],[-78.0517,41.14541],[-78.0536,41.14401],[-78.0542,41.14121],[-78.0551,41.13381],[-78.05689,41.13111],[-78.05959,41.13081],[-78.06219,41.13111],[-78.0662,41.13211],[-78.06979,41.12971],[-78.0687,41.12531],[-78.0704,41.12191],[-78.0731,41.12171],[-78.0803,41.12581],[-78.084,41.12551],[-78.0864,41.12311],[-78.0868,41.12071],[-78.08669,41.11831],[-78.0882,41.11641],[-78.0907,41.11531],[-78.0936,41.11601],[-78.0953,41.11941],[-78.098,41.12141],[-78.1018,41.12141],[-78.1054,41.11971],[-78.1091,41.11701],[-78.1115,41.11441],[-78.1106,41.11071],[-78.1077,41.10621],[-78.1059,41.10221],[-78.10439,41.09951],[-78.1028,41.09591],[-78.0966,41.08481],[-78.09409,41.08191],[-78.0925,41.07931],[-78.09389,41.07531],[-78.09679,41.07271],[-78.0957,41.07111],[-78.0898,41.06941],[-78.0879,41.06901],[-78.0854,41.06801],[-78.0862,41.06591],[-78.08839,41.06391],[-78.0895,41.06161],[-78.09039,41.05871],[-78.088,41.05711],[-78.08549,41.05721],[-78.07639,41.05961],[-78.0738,41.05751],[-78.07339,41.05471],[-78.0722,41.05121],[-78.06899,41.04981],[-78.0646,41.05251],[-78.06229,41.05321],[-78.06,41.05161],[-78.0636,41.04591],[-78.06219,41.04321],[-78.0592,41.04141],[-78.0573,41.03921],[-78.0582,41.03681],[-78.061,41.03611],[-78.0663,41.03531],[-78.06979,41.03281],[-78.0761,41.03441],[-78.0793,41.03311],[-78.0803,41.02991],[-78.07729,41.02701],[-78.07449,41.02661],[-78.0713,41.02591],[-78.074,41.02401],[-78.0756,41.02251],[-78.0709,41.02031],[-78.0685,41.01951],[-78.06979,41.01591],[-78.0693,41.01361],[-78.0667,41.01281],[-78.06329,41.01321],[-78.06049,41.01231],[-78.0583,41.01061],[-78.0561,41.00781],[-78.056,41.00511],[-78.0579,41.00381],[-78.0609,41.00431],[-78.06329,41.00451],[-78.06499,41.00101],[-78.0637,40.99941],[-78.062,40.99801],[-78.0619,40.99531],[-78.06429,40.99531],[-78.0677,40.99751],[-78.071,40.99511],[-78.0742,40.99351],[-78.07719,40.99321],[-78.0803,40.99321],[-78.0843,40.99451],[-78.08649,40.99351],[-78.0843,40.99041],[-78.0826,40.98691],[-78.0823,40.98381],[-78.0836,40.98161],[-78.0853,40.98051],[-78.0901,40.98051],[-78.08939,40.97571],[-78.0928,40.97351],[-78.0965,40.97301],[-78.09409,40.97121],[-78.0924,40.97031],[-78.0871,40.97021],[-78.0845,40.96821],[-78.0833,40.96581],[-78.0808,40.96351],[-78.0785,40.96041],[-78.0788,40.95651],[-78.08469,40.95491],[-78.0909,40.95361],[-78.0947,40.95061],[-78.0992,40.95141],[-78.1039,40.94961],[-78.1067,40.95021],[-78.1091,40.95011],[-78.1105,40.94671],[-78.1114,40.94511],[-78.1179,40.94261],[-78.12099,40.94231],[-78.1223,40.94371],[-78.12099,40.94661],[-78.12389,40.94681],[-78.12769,40.94611],[-78.1309,40.94591],[-78.1329,40.94741],[-78.1311,40.95171],[-78.1344,40.95421],[-78.1358,40.95641],[-78.1315,40.95981],[-78.1301,40.96301],[-78.1325,40.96631],[-78.1358,40.96671],[-78.1362,40.96261],[-78.13889,40.95831],[-78.1396,40.95631],[-78.13979,40.95351],[-78.14079,40.95011],[-78.1441,40.94891],[-78.14709,40.94941],[-78.14729,40.95181],[-78.1465,40.95541],[-78.1493,40.95691],[-78.1514,40.95751],[-78.1552,40.95971],[-78.15939,40.96121],[-78.1643,40.96151],[-78.1683,40.95961],[-78.1698,40.95581],[-78.1691,40.95351],[-78.1669,40.95261],[-78.1625,40.95471],[-78.15929,40.95401],[-78.159,40.95041],[-78.15749,40.94841],[-78.1572,40.94561],[-78.15559,40.94231],[-78.1579,40.94131],[-78.16109,40.94201],[-78.1636,40.94031],[-78.1647,40.93881],[-78.1672,40.93681],[-78.1711,40.93651],[-78.1719,40.93351],[-78.17509,40.93191],[-78.1772,40.93031],[-78.17889,40.92551],[-78.1825,40.92261],[-78.1858,40.92121],[-78.1894,40.91911],[-78.1916,40.91981],[-78.1951,40.91991],[-78.197,40.91871],[-78.1996,40.91761],[-78.20399,40.91611],[-78.2063,40.91681],[-78.2102,40.91691],[-78.2146,40.91451],[-78.2168,40.91391],[-78.2198,40.91261],[-78.22169,40.91071],[-78.2239,40.90941],[-78.2248,40.90641],[-78.22739,40.90381],[-78.22829,40.89991],[-78.227,40.89821],[-78.22549,40.89721],[-78.2242,40.89561],[-78.2214,40.89151],[-78.2211,40.88891],[-78.2252,40.88801],[-78.2278,40.88561],[-78.22919,40.88131],[-78.2316,40.87941],[-78.2338,40.87961],[-78.2398,40.88141],[-78.2422,40.88131],[-78.24439,40.88041],[-78.2481,40.87781],[-78.2465,40.87581],[-78.2445,40.87651],[-78.2409,40.87691],[-78.237,40.87561],[-78.23599,40.87411],[-78.2381,40.87261],[-78.2472,40.87161],[-78.249,40.86901],[-78.2492,40.86561],[-78.2483,40.86281],[-78.2484,40.86051],[-78.2472,40.85841],[-78.2491,40.85611],[-78.2524,40.85441],[-78.25629,40.85471],[-78.2603,40.85431],[-78.2626,40.85301],[-78.2635,40.85131],[-78.2654,40.85051],[-78.26749,40.84911],[-78.2692,40.84711],[-78.2715,40.84731],[-78.2737,40.84801],[-78.27509,40.84931],[-78.2791,40.85071],[-78.2835,40.85091],[-78.2859,40.84971],[-78.2879,40.84961],[-78.29099,40.84721],[-78.291,40.84491],[-78.2915,40.84241],[-78.29369,40.84021],[-78.29539,40.83751],[-78.2989,40.83531],[-78.3018,40.83381],[-78.30009,40.83021],[-78.2997,40.82561],[-78.30109,40.82291],[-78.306,40.81951],[-78.3078,40.81641],[-78.3108,40.81461],[-78.3121,40.81221],[-78.31419,40.80921],[-78.3184,40.80831],[-78.3204,40.80811],[-78.3213,40.80651],[-78.3229,40.80591],[-78.32719,40.80501],[-78.3292,40.80321],[-78.33109,40.80101],[-78.3341,40.80031],[-78.337,40.79931],[-78.3391,40.79701],[-78.33939,40.79431],[-78.341,40.79141],[-78.3434,40.79021],[-78.3425,40.78761],[-78.3428,40.78441],[-78.3427,40.78231],[-78.3462,40.77961],[-78.3484,40.77741],[-78.3511,40.77431],[-78.3518,40.76971],[-78.3536,40.76821],[-78.35609,40.76811],[-78.35899,40.76751],[-78.36069,40.76571],[-78.3652,40.76411],[-78.36729,40.76181],[-78.3745,40.75611],[-78.3765,40.75351],[-78.3745,40.75071],[-78.3732,40.74831],[-78.3718,40.74621],[-78.3708,40.74401],[-78.36729,40.73811],[-78.3653,40.73541],[-78.3629,40.73331],[-78.3507,40.72501],[-78.35419,40.72481],[-78.3669,40.72481],[-78.3839,40.72521],[-78.4051,40.72521],[-78.417,40.72541],[-78.5107,40.72601],[-78.69189,40.72471],[-78.7445,40.72451],[-78.7587,40.72471],[-78.8017,40.72451],[-78.80309,40.72811],[-78.80569,40.72951],[-78.8063,40.73501],[-78.8064,40.76601],[-78.80659,40.78041],[-78.8064,40.81981],[-78.8064,40.86161],[-78.80589,40.87381],[-78.8059,40.87831],[-78.8052,40.90601],[-78.8046,40.92511],[-78.804,40.95331],[-78.80399,40.99271],[-78.8042,41.00881],[-78.80409,41.03231],[-78.8046,41.10361],[-78.80489,41.11821],[-78.80489,41.12091],[-78.8043,41.13191],[-78.7941,41.15121],[-78.77979,41.17741],[-78.7763,41.18471],[-78.7743,41.18811],[-78.7708,41.19531],[-78.7671,41.20141],[-78.76089,41.20261],[-78.7103,41.20181],[-78.6484,41.21741],[-78.64739,41.23121],[-78.6466,41.25001],[-78.6458,41.25371],[-78.6368,41.25301],[-78.62469,41.25241],[-78.5776,41.24951],[-78.5319,41.24641],[-78.47079,41.24321],[-78.29569,41.23361],[-78.26649,41.23221],[-78.2364,41.23041]]]}},{"type":"Feature","properties":{"state":"PA","zone":"053","cwa":"CTP","name":"Columbia","state_zone":"PA053"},"geometry":{"type":"Polygon","coordinates":[[[-76.3107,41.30841],[-76.3185,41.23151],[-76.31889,41.22431],[-76.31969,41.21571],[-76.319,41.20501],[-76.3173,41.20221],[-76.3,41.17141],[-76.29459,41.16221],[-76.2775,41.13211],[-76.268,41.13291],[-76.24969,41.13511],[-76.229,41.13851],[-76.2286,41.10081],[-76.22849,41.05661],[-76.2287,41.05231],[-76.2313,41.05031],[-76.228,41.03391],[-76.22079,41.00011],[-76.20779,40.94971],[-76.2478,40.91731],[-76.2528,40.91291],[-76.28439,40.88381],[-76.28529,40.88101],[-76.29819,40.83471],[-76.3072,40.80181],[-76.377,40.77671],[-76.38039,40.77601],[-76.38969,40.79251],[-76.39249,40.79781],[-76.3969,40.81061],[-76.4054,40.83361],[-76.409,40.83391],[-76.4119,40.83341],[-76.4234,40.83341],[-76.4278,40.83241],[-76.4348,40.83261],[-76.43739,40.83231],[-76.4405,40.83171],[-76.44479,40.83121],[-76.4498,40.83071],[-76.4536,40.83051],[-76.45779,40.83001],[-76.4637,40.82831],[-76.46819,40.82821],[-76.4711,40.82851],[-76.4729,40.82731],[-76.48029,40.82701],[-76.4833,40.82641],[-76.4862,40.82621],[-76.48949,40.82571],[-76.4947,40.82421],[-76.4986,40.82411],[-76.50169,40.82521],[-76.50279,40.83141],[-76.50449,40.83461],[-76.5052,40.83761],[-76.5074,40.83991],[-76.5079,40.84351],[-76.5076,40.84691],[-76.50529,40.84891],[-76.5019,40.84971],[-76.49899,40.85161],[-76.4993,40.85491],[-76.50079,40.85971],[-76.5033,40.86211],[-76.50629,40.86281],[-76.5079,40.86551],[-76.50809,40.86771],[-76.5093,40.87051],[-76.5087,40.87411],[-76.5051,40.87771],[-76.5052,40.88171],[-76.5176,40.88241],[-76.528,40.88251],[-76.5263,40.90011],[-76.52499,40.91571],[-76.5263,40.91751],[-76.5281,40.91871],[-76.5261,40.92101],[-76.5226,40.92261],[-76.52039,40.92621],[-76.5209,40.92911],[-76.5215,40.93131],[-76.5236,40.93391],[-76.52579,40.93481],[-76.5273,40.93701],[-76.5289,40.94001],[-76.51839,40.94371],[-76.5127,40.94651],[-76.51479,40.94921],[-76.5159,40.95321],[-76.515,40.95801],[-76.5197,40.96271],[-76.5217,40.96591],[-76.52399,40.96741],[-76.5285,40.97231],[-76.53429,40.97701],[-76.55479,40.99201],[-76.56519,40.99981],[-76.56619,41.00781],[-76.5629,41.02331],[-76.56229,41.03301],[-76.563,41.03621],[-76.56529,41.04211],[-76.5684,41.04991],[-76.5704,41.05381],[-76.5862,41.05721],[-76.60069,41.06001],[-76.6186,41.06381],[-76.6167,41.06631],[-76.6159,41.06871],[-76.6175,41.07361],[-76.61629,41.07601],[-76.6157,41.07961],[-76.6179,41.08121],[-76.6206,41.08531],[-76.6209,41.09031],[-76.62479,41.10441],[-76.6309,41.12511],[-76.64079,41.15571],[-76.5928,41.15781],[-76.5751,41.17161],[-76.5675,41.17781],[-76.52229,41.21371],[-76.5004,41.23321],[-76.4956,41.23711],[-76.47839,41.25051],[-76.44749,41.27571],[-76.42599,41.29331],[-76.4088,41.30771],[-76.4062,41.30821],[-76.39899,41.30831],[-76.3219,41.30871],[-76.3176,41.30871],[-76.3107,41.30841]]]}},{"type":"Feature","properties":{"state":"PA","zone":"003","cwa":"CLE","name":"Crawford","state_zone":"PA003"},"geometry":{"type":"Polygon","coordinates":[[[-79.6121,41.85001],[-79.6122,41.82881],[-79.6125,41.81231],[-79.6125,41.78721],[-79.6128,41.75001],[-79.61269,41.72171],[-79.6129,41.70481],[-79.61259,41.69501],[-79.61279,41.67951],[-79.613,41.67451],[-79.6128,41.66101],[-79.6129,41.62431],[-79.6129,41.61711],[-79.6367,41.61711],[-79.65089,41.61731],[-79.6614,41.61721],[-79.67039,41.61741],[-79.6876,41.61731],[-79.7379,41.61771],[-79.7681,41.61771],[-79.76839,41.62081],[-79.8289,41.62201],[-79.8296,41.60201],[-79.841,41.60211],[-79.8414,41.59991],[-79.8494,41.59871],[-79.8499,41.58741],[-79.8593,41.58471],[-79.8732,41.58121],[-79.87019,41.57421],[-79.8929,41.57401],[-79.8931,41.56341],[-79.8957,41.56221],[-79.9089,41.56201],[-79.90939,41.55451],[-79.9095,41.55031],[-79.9192,41.55011],[-79.9255,41.54971],[-79.92349,41.53751],[-79.9436,41.53741],[-79.9427,41.52521],[-79.94939,41.52531],[-79.9591,41.52461],[-79.959,41.52241],[-79.9592,41.51341],[-79.9642,41.51281],[-79.9685,41.51291],[-79.9817,41.51241],[-79.9817,41.50591],[-79.9823,41.50011],[-79.98669,41.50061],[-79.99229,41.50081],[-79.9986,41.50051],[-79.9992,41.49011],[-80.0215,41.48921],[-80.1252,41.48631],[-80.1259,41.48051],[-80.15079,41.48091],[-80.15829,41.48111],[-80.1626,41.48141],[-80.1921,41.48201],[-80.2352,41.48261],[-80.25539,41.48331],[-80.28889,41.48361],[-80.3018,41.48391],[-80.34859,41.48451],[-80.3848,41.48611],[-80.3941,41.48631],[-80.39729,41.48621],[-80.4273,41.48691],[-80.4319,41.48861],[-80.4323,41.49211],[-80.4449,41.49211],[-80.445,41.48821],[-80.44859,41.48731],[-80.4602,41.48751],[-80.49979,41.48881],[-80.5192,41.48901],[-80.5192,41.49941],[-80.5192,41.53241],[-80.51939,41.55201],[-80.51929,41.62561],[-80.51949,41.72231],[-80.51939,41.75131],[-80.5192,41.76511],[-80.51939,41.79091],[-80.5192,41.80761],[-80.51939,41.84911],[-80.49889,41.84961],[-80.4796,41.84981],[-80.36169,41.84951],[-80.2065,41.84941],[-80.1288,41.84961],[-80.12479,41.84951],[-80.1068,41.84971],[-80.1026,41.84961],[-80.0881,41.85001],[-80.0705,41.84941],[-80.05389,41.85021],[-80.048,41.84991],[-80.0079,41.85041],[-79.88689,41.85081],[-79.8257,41.85091],[-79.75079,41.85081],[-79.7207,41.85121],[-79.7046,41.85121],[-79.69939,41.85151],[-79.6824,41.85171],[-79.658,41.85131],[-79.65569,41.85101],[-79.6121,41.85001]]]}},{"type":"Feature","properties":{"state":"PA","zone":"063","cwa":"CTP","name":"Cumberland","state_zone":"PA063"},"geometry":{"type":"Polygon","coordinates":[[[-76.8591,40.22611],[-76.8612,40.22351],[-76.8625,40.21881],[-76.8689,40.21581],[-76.87189,40.21561],[-76.8745,40.21641],[-76.8779,40.21771],[-76.8818,40.21681],[-76.88519,40.21431],[-76.88889,40.21381],[-76.8911,40.21521],[-76.89259,40.21821],[-76.89429,40.22071],[-76.8959,40.22271],[-76.8977,40.22431],[-76.89989,40.22341],[-76.90189,40.22421],[-76.9041,40.22351],[-76.90269,40.22061],[-76.8998,40.21721],[-76.89899,40.21431],[-76.9017,40.21261],[-76.905,40.21631],[-76.9073,40.21381],[-76.9067,40.21041],[-76.91,40.20741],[-76.91129,40.20481],[-76.91389,40.20511],[-76.9155,40.20851],[-76.9185,40.21011],[-76.92139,40.20881],[-76.92329,40.20621],[-76.92509,40.20281],[-76.9272,40.20011],[-76.9303,40.19871],[-76.9278,40.19701],[-76.9241,40.19721],[-76.92139,40.19781],[-76.91779,40.19751],[-76.9147,40.19491],[-76.91299,40.19301],[-76.9091,40.18981],[-76.91209,40.18891],[-76.9125,40.18601],[-76.9136,40.18291],[-76.9161,40.18311],[-76.9185,40.18471],[-76.92039,40.18651],[-76.92319,40.18771],[-76.9267,40.18771],[-76.9278,40.18361],[-76.92619,40.18141],[-76.92519,40.17931],[-76.9226,40.17661],[-76.9146,40.17291],[-76.9116,40.17111],[-76.9087,40.16961],[-76.9058,40.16681],[-76.9078,40.16551],[-76.91019,40.16531],[-76.91589,40.16381],[-76.918,40.16301],[-76.9226,40.16201],[-76.9294,40.16131],[-76.934,40.16221],[-76.9385,40.16401],[-76.9441,40.16431],[-76.9497,40.16571],[-76.9519,40.16581],[-76.9543,40.16541],[-76.96,40.16391],[-76.96329,40.16461],[-76.9668,40.16301],[-76.9707,40.16261],[-76.9734,40.16291],[-76.97729,40.16421],[-76.9816,40.16281],[-76.98009,40.16001],[-76.9775,40.15891],[-76.9742,40.15911],[-76.97189,40.15741],[-76.9743,40.15401],[-76.9785,40.15231],[-76.9814,40.15361],[-76.98589,40.15471],[-76.98859,40.15521],[-76.9917,40.15511],[-76.9965,40.15351],[-77.0009,40.15321],[-77.00449,40.15221],[-77.0065,40.15071],[-77.0088,40.14961],[-77.01199,40.14851],[-77.0186,40.14821],[-77.0226,40.14661],[-77.0271,40.14731],[-77.03149,40.14651],[-77.0337,40.14511],[-77.04179,40.13871],[-77.0449,40.13651],[-77.0602,40.12491],[-77.125,40.07821],[-77.1363,40.06951],[-77.13989,40.06771],[-77.1551,40.05671],[-77.16949,40.04491],[-77.1781,40.03701],[-77.187,40.02971],[-77.22919,40.02441],[-77.2327,40.02381],[-77.2417,40.02281],[-77.24619,40.02251],[-77.2762,40.01721],[-77.2831,40.01621],[-77.31599,40.01031],[-77.34679,40.00451],[-77.36009,40.00221],[-77.3977,39.99511],[-77.4026,39.99431],[-77.41859,39.98321],[-77.44769,39.96201],[-77.47079,39.94541],[-77.4648,39.95531],[-77.458,39.96611],[-77.4548,39.97371],[-77.4591,39.97631],[-77.46249,39.97861],[-77.46619,39.98481],[-77.46809,39.98601],[-77.4715,39.98751],[-77.474,39.99111],[-77.47919,39.99191],[-77.4847,39.99601],[-77.4869,39.99821],[-77.4882,40.00001],[-77.4899,40.00171],[-77.4958,40.00561],[-77.4986,40.00931],[-77.4999,40.01291],[-77.5056,40.01921],[-77.5076,40.02211],[-77.50909,40.02541],[-77.508,40.02871],[-77.5098,40.03111],[-77.5123,40.03321],[-77.5153,40.03481],[-77.5182,40.03781],[-77.51949,40.04011],[-77.518,40.04371],[-77.5201,40.04591],[-77.5272,40.04651],[-77.53139,40.04831],[-77.5318,40.05201],[-77.53049,40.05481],[-77.52959,40.05731],[-77.5322,40.06171],[-77.5327,40.06631],[-77.5339,40.06911],[-77.53629,40.07001],[-77.53889,40.06991],[-77.5411,40.07011],[-77.54099,40.07501],[-77.5449,40.07791],[-77.5414,40.07981],[-77.5433,40.08291],[-77.54449,40.08571],[-77.5429,40.08901],[-77.54559,40.08991],[-77.5484,40.09001],[-77.5505,40.09211],[-77.5522,40.09411],[-77.5542,40.09551],[-77.55779,40.09441],[-77.5606,40.09541],[-77.56049,40.09911],[-77.55849,40.10191],[-77.559,40.10431],[-77.5627,40.11621],[-77.5629,40.11861],[-77.56429,40.11991],[-77.56499,40.12181],[-77.56969,40.12611],[-77.5729,40.12731],[-77.5766,40.12921],[-77.5814,40.13351],[-77.5844,40.13411],[-77.58739,40.13391],[-77.5906,40.13421],[-77.5925,40.13621],[-77.5927,40.14021],[-77.59869,40.14661],[-77.6019,40.14831],[-77.6038,40.15061],[-77.6069,40.15221],[-77.6092,40.15391],[-77.61,40.15631],[-77.6111,40.15881],[-77.6132,40.16271],[-77.6139,40.16571],[-77.614,40.16971],[-77.6168,40.17291],[-77.6244,40.18441],[-77.6259,40.18941],[-77.62289,40.19151],[-77.6129,40.19971],[-77.6105,40.19391],[-77.60509,40.18551],[-77.5981,40.18891],[-77.5933,40.19211],[-77.5899,40.19641],[-77.5805,40.20371],[-77.5787,40.20591],[-77.577,40.20741],[-77.5749,40.20861],[-77.5713,40.21031],[-77.569,40.21191],[-77.5668,40.21291],[-77.5646,40.21431],[-77.5626,40.21601],[-77.5598,40.21771],[-77.55659,40.21911],[-77.5435,40.21951],[-77.5373,40.21911],[-77.5295,40.22261],[-77.5276,40.22421],[-77.5263,40.22591],[-77.5189,40.22941],[-77.516,40.23041],[-77.51299,40.23271],[-77.5104,40.23431],[-77.50739,40.23561],[-77.50349,40.23701],[-77.4972,40.24021],[-77.4939,40.24261],[-77.4908,40.24421],[-77.48769,40.24621],[-77.4786,40.25121],[-77.4658,40.25961],[-77.46259,40.26261],[-77.4575,40.26621],[-77.452,40.26971],[-77.45029,40.27061],[-77.44569,40.27411],[-77.4426,40.27601],[-77.4376,40.27941],[-77.4319,40.28271],[-77.4264,40.28671],[-77.4225,40.28891],[-77.4202,40.29051],[-77.418,40.29141],[-77.4146,40.29341],[-77.4099,40.29551],[-77.4053,40.29781],[-77.40179,40.29991],[-77.3955,40.30291],[-77.38699,40.30621],[-77.38419,40.30771],[-77.37939,40.30941],[-77.3665,40.31341],[-77.3623,40.31391],[-77.35809,40.31361],[-77.3574,40.31101],[-77.3592,40.30741],[-77.36169,40.30461],[-77.3653,40.30201],[-77.3709,40.29931],[-77.3875,40.28991],[-77.3951,40.28461],[-77.4004,40.28181],[-77.40359,40.27951],[-77.406,40.27721],[-77.40849,40.27521],[-77.4106,40.27251],[-77.41119,40.26961],[-77.4172,40.26601],[-77.4197,40.26391],[-77.4228,40.25901],[-77.42049,40.25581],[-77.417,40.25521],[-77.4125,40.25541],[-77.4071,40.25611],[-77.4025,40.25701],[-77.38589,40.26241],[-77.381,40.26451],[-77.36909,40.27021],[-77.3659,40.27211],[-77.36369,40.27311],[-77.3606,40.27481],[-77.35329,40.27981],[-77.34309,40.28521],[-77.3401,40.28721],[-77.33379,40.29021],[-77.33099,40.29131],[-77.32719,40.29251],[-77.325,40.29271],[-77.3228,40.29231],[-77.3232,40.28941],[-77.3257,40.28641],[-77.3276,40.28351],[-77.3302,40.28071],[-77.33089,40.27681],[-77.32269,40.27071],[-77.3181,40.26801],[-77.3154,40.26751],[-77.3102,40.26801],[-77.3078,40.26871],[-77.3054,40.26911],[-77.3004,40.27071],[-77.2902,40.27331],[-77.28519,40.27521],[-77.2785,40.27641],[-77.26949,40.27871],[-77.2671,40.27921],[-77.2643,40.27931],[-77.2531,40.28181],[-77.24889,40.28221],[-77.24529,40.28221],[-77.24129,40.28301],[-77.23859,40.28411],[-77.2342,40.28361],[-77.2318,40.28361],[-77.228,40.28391],[-77.2243,40.28461],[-77.2212,40.28461],[-77.2174,40.28511],[-77.2135,40.28541],[-77.20969,40.28531],[-77.2067,40.28591],[-77.2029,40.28711],[-77.1979,40.28701],[-77.1943,40.28651],[-77.1916,40.28681],[-77.187,40.28771],[-77.1847,40.28781],[-77.17879,40.28851],[-77.17529,40.28921],[-77.1725,40.28881],[-77.169,40.28961],[-77.16599,40.28941],[-77.159,40.29001],[-77.1558,40.29091],[-77.1502,40.29131],[-77.1422,40.29311],[-77.1355,40.29491],[-77.1325,40.29521],[-77.12869,40.29511],[-77.1254,40.29631],[-77.12299,40.29691],[-77.1186,40.29701],[-77.113,40.29741],[-77.11079,40.29761],[-77.1046,40.29881],[-77.10149,40.29881],[-77.09769,40.30001],[-77.0936,40.30061],[-77.09029,40.30091],[-77.0864,40.30101],[-77.07359,40.30241],[-77.0677,40.30201],[-77.0637,40.30221],[-77.06149,40.30291],[-77.05869,40.30351],[-77.05579,40.30311],[-77.05199,40.30381],[-77.049,40.30391],[-77.0411,40.30461],[-77.0351,40.30431],[-77.0289,40.30431],[-77.0226,40.30411],[-77.0196,40.30431],[-77.0106,40.30541],[-77.00359,40.30591],[-76.9847,40.30881],[-76.9741,40.31021],[-76.9358,40.32111],[-76.9285,40.32351],[-76.9147,40.32841],[-76.911,40.32371],[-76.9142,40.31591],[-76.91679,40.31161],[-76.9217,40.30181],[-76.92069,40.29031],[-76.92,40.28511],[-76.9146,40.27941],[-76.91219,40.27241],[-76.9069,40.26471],[-76.9033,40.26081],[-76.8917,40.25181],[-76.89,40.25011],[-76.8819,40.24621],[-76.87849,40.24411],[-76.87289,40.23811],[-76.8681,40.23371],[-76.8591,40.22611]]]}},{"type":"Feature","properties":{"state":"PA","zone":"057","cwa":"CTP","name":"Dauphin","state_zone":"PA057"},"geometry":{"type":"Polygon","coordinates":[[[-76.702,40.65681],[-76.6983,40.65631],[-76.66879,40.63761],[-76.6412,40.62081],[-76.6148,40.60431],[-76.6122,40.60251],[-76.6078,40.59991],[-76.5864,40.58631],[-76.56529,40.57361],[-76.5626,40.57181],[-76.5341,40.55431],[-76.5385,40.55341],[-76.58929,40.52491],[-76.62469,40.50471],[-76.67799,40.47471],[-76.66579,40.44251],[-76.6363,40.36651],[-76.6289,40.34801],[-76.6259,40.34011],[-76.61649,40.31781],[-76.6097,40.30091],[-76.6069,40.29301],[-76.60539,40.28931],[-76.603,40.28251],[-76.598,40.26931],[-76.5962,40.26501],[-76.5917,40.25311],[-76.58849,40.24541],[-76.58569,40.23761],[-76.5806,40.22431],[-76.5724,40.20341],[-76.57089,40.19961],[-76.5684,40.19551],[-76.5719,40.19441],[-76.5801,40.19411],[-76.58279,40.19111],[-76.58569,40.18961],[-76.5891,40.19021],[-76.5937,40.18901],[-76.5957,40.18911],[-76.5988,40.18851],[-76.60339,40.18921],[-76.60609,40.19031],[-76.6103,40.18711],[-76.6124,40.18491],[-76.614,40.18241],[-76.6171,40.18001],[-76.6194,40.17911],[-76.62209,40.17931],[-76.62479,40.17831],[-76.6278,40.17561],[-76.62959,40.17311],[-76.6318,40.17091],[-76.63419,40.17041],[-76.63689,40.16841],[-76.6382,40.16701],[-76.6414,40.16651],[-76.6437,40.16511],[-76.6466,40.16501],[-76.6505,40.16581],[-76.65369,40.16481],[-76.657,40.16461],[-76.6609,40.16471],[-76.6635,40.16331],[-76.6662,40.16261],[-76.6689,40.15961],[-76.6721,40.15741],[-76.6707,40.15511],[-76.6726,40.15401],[-76.6746,40.15421],[-76.67609,40.15271],[-76.6773,40.14951],[-76.68089,40.15051],[-76.68359,40.15151],[-76.6871,40.14951],[-76.69019,40.14941],[-76.69019,40.15271],[-76.6914,40.15441],[-76.69189,40.15691],[-76.6946,40.15711],[-76.6973,40.15591],[-76.696,40.15291],[-76.6968,40.14981],[-76.6988,40.14771],[-76.7,40.14521],[-76.70399,40.14421],[-76.7062,40.14201],[-76.7081,40.13961],[-76.70969,40.13711],[-76.7076,40.13541],[-76.7122,40.13281],[-76.7146,40.13211],[-76.7174,40.12861],[-76.7214,40.12001],[-76.7262,40.12171],[-76.73119,40.12231],[-76.7346,40.12391],[-76.7381,40.12631],[-76.74049,40.12821],[-76.7427,40.13031],[-76.74419,40.13291],[-76.7455,40.14261],[-76.7457,40.14521],[-76.74619,40.14821],[-76.7482,40.15521],[-76.7481,40.15811],[-76.7495,40.16931],[-76.7506,40.17271],[-76.7529,40.17571],[-76.757,40.17721],[-76.76019,40.17801],[-76.7635,40.17911],[-76.7669,40.18101],[-76.7725,40.18321],[-76.78,40.18721],[-76.78719,40.19141],[-76.7896,40.19331],[-76.7924,40.19491],[-76.79469,40.19661],[-76.7977,40.19851],[-76.8013,40.20011],[-76.8042,40.20061],[-76.8099,40.20061],[-76.81429,40.20101],[-76.8185,40.20081],[-76.8223,40.20151],[-76.8252,40.20271],[-76.828,40.20441],[-76.8299,40.20711],[-76.8308,40.20981],[-76.834,40.21691],[-76.8379,40.22061],[-76.8416,40.22221],[-76.84489,40.22281],[-76.8539,40.22491],[-76.8568,40.22581],[-76.8591,40.22611],[-76.8681,40.23371],[-76.87289,40.23811],[-76.87849,40.24411],[-76.8819,40.24621],[-76.89,40.25011],[-76.8917,40.25181],[-76.9033,40.26081],[-76.9069,40.26471],[-76.91219,40.27241],[-76.9146,40.27941],[-76.92,40.28511],[-76.92069,40.29031],[-76.9217,40.30181],[-76.91679,40.31161],[-76.9142,40.31591],[-76.911,40.32371],[-76.9147,40.32841],[-76.91599,40.33221],[-76.92519,40.34121],[-76.9275,40.34401],[-76.9285,40.34791],[-76.9332,40.35541],[-76.93729,40.35741],[-76.9417,40.35771],[-76.9455,40.35771],[-76.9492,40.35811],[-76.95219,40.35811],[-76.9572,40.35771],[-76.9613,40.35801],[-76.9656,40.35721],[-76.9683,40.35641],[-76.9758,40.35651],[-76.9828,40.35721],[-76.9871,40.35671],[-76.9959,40.35641],[-77.0034,40.35751],[-77.00819,40.35861],[-77.0115,40.36131],[-77.01849,40.36461],[-77.0211,40.36691],[-77.022,40.37011],[-77.0217,40.37291],[-77.0226,40.37551],[-77.02489,40.37821],[-77.0267,40.38081],[-77.02799,40.38371],[-77.029,40.38701],[-77.0282,40.39141],[-77.0266,40.39371],[-77.0207,40.39811],[-77.01579,40.40021],[-77.013,40.40261],[-77.0118,40.40601],[-77.0123,40.40951],[-77.0133,40.41201],[-77.01559,40.41541],[-77.0168,40.42011],[-77.0159,40.42511],[-77.0134,40.42561],[-77.01009,40.42591],[-77.0046,40.42671],[-77.00159,40.42901],[-76.99789,40.43361],[-76.9954,40.43541],[-76.99229,40.43651],[-76.9909,40.43751],[-76.9889,40.43931],[-76.9855,40.44291],[-76.98109,40.44661],[-76.9788,40.44821],[-76.97359,40.45061],[-76.972,40.45151],[-76.9677,40.45331],[-76.9657,40.45431],[-76.96159,40.45581],[-76.9585,40.45761],[-76.95609,40.45941],[-76.9534,40.46221],[-76.9511,40.46531],[-76.9492,40.46951],[-76.9487,40.47311],[-76.94849,40.48211],[-76.9501,40.48611],[-76.95139,40.48861],[-76.95319,40.49061],[-76.95689,40.49241],[-76.96059,40.49351],[-76.96539,40.49571],[-76.9685,40.49771],[-76.97089,40.49971],[-76.97469,40.50351],[-76.9789,40.50831],[-76.9834,40.51521],[-76.9851,40.52071],[-76.985,40.52601],[-76.9814,40.53331],[-76.9804,40.53861],[-76.9815,40.54261],[-76.9828,40.54541],[-76.9863,40.55151],[-76.9866,40.55381],[-76.98779,40.55681],[-76.99129,40.56121],[-76.99239,40.56441],[-76.9918,40.56731],[-76.9907,40.57051],[-76.98759,40.57481],[-76.9852,40.57681],[-76.9818,40.57891],[-76.9749,40.58211],[-76.97189,40.58381],[-76.9688,40.58511],[-76.9647,40.58751],[-76.9594,40.59161],[-76.9571,40.59481],[-76.9544,40.60001],[-76.95319,40.60291],[-76.9527,40.60501],[-76.9527,40.61131],[-76.95319,40.61671],[-76.9525,40.62051],[-76.9515,40.62441],[-76.9493,40.62781],[-76.9469,40.62531],[-76.9396,40.61641],[-76.935,40.61231],[-76.9301,40.61081],[-76.925,40.60851],[-76.9222,40.60601],[-76.9194,40.60431],[-76.9194,40.60711],[-76.9208,40.60951],[-76.91109,40.61111],[-76.908,40.61121],[-76.9026,40.61181],[-76.8996,40.61061],[-76.8932,40.61011],[-76.89,40.61141],[-76.89149,40.61451],[-76.8902,40.61621],[-76.88699,40.61761],[-76.8827,40.61761],[-76.8779,40.61661],[-76.8752,40.61641],[-76.87209,40.61661],[-76.8697,40.61781],[-76.86919,40.62061],[-76.869,40.62401],[-76.865,40.62731],[-76.8556,40.62601],[-76.84119,40.62561],[-76.837,40.62621],[-76.8325,40.62871],[-76.82819,40.63341],[-76.8238,40.63411],[-76.81989,40.63341],[-76.8139,40.63341],[-76.8103,40.63511],[-76.81,40.64021],[-76.8088,40.64361],[-76.80579,40.64621],[-76.80199,40.64651],[-76.7986,40.64491],[-76.79649,40.64331],[-76.7944,40.64111],[-76.79259,40.64061],[-76.7886,40.64111],[-76.78529,40.64231],[-76.7804,40.64491],[-76.77679,40.64591],[-76.7702,40.64691],[-76.7653,40.64711],[-76.76279,40.64771],[-76.75539,40.64851],[-76.75259,40.65031],[-76.7514,40.65201],[-76.7486,40.65351],[-76.7447,40.65461],[-76.7412,40.65451],[-76.73759,40.65491],[-76.7333,40.65501],[-76.7291,40.65371],[-76.72359,40.65331],[-76.7213,40.65391],[-76.7195,40.65721],[-76.71619,40.65901],[-76.71259,40.65931],[-76.7049,40.65571],[-76.702,40.65681]]]}},{"type":"Feature","properties":{"state":"PA","zone":"010","cwa":"CTP","name":"Elk","state_zone":"PA010"},"geometry":{"type":"Polygon","coordinates":[[[-78.4834,41.62991],[-78.4833,41.61721],[-78.4828,41.60231],[-78.4191,41.60221],[-78.4185,41.55491],[-78.4194,41.54391],[-78.4203,41.52811],[-78.4202,41.50021],[-78.4211,41.47891],[-78.41969,41.46841],[-78.42,41.44671],[-78.4198,41.44051],[-78.4202,41.41821],[-78.42,41.40491],[-78.37119,41.40501],[-78.3549,41.40481],[-78.29369,41.40461],[-78.25739,41.40471],[-78.254,41.40391],[-78.2543,41.38011],[-78.25439,41.32361],[-78.24969,41.32321],[-78.2401,41.32321],[-78.2352,41.32291],[-78.23499,41.31711],[-78.2351,41.29801],[-78.23579,41.26051],[-78.23579,41.25111],[-78.23669,41.23791],[-78.2364,41.23041],[-78.26649,41.23221],[-78.29569,41.23361],[-78.47079,41.24321],[-78.5319,41.24641],[-78.5776,41.24951],[-78.62469,41.25241],[-78.6368,41.25301],[-78.6458,41.25371],[-78.6466,41.25001],[-78.64739,41.23121],[-78.6484,41.21741],[-78.7103,41.20181],[-78.7101,41.22321],[-78.71069,41.23031],[-78.7375,41.23061],[-78.7384,41.23281],[-78.7391,41.25171],[-78.7388,41.25461],[-78.7353,41.26291],[-78.74979,41.26951],[-78.812,41.29681],[-78.88,41.32731],[-78.9592,41.36211],[-78.9594,41.36741],[-78.9598,41.37071],[-78.964,41.36991],[-78.96629,41.37071],[-78.9692,41.37511],[-78.9725,41.37611],[-78.97449,41.37501],[-78.9759,41.37371],[-78.9781,41.37091],[-78.98109,41.36801],[-78.9845,41.36701],[-78.987,41.36791],[-78.9921,41.36831],[-78.9955,41.36661],[-78.9981,41.36451],[-78.9995,41.36221],[-79.0014,41.36021],[-79.0031,41.35921],[-79.0052,41.35901],[-79.0099,41.35901],[-79.014,41.35721],[-79.0172,41.35041],[-79.02,41.35041],[-79.0273,41.35691],[-79.032,41.35761],[-79.0369,41.35761],[-79.0395,41.35681],[-79.04639,41.35361],[-79.04829,41.35211],[-79.0519,41.35131],[-79.0608,41.35061],[-79.06329,41.35011],[-79.06609,41.35021],[-79.06989,41.35181],[-79.0737,41.35381],[-79.0778,41.35391],[-79.0813,41.35251],[-79.0832,41.35081],[-79.0888,41.34391],[-79.0909,41.34201],[-79.09409,41.34091],[-79.09499,41.34901],[-79.09499,41.37161],[-79.0947,41.37631],[-79.0936,41.42331],[-79.06609,41.42321],[-79.064,41.44221],[-79.0637,41.44961],[-79.06319,41.45321],[-78.9767,41.45171],[-78.9767,41.43691],[-78.959,41.43701],[-78.9591,41.50001],[-78.95879,41.50751],[-78.95879,41.51571],[-78.9585,41.53101],[-78.95789,41.54721],[-78.9574,41.57751],[-78.9564,41.61271],[-78.95599,41.62071],[-78.95599,41.62461],[-78.9517,41.62391],[-78.9324,41.62381],[-78.9043,41.62341],[-78.8736,41.62321],[-78.8703,41.62331],[-78.8241,41.62281],[-78.8154,41.62401],[-78.8116,41.62481],[-78.7764,41.62501],[-78.7506,41.62471],[-78.71429,41.62471],[-78.6925,41.62491],[-78.6786,41.62471],[-78.6757,41.62481],[-78.6404,41.62821],[-78.62479,41.62811],[-78.49969,41.62991],[-78.4834,41.62991]]]}},{"type":"Feature","properties":{"state":"PA","zone":"075","cwa":"PBZ","name":"Fayette","state_zone":"PA075"},"geometry":{"type":"Polygon","coordinates":[[[-79.47825,40.1419],[-79.48662,40.13299],[-79.50368,40.09542],[-79.55081,40.02473],[-79.5717,40.00559],[-79.58045,39.98474],[-79.63435,39.94484],[-79.67774,39.86419],[-79.76086,39.75808],[-79.78454,39.72081],[-79.88799,39.72071],[-79.9097,39.72081],[-79.9157,39.72101],[-79.9126,39.72471],[-79.9105,39.72751],[-79.90929,39.72951],[-79.9057,39.73421],[-79.9043,39.73721],[-79.9033,39.74011],[-79.9035,39.74281],[-79.905,39.74521],[-79.9072,39.74741],[-79.91029,39.74981],[-79.91309,39.75171],[-79.9157,39.75251],[-79.92239,39.75361],[-79.9255,39.75461],[-79.9285,39.75601],[-79.9304,39.75751],[-79.9325,39.76051],[-79.93449,39.76421],[-79.9339,39.76771],[-79.9329,39.77111],[-79.93439,39.77531],[-79.935,39.77851],[-79.9343,39.78171],[-79.93259,39.78471],[-79.92989,39.78611],[-79.9276,39.78641],[-79.9211,39.78661],[-79.9165,39.78721],[-79.91399,39.78801],[-79.9116,39.78931],[-79.9099,39.79071],[-79.9088,39.79351],[-79.90929,39.79741],[-79.91019,39.79961],[-79.9118,39.80241],[-79.91409,39.80551],[-79.9162,39.80741],[-79.91779,39.80921],[-79.91959,39.81161],[-79.9209,39.81421],[-79.9213,39.81661],[-79.92149,39.82031],[-79.9219,39.82351],[-79.9218,39.83171],[-79.923,39.83511],[-79.9246,39.83831],[-79.9277,39.83971],[-79.93069,39.84031],[-79.9332,39.84051],[-79.93639,39.84171],[-79.93819,39.84351],[-79.93819,39.84611],[-79.93629,39.84791],[-79.9277,39.85261],[-79.92599,39.85401],[-79.9246,39.85671],[-79.925,39.85931],[-79.9266,39.86151],[-79.9295,39.86501],[-79.9305,39.86711],[-79.92899,39.87071],[-79.9255,39.87311],[-79.9194,39.87521],[-79.9166,39.87711],[-79.9154,39.88051],[-79.9171,39.88481],[-79.92039,39.88861],[-79.922,39.89131],[-79.92339,39.89331],[-79.9246,39.89601],[-79.9285,39.90261],[-79.9291,39.90431],[-79.9295,39.90701],[-79.92889,39.90951],[-79.9274,39.91231],[-79.9238,39.91691],[-79.9231,39.92041],[-79.9248,39.92381],[-79.92709,39.92611],[-79.9306,39.92901],[-79.9351,39.93361],[-79.9413,39.94121],[-79.9437,39.94391],[-79.95029,39.94931],[-79.953,39.95111],[-79.9556,39.95251],[-79.9583,39.95361],[-79.9642,39.95501],[-79.96809,39.95551],[-79.9716,39.95541],[-79.97479,39.95501],[-79.97929,39.95391],[-79.987,39.95091],[-79.9907,39.94981],[-79.99409,39.94951],[-79.9968,39.95011],[-79.9996,39.95141],[-80.007,39.95621],[-80.009,39.95851],[-80.0102,39.96181],[-80.0107,39.97031],[-80.0106,39.97291],[-80.0099,39.97561],[-80.0086,39.97781],[-80.0062,39.97981],[-80.003,39.98161],[-79.9996,39.98391],[-79.9959,39.98351],[-79.9919,39.98521],[-79.99129,39.99011],[-79.9927,39.99391],[-79.994,39.99661],[-79.99509,40.00191],[-79.9954,40.00621],[-79.9935,40.00901],[-79.9882,40.01191],[-79.9852,40.01311],[-79.97459,40.01381],[-79.9704,40.01351],[-79.9665,40.01121],[-79.9632,40.00801],[-79.959,40.00001],[-79.9566,39.99691],[-79.9536,39.99491],[-79.951,39.99411],[-79.9486,39.99411],[-79.9459,39.99451],[-79.9434,39.99511],[-79.9389,39.99691],[-79.9369,39.99801],[-79.9351,39.99931],[-79.9332,40.00281],[-79.9318,40.00591],[-79.92979,40.01171],[-79.92509,40.01601],[-79.9143,40.02101],[-79.91,40.02201],[-79.9043,40.02251],[-79.8955,40.02201],[-79.8894,40.02271],[-79.8852,40.02471],[-79.88,40.02831],[-79.87669,40.03271],[-79.8771,40.03681],[-79.8798,40.03881],[-79.88599,40.04201],[-79.88869,40.04371],[-79.89069,40.04561],[-79.89169,40.04841],[-79.8902,40.05141],[-79.8853,40.05471],[-79.8811,40.05781],[-79.87959,40.05981],[-79.8789,40.06241],[-79.8798,40.06501],[-79.8825,40.06731],[-79.88599,40.06881],[-79.88969,40.06971],[-79.8958,40.07051],[-79.8992,40.07171],[-79.9017,40.07461],[-79.9002,40.07781],[-79.8977,40.07931],[-79.89539,40.08011],[-79.8924,40.08031],[-79.8886,40.08021],[-79.8819,40.07921],[-79.87849,40.07831],[-79.8723,40.07571],[-79.87,40.07521],[-79.86659,40.07511],[-79.8634,40.07551],[-79.8532,40.07831],[-79.84949,40.07951],[-79.84669,40.08081],[-79.8436,40.08301],[-79.84049,40.08691],[-79.8391,40.09001],[-79.8397,40.09321],[-79.8425,40.09801],[-79.8435,40.10001],[-79.8462,40.10571],[-79.8491,40.11261],[-79.8504,40.11431],[-79.8532,40.11641],[-79.8568,40.11781],[-79.8601,40.11881],[-79.86359,40.12071],[-79.87109,40.12421],[-79.8771,40.12721],[-79.8742,40.12911],[-79.87029,40.12861],[-79.86829,40.12811],[-79.8622,40.12821],[-79.8586,40.12801],[-79.8475,40.12791],[-79.79919,40.12791],[-79.76099,40.12811],[-79.7455,40.12801],[-79.74139,40.12601],[-79.7379,40.12311],[-79.7345,40.12071],[-79.7308,40.12021],[-79.7277,40.12051],[-79.7251,40.12251],[-79.7224,40.12091],[-79.71989,40.11661],[-79.723,40.11351],[-79.71799,40.11301],[-79.7156,40.11091],[-79.7138,40.11041],[-79.712,40.10931],[-79.707,40.10761],[-79.70319,40.10951],[-79.6978,40.10991],[-79.69109,40.11291],[-79.68829,40.11331],[-79.6857,40.11331],[-79.68439,40.11001],[-79.6822,40.10801],[-79.6797,40.10701],[-79.6768,40.10621],[-79.673,40.10571],[-79.6701,40.10551],[-79.6675,40.10391],[-79.667,40.10041],[-79.66859,40.09761],[-79.666,40.09711],[-79.6638,40.09511],[-79.6615,40.09471],[-79.6601,40.09671],[-79.6576,40.09631],[-79.6562,40.09501],[-79.65469,40.09321],[-79.65459,40.09011],[-79.6521,40.08861],[-79.6485,40.08771],[-79.6446,40.08931],[-79.6422,40.08871],[-79.6413,40.08721],[-79.6441,40.08491],[-79.6409,40.08311],[-79.6382,40.08381],[-79.6338,40.08681],[-79.6306,40.08721],[-79.62759,40.08841],[-79.6245,40.09311],[-79.6216,40.09381],[-79.6197,40.09241],[-79.60899,40.09231],[-79.6035,40.09031],[-79.6031,40.08861],[-79.6031,40.08661],[-79.602,40.08511],[-79.6013,40.08331],[-79.5972,40.08271],[-79.5928,40.08241],[-79.59209,40.08541],[-79.5933,40.09011],[-79.5926,40.09221],[-79.5901,40.09491],[-79.5862,40.09731],[-79.58469,40.10041],[-79.5852,40.10211],[-79.5826,40.10371],[-79.57919,40.10511],[-79.5761,40.10371],[-79.5699,40.10541],[-79.5666,40.10591],[-79.5634,40.10521],[-79.5609,40.10591],[-79.5591,40.11111],[-79.55659,40.11261],[-79.5534,40.11261],[-79.5487,40.10991],[-79.54549,40.10991],[-79.5407,40.11361],[-79.5413,40.11951],[-79.5397,40.12251],[-79.5351,40.12721],[-79.5308,40.12771],[-79.5282,40.12411],[-79.52409,40.12581],[-79.5215,40.12801],[-79.5174,40.13191],[-79.5151,40.13461],[-79.5122,40.13591],[-79.5087,40.13801],[-79.50549,40.14031],[-79.50159,40.14111],[-79.49519,40.14131],[-79.49,40.14111],[-79.4866,40.14291],[-79.4833,40.14341],[-79.48039,40.14301],[-79.47825,40.1419]]]}},{"type":"Feature","properties":{"state":"PA","zone":"009","cwa":"PBZ","name":"Forest","state_zone":"PA009"},"geometry":{"type":"Polygon","coordinates":[[[-79.2486,41.62771],[-79.2007,41.62751],[-79.12479,41.62661],[-79.11449,41.62661],[-79.0982,41.62621],[-79.0832,41.62621],[-79.0553,41.62561],[-79.04369,41.62511],[-79.0335,41.62511],[-78.9865,41.62431],[-78.9628,41.62411],[-78.9591,41.62391],[-78.95599,41.62461],[-78.95599,41.62071],[-78.9564,41.61271],[-78.9574,41.57751],[-78.95789,41.54721],[-78.9585,41.53101],[-78.95879,41.51571],[-78.95879,41.50751],[-78.9591,41.50001],[-78.959,41.43701],[-78.9767,41.43691],[-78.9767,41.45171],[-79.06319,41.45321],[-79.0637,41.44961],[-79.064,41.44221],[-79.06609,41.42321],[-79.0936,41.42331],[-79.0947,41.37631],[-79.09499,41.37161],[-79.09499,41.34901],[-79.09409,41.34091],[-79.0989,41.34231],[-79.1029,41.34241],[-79.1049,41.34101],[-79.1068,41.33611],[-79.1049,41.33241],[-79.1046,41.32981],[-79.106,41.32711],[-79.1097,41.32551],[-79.11269,41.32511],[-79.11539,41.32611],[-79.1169,41.32751],[-79.12289,41.33031],[-79.1256,41.33261],[-79.13229,41.33901],[-79.13689,41.34151],[-79.1404,41.34061],[-79.1484,41.33161],[-79.1552,41.32881],[-79.15929,41.32961],[-79.1628,41.33251],[-79.1625,41.33621],[-79.1605,41.33921],[-79.16029,41.34091],[-79.16209,41.34291],[-79.1672,41.34341],[-79.1691,41.34061],[-79.1682,41.33691],[-79.16679,41.33301],[-79.167,41.33071],[-79.171,41.32641],[-79.1746,41.32561],[-79.1764,41.32961],[-79.1758,41.33601],[-79.1794,41.33881],[-79.1856,41.33841],[-79.1869,41.33411],[-79.1862,41.32941],[-79.1881,41.32641],[-79.19019,41.32501],[-79.19299,41.32411],[-79.2025,41.32681],[-79.2046,41.32871],[-79.2057,41.33051],[-79.2084,41.33171],[-79.2089,41.33401],[-79.20869,41.36841],[-79.2071,41.41761],[-79.2072,41.43071],[-79.21719,41.43101],[-79.2248,41.43091],[-79.2736,41.43161],[-79.35509,41.43241],[-79.3578,41.43291],[-79.3578,41.43611],[-79.3789,41.43621],[-79.39999,41.43551],[-79.4003,41.42641],[-79.4005,41.41291],[-79.4003,41.40311],[-79.4004,41.38661],[-79.4556,41.38651],[-79.47269,41.38631],[-79.4779,41.38531],[-79.4782,41.44011],[-79.5218,41.44051],[-79.52209,41.46041],[-79.5219,41.46521],[-79.5123,41.46521],[-79.5112,41.50021],[-79.5121,41.62451],[-79.4936,41.62471],[-79.47839,41.62501],[-79.4751,41.62521],[-79.4026,41.62571],[-79.3633,41.62641],[-79.2486,41.62771]]]}},{"type":"Feature","properties":{"state":"PA","zone":"036","cwa":"CTP","name":"Franklin","state_zone":"PA036"},"geometry":{"type":"Polygon","coordinates":[[[-77.6707,40.25721],[-77.6662,40.25181],[-77.6581,40.25651],[-77.6552,40.25801],[-77.6524,40.25871],[-77.6495,40.25911],[-77.64629,40.25911],[-77.644,40.25711],[-77.6459,40.25281],[-77.6482,40.24961],[-77.64999,40.24791],[-77.64539,40.23891],[-77.6489,40.23331],[-77.6513,40.22991],[-77.65099,40.22681],[-77.6485,40.22181],[-77.6459,40.22381],[-77.6433,40.21821],[-77.6399,40.21771],[-77.62469,40.22751],[-77.6212,40.22931],[-77.617,40.23211],[-77.613,40.23321],[-77.6097,40.23281],[-77.6078,40.23111],[-77.6057,40.22801],[-77.60619,40.22371],[-77.60609,40.21551],[-77.6066,40.20411],[-77.6129,40.19971],[-77.62289,40.19151],[-77.6259,40.18941],[-77.6244,40.18441],[-77.6168,40.17291],[-77.614,40.16971],[-77.6139,40.16571],[-77.6132,40.16271],[-77.6111,40.15881],[-77.61,40.15631],[-77.6092,40.15391],[-77.6069,40.15221],[-77.6038,40.15061],[-77.6019,40.14831],[-77.59869,40.14661],[-77.5927,40.14021],[-77.5925,40.13621],[-77.5906,40.13421],[-77.58739,40.13391],[-77.5844,40.13411],[-77.5814,40.13351],[-77.5766,40.12921],[-77.5729,40.12731],[-77.56969,40.12611],[-77.56499,40.12181],[-77.56429,40.11991],[-77.5629,40.11861],[-77.5627,40.11621],[-77.559,40.10431],[-77.55849,40.10191],[-77.56049,40.09911],[-77.5606,40.09541],[-77.55779,40.09441],[-77.5542,40.09551],[-77.5522,40.09411],[-77.5505,40.09211],[-77.5484,40.09001],[-77.54559,40.08991],[-77.5429,40.08901],[-77.54449,40.08571],[-77.5433,40.08291],[-77.5414,40.07981],[-77.5449,40.07791],[-77.54099,40.07501],[-77.5411,40.07011],[-77.53889,40.06991],[-77.53629,40.07001],[-77.5339,40.06911],[-77.5327,40.06631],[-77.5322,40.06171],[-77.52959,40.05731],[-77.53049,40.05481],[-77.5318,40.05201],[-77.53139,40.04831],[-77.5272,40.04651],[-77.5201,40.04591],[-77.518,40.04371],[-77.51949,40.04011],[-77.5182,40.03781],[-77.5153,40.03481],[-77.5123,40.03321],[-77.5098,40.03111],[-77.508,40.02871],[-77.50909,40.02541],[-77.5076,40.02211],[-77.5056,40.01921],[-77.4999,40.01291],[-77.4986,40.00931],[-77.4958,40.00561],[-77.4899,40.00171],[-77.4882,40.00001],[-77.4869,39.99821],[-77.4847,39.99601],[-77.47919,39.99191],[-77.474,39.99111],[-77.4715,39.98751],[-77.46809,39.98601],[-77.46619,39.98481],[-77.46249,39.97861],[-77.4591,39.97631],[-77.4548,39.97371],[-77.458,39.96611],[-77.4648,39.95531],[-77.47079,39.94541],[-77.47079,39.93211],[-77.4704,39.92861],[-77.4698,39.91711],[-77.46799,39.88981],[-77.4656,39.85531],[-77.46519,39.85151],[-77.46449,39.83911],[-77.4632,39.82351],[-77.4629,39.81411],[-77.46259,39.81121],[-77.4622,39.79451],[-77.46069,39.76031],[-77.4604,39.74621],[-77.4594,39.72001],[-77.4674,39.72001],[-77.4696,39.71961],[-77.4722,39.72001],[-77.5112,39.71991],[-77.56609,39.72041],[-77.6539,39.72061],[-77.6785,39.72091],[-77.71539,39.72101],[-77.7291,39.72121],[-77.7551,39.72121],[-77.799,39.72171],[-77.8752,39.72221],[-77.891,39.72211],[-77.9675,39.72241],[-78.0636,39.72241],[-78.0871,39.72221],[-78.0981,39.72261],[-78.0936,39.72701],[-78.06899,39.74841],[-78.0673,39.75121],[-78.0665,39.75381],[-78.0629,39.75941],[-78.0589,39.76411],[-78.0533,39.77001],[-78.05119,39.77291],[-78.0494,39.77491],[-78.0407,39.78581],[-78.03699,39.79011],[-78.0357,39.79251],[-78.0321,39.79581],[-78.02859,39.79951],[-78.0177,39.80841],[-78.0124,39.81451],[-78.0023,39.82731],[-78.0,39.83121],[-77.9966,39.83611],[-77.9931,39.84251],[-77.9907,39.84581],[-77.9863,39.85261],[-77.9834,39.85661],[-77.97949,39.86341],[-77.97739,39.86751],[-77.976,39.87081],[-77.97479,39.87241],[-77.97359,39.87501],[-77.9702,39.88491],[-77.9692,39.88681],[-77.9684,39.88931],[-77.967,39.89241],[-77.9655,39.89481],[-77.9648,39.89801],[-77.9637,39.90071],[-77.9617,39.90391],[-77.96,39.90811],[-77.9585,39.91351],[-77.9566,39.91631],[-77.9548,39.92021],[-77.9544,39.92241],[-77.95509,39.92421],[-77.95589,39.92731],[-77.9535,39.93131],[-77.95129,39.93271],[-77.9482,39.93421],[-77.946,39.93641],[-77.94289,39.94231],[-77.94109,39.94421],[-77.9375,39.94991],[-77.9371,39.95621],[-77.9356,39.96161],[-77.93359,39.96551],[-77.93069,39.97351],[-77.9263,39.97931],[-77.9241,39.98521],[-77.9221,39.98761],[-77.91949,39.99271],[-77.9209,39.99761],[-77.92049,40.00071],[-77.9189,40.00381],[-77.9161,40.00741],[-77.9142,40.01021],[-77.9119,40.01231],[-77.9096,40.01481],[-77.90749,40.01641],[-77.9051,40.02011],[-77.90389,40.02351],[-77.8994,40.02821],[-77.894,40.03291],[-77.8912,40.03661],[-77.8838,40.04771],[-77.8816,40.05011],[-77.8764,40.05461],[-77.8741,40.05591],[-77.8681,40.05981],[-77.8657,40.06111],[-77.86369,40.06161],[-77.8613,40.06271],[-77.8595,40.06481],[-77.8556,40.07071],[-77.8528,40.07631],[-77.8483,40.08251],[-77.8466,40.08511],[-77.8432,40.09211],[-77.8397,40.09761],[-77.83669,40.10301],[-77.8335,40.10761],[-77.8303,40.11271],[-77.8285,40.11501],[-77.8267,40.11801],[-77.8232,40.12281],[-77.8212,40.12601],[-77.8195,40.12841],[-77.81709,40.13111],[-77.8148,40.13461],[-77.81319,40.13881],[-77.81139,40.14261],[-77.8089,40.14631],[-77.80379,40.15481],[-77.8025,40.15671],[-77.79839,40.16371],[-77.79459,40.16941],[-77.78899,40.17691],[-77.78,40.18841],[-77.77579,40.19341],[-77.7734,40.19721],[-77.7686,40.20381],[-77.766,40.20601],[-77.75639,40.21731],[-77.7512,40.22311],[-77.7457,40.22871],[-77.7437,40.23101],[-77.7409,40.23381],[-77.7383,40.23681],[-77.7287,40.24621],[-77.7224,40.25171],[-77.7197,40.25381],[-77.71609,40.25601],[-77.71249,40.25851],[-77.708,40.26221],[-77.70319,40.26401],[-77.6997,40.26481],[-77.6978,40.26671],[-77.69099,40.27271],[-77.6878,40.27471],[-77.6809,40.28061],[-77.6787,40.28271],[-77.6713,40.29041],[-77.66409,40.28031],[-77.6598,40.27471],[-77.6578,40.26921],[-77.6616,40.26631],[-77.6688,40.26041],[-77.6707,40.25721]]]}},{"type":"Feature","properties":{"state":"PA","zone":"035","cwa":"CTP","name":"Fulton","state_zone":"PA035"},"geometry":{"type":"Polygon","coordinates":[[[-77.86369,40.06161],[-77.8657,40.06111],[-77.8681,40.05981],[-77.8741,40.05591],[-77.8764,40.05461],[-77.8816,40.05011],[-77.8838,40.04771],[-77.8912,40.03661],[-77.894,40.03291],[-77.8994,40.02821],[-77.90389,40.02351],[-77.9051,40.02011],[-77.90749,40.01641],[-77.9096,40.01481],[-77.9119,40.01231],[-77.9142,40.01021],[-77.9161,40.00741],[-77.9189,40.00381],[-77.92049,40.00071],[-77.9209,39.99761],[-77.91949,39.99271],[-77.9221,39.98761],[-77.9241,39.98521],[-77.9263,39.97931],[-77.93069,39.97351],[-77.93359,39.96551],[-77.9356,39.96161],[-77.9371,39.95621],[-77.9375,39.94991],[-77.94109,39.94421],[-77.94289,39.94231],[-77.946,39.93641],[-77.9482,39.93421],[-77.95129,39.93271],[-77.9535,39.93131],[-77.95589,39.92731],[-77.95509,39.92421],[-77.9544,39.92241],[-77.9548,39.92021],[-77.9566,39.91631],[-77.9585,39.91351],[-77.96,39.90811],[-77.9617,39.90391],[-77.9637,39.90071],[-77.9648,39.89801],[-77.9655,39.89481],[-77.967,39.89241],[-77.9684,39.88931],[-77.9692,39.88681],[-77.9702,39.88491],[-77.97359,39.87501],[-77.97479,39.87241],[-77.976,39.87081],[-77.97739,39.86751],[-77.97949,39.86341],[-77.9834,39.85661],[-77.9863,39.85261],[-77.9907,39.84581],[-77.9931,39.84251],[-77.9966,39.83611],[-78.0,39.83121],[-78.0023,39.82731],[-78.0124,39.81451],[-78.0177,39.80841],[-78.02859,39.79951],[-78.0321,39.79581],[-78.0357,39.79251],[-78.03699,39.79011],[-78.0407,39.78581],[-78.0494,39.77491],[-78.05119,39.77291],[-78.0533,39.77001],[-78.0589,39.76411],[-78.0629,39.75941],[-78.0665,39.75381],[-78.0673,39.75121],[-78.06899,39.74841],[-78.0936,39.72701],[-78.0981,39.72261],[-78.1133,39.72221],[-78.1339,39.72241],[-78.20309,39.72251],[-78.2372,39.72271],[-78.2403,39.72251],[-78.24969,39.72281],[-78.26929,39.72261],[-78.3145,39.72301],[-78.3387,39.72251],[-78.3453,39.72171],[-78.3532,39.72271],[-78.37469,39.72261],[-78.38029,39.72271],[-78.3744,39.72781],[-78.37119,39.73141],[-78.3632,39.74141],[-78.3519,39.75371],[-78.3489,39.75661],[-78.346,39.75911],[-78.3436,39.76171],[-78.3416,39.76541],[-78.3373,39.77161],[-78.334,39.77551],[-78.3286,39.78131],[-78.3275,39.78411],[-78.3257,39.78701],[-78.323,39.79211],[-78.322,39.79481],[-78.3201,39.79671],[-78.3173,39.80001],[-78.299,39.82521],[-78.29269,39.83861],[-78.291,39.84261],[-78.28989,39.84601],[-78.2873,39.85141],[-78.28439,39.85931],[-78.281,39.86731],[-78.2794,39.87191],[-78.27789,39.87741],[-78.27699,39.87981],[-78.27579,39.88231],[-78.2719,39.88921],[-78.271,39.89131],[-78.2702,39.89341],[-78.2689,39.90001],[-78.2673,39.90331],[-78.24969,39.93611],[-78.2434,39.94591],[-78.241,39.94791],[-78.2392,39.95091],[-78.2382,39.95531],[-78.2372,39.95831],[-78.2353,39.96281],[-78.23389,39.96591],[-78.2309,39.97141],[-78.22549,39.98321],[-78.22369,39.98641],[-78.21899,39.99401],[-78.2159,39.99761],[-78.21339,40.00011],[-78.2091,40.00501],[-78.2016,40.01411],[-78.2036,40.01731],[-78.2035,40.02091],[-78.2029,40.02401],[-78.2027,40.02711],[-78.20319,40.03031],[-78.2049,40.03261],[-78.2055,40.03671],[-78.2047,40.04101],[-78.2026,40.04341],[-78.19939,40.04571],[-78.1972,40.04641],[-78.19099,40.04681],[-78.18719,40.04781],[-78.1839,40.05081],[-78.1822,40.05461],[-78.1813,40.05841],[-78.183,40.05931],[-78.1853,40.06081],[-78.187,40.06421],[-78.1896,40.06611],[-78.1934,40.06681],[-78.19659,40.06701],[-78.19939,40.06771],[-78.2029,40.06951],[-78.2047,40.07261],[-78.20429,40.07581],[-78.2036,40.07921],[-78.2036,40.08251],[-78.20509,40.08581],[-78.1974,40.09431],[-78.18829,40.10181],[-78.15829,40.12221],[-78.1569,40.12511],[-78.13969,40.15611],[-78.1346,40.16491],[-78.1327,40.16421],[-78.1097,40.15101],[-78.07819,40.13351],[-78.0607,40.12961],[-78.0393,40.12511],[-78.0293,40.12281],[-78.02399,40.12191],[-78.00999,40.11911],[-77.9501,40.10691],[-77.92529,40.10331],[-77.9172,40.09851],[-77.89529,40.08321],[-77.86369,40.06161]]]}},{"type":"Feature","properties":{"state":"PA","zone":"031","cwa":"PBZ","name":"Greene","state_zone":"PA031"},"geometry":{"type":"Polygon","coordinates":[[[-79.9996,39.98391],[-80.003,39.98161],[-80.0062,39.97981],[-80.0086,39.97781],[-80.0099,39.97561],[-80.0106,39.97291],[-80.0107,39.97031],[-80.0102,39.96181],[-80.009,39.95851],[-80.007,39.95621],[-79.9996,39.95141],[-79.9968,39.95011],[-79.99409,39.94951],[-79.9907,39.94981],[-79.987,39.95091],[-79.97929,39.95391],[-79.97479,39.95501],[-79.9716,39.95541],[-79.96809,39.95551],[-79.9642,39.95501],[-79.9583,39.95361],[-79.9556,39.95251],[-79.953,39.95111],[-79.95029,39.94931],[-79.9437,39.94391],[-79.9413,39.94121],[-79.9351,39.93361],[-79.9306,39.92901],[-79.92709,39.92611],[-79.9248,39.92381],[-79.9231,39.92041],[-79.9238,39.91691],[-79.9274,39.91231],[-79.92889,39.90951],[-79.9295,39.90701],[-79.9291,39.90431],[-79.9285,39.90261],[-79.9246,39.89601],[-79.92339,39.89331],[-79.922,39.89131],[-79.92039,39.88861],[-79.9171,39.88481],[-79.9154,39.88051],[-79.9166,39.87711],[-79.9194,39.87521],[-79.9255,39.87311],[-79.92899,39.87071],[-79.9305,39.86711],[-79.9295,39.86501],[-79.9266,39.86151],[-79.925,39.85931],[-79.9246,39.85671],[-79.92599,39.85401],[-79.9277,39.85261],[-79.93629,39.84791],[-79.93819,39.84611],[-79.93819,39.84351],[-79.93639,39.84171],[-79.9332,39.84051],[-79.93069,39.84031],[-79.9277,39.83971],[-79.9246,39.83831],[-79.923,39.83511],[-79.9218,39.83171],[-79.9219,39.82351],[-79.92149,39.82031],[-79.9213,39.81661],[-79.9209,39.81421],[-79.91959,39.81161],[-79.91779,39.80921],[-79.9162,39.80741],[-79.91409,39.80551],[-79.9118,39.80241],[-79.91019,39.79961],[-79.90929,39.79741],[-79.9088,39.79351],[-79.9099,39.79071],[-79.9116,39.78931],[-79.91399,39.78801],[-79.9165,39.78721],[-79.9211,39.78661],[-79.9276,39.78641],[-79.92989,39.78611],[-79.93259,39.78471],[-79.9343,39.78171],[-79.935,39.77851],[-79.93439,39.77531],[-79.9329,39.77111],[-79.9339,39.76771],[-79.93449,39.76421],[-79.9325,39.76051],[-79.9304,39.75751],[-79.9285,39.75601],[-79.9255,39.75461],[-79.92239,39.75361],[-79.9157,39.75251],[-79.91309,39.75171],[-79.91029,39.74981],[-79.9072,39.74741],[-79.905,39.74521],[-79.9035,39.74281],[-79.9033,39.74011],[-79.9043,39.73721],[-79.9057,39.73421],[-79.90929,39.72951],[-79.9105,39.72751],[-79.9126,39.72471],[-79.9157,39.72101],[-79.9247,39.72071],[-79.9502,39.72071],[-79.99979,39.72121],[-80.0803,39.72141],[-80.0843,39.72121],[-80.10519,39.72111],[-80.2278,39.72121],[-80.24979,39.72101],[-80.30779,39.72131],[-80.3716,39.72141],[-80.4115,39.72121],[-80.4219,39.72051],[-80.4259,39.72121],[-80.4677,39.72131],[-80.4956,39.72121],[-80.5149,39.72141],[-80.51929,39.72231],[-80.51929,39.73731],[-80.51949,39.74441],[-80.51929,39.76411],[-80.5195,39.76731],[-80.51929,39.77991],[-80.51939,39.80621],[-80.5191,39.83311],[-80.5192,39.83601],[-80.519,39.84471],[-80.519,39.86531],[-80.5192,39.87511],[-80.519,39.87811],[-80.5189,39.89661],[-80.51929,39.93341],[-80.5192,39.95801],[-80.5188,39.96311],[-80.5155,39.96101],[-80.51279,39.96011],[-80.5106,39.95961],[-80.5077,39.95701],[-80.5009,39.95441],[-80.50089,39.95681],[-80.4973,39.95851],[-80.493,39.95911],[-80.4907,39.96101],[-80.48859,39.96161],[-80.4872,39.96031],[-80.48869,39.95841],[-80.4909,39.95681],[-80.4901,39.95451],[-80.4869,39.95461],[-80.48199,39.95341],[-80.48029,39.95271],[-80.4757,39.95221],[-80.4716,39.95461],[-80.4665,39.95561],[-80.46809,39.95811],[-80.4704,39.96071],[-80.4685,39.96141],[-80.46519,39.96121],[-80.46149,39.96181],[-80.4591,39.96361],[-80.46149,39.96661],[-80.45789,39.96891],[-80.4554,39.97081],[-80.4536,39.97271],[-80.45129,39.97041],[-80.4508,39.96751],[-80.4483,39.96711],[-80.44769,39.97001],[-80.4444,39.97461],[-80.4353,39.97741],[-80.4324,39.97701],[-80.4296,39.97551],[-80.4266,39.97271],[-80.4226,39.97271],[-80.42049,39.97461],[-80.4172,39.97531],[-80.4134,39.97671],[-80.40929,39.97661],[-80.4051,39.97741],[-80.4015,39.97831],[-80.3974,39.97781],[-80.396,39.97961],[-80.39549,39.98311],[-80.3929,39.98601],[-80.391,39.98781],[-80.38779,39.98921],[-80.3798,39.99371],[-80.3752,39.99511],[-80.3725,39.99641],[-80.37,39.99701],[-80.35709,39.99701],[-80.35439,39.99741],[-80.3512,40.00031],[-80.3481,40.00101],[-80.3443,40.00061],[-80.3417,40.00191],[-80.3332,40.00361],[-80.33099,40.00481],[-80.3286,40.00511],[-80.3256,40.00481],[-80.3224,40.00561],[-80.3203,40.00491],[-80.3175,40.00351],[-80.3152,40.00371],[-80.313,40.00341],[-80.3111,40.00481],[-80.3092,40.00751],[-80.31,40.01271],[-80.3103,40.01671],[-80.3069,40.01811],[-80.30379,40.01991],[-80.3007,40.02041],[-80.29749,40.01991],[-80.29449,40.01871],[-80.2921,40.02031],[-80.28799,40.01921],[-80.2859,40.01571],[-80.2847,40.01281],[-80.2802,40.01301],[-80.27679,40.01291],[-80.2737,40.01331],[-80.2728,40.01081],[-80.27209,40.00761],[-80.2746,40.00671],[-80.27579,40.00481],[-80.2736,40.00291],[-80.27,40.00281],[-80.26649,40.00191],[-80.2625,40.00291],[-80.2593,40.00391],[-80.2565,40.00331],[-80.25349,40.00511],[-80.25159,40.00751],[-80.2457,40.00711],[-80.24339,40.00751],[-80.2418,40.00941],[-80.2393,40.00931],[-80.2362,40.00861],[-80.2333,40.00831],[-80.2308,40.00761],[-80.2282,40.00741],[-80.226,40.00751],[-80.22359,40.00531],[-80.2186,40.00381],[-80.2142,40.00281],[-80.2118,40.00331],[-80.2082,40.00491],[-80.2044,40.00351],[-80.199,40.00391],[-80.1953,40.00501],[-80.1935,40.00451],[-80.19109,40.00241],[-80.1879,40.00291],[-80.1832,40.00311],[-80.1803,40.00711],[-80.1759,40.00801],[-80.1737,40.00701],[-80.1703,40.00581],[-80.1666,40.00501],[-80.1624,40.00361],[-80.1599,40.00241],[-80.1563,39.99931],[-80.1553,39.99651],[-80.15279,39.99641],[-80.1502,39.99451],[-80.1465,39.99431],[-80.14429,39.99371],[-80.14169,39.99351],[-80.1365,39.99241],[-80.1336,39.99061],[-80.1292,39.98851],[-80.1223,39.99011],[-80.12009,39.99081],[-80.1179,39.99121],[-80.11079,39.98841],[-80.1087,39.98991],[-80.1054,39.99091],[-80.1022,39.99051],[-80.0972,39.99171],[-80.0927,39.99191],[-80.08739,39.99081],[-80.0724,40.00011],[-80.06779,40.00341],[-80.0666,40.00521],[-80.0643,40.00661],[-80.0611,40.00891],[-80.0581,40.00811],[-80.0591,40.00451],[-80.05379,40.00481],[-80.05,40.00631],[-80.047,40.00451],[-80.04559,40.00231],[-80.0443,39.99921],[-80.03989,39.99611],[-80.0433,39.99461],[-80.04649,39.99291],[-80.0508,39.98891],[-80.0489,39.98591],[-80.04549,39.98471],[-80.049,39.97981],[-80.047,39.97781],[-80.04379,39.97661],[-80.04099,39.97471],[-80.0379,39.97501],[-80.03529,39.97601],[-80.03239,39.97781],[-80.0336,39.98071],[-80.0331,39.98351],[-80.0282,39.98291],[-80.0254,39.98131],[-80.0225,39.98031],[-80.0207,39.97891],[-80.0181,39.97761],[-80.0154,39.97911],[-80.0134,39.98151],[-80.0105,39.98331],[-80.0071,39.98461],[-80.0049,39.98461],[-79.9996,39.98391]]]}},{"type":"Feature","properties":{"state":"PA","zone":"026","cwa":"CTP","name":"Huntingdon","state_zone":"PA026"},"geometry":{"type":"Polygon","coordinates":[[[-77.6813,40.72971],[-77.6766,40.71641],[-77.68159,40.71371],[-77.6889,40.71071],[-77.701,40.70511],[-77.69949,40.69921],[-77.7005,40.69571],[-77.70309,40.69271],[-77.70689,40.69141],[-77.7073,40.68801],[-77.7038,40.67991],[-77.7001,40.68091],[-77.6945,40.68201],[-77.6889,40.68401],[-77.6861,40.68451],[-77.6825,40.68391],[-77.6871,40.67671],[-77.69099,40.67471],[-77.6944,40.67261],[-77.7108,40.66201],[-77.71539,40.65991],[-77.7202,40.65661],[-77.7244,40.65141],[-77.72749,40.64911],[-77.7308,40.64701],[-77.73479,40.64491],[-77.7381,40.64261],[-77.74329,40.63891],[-77.75079,40.63291],[-77.7538,40.63151],[-77.75909,40.62961],[-77.7704,40.62651],[-77.7735,40.62511],[-77.77579,40.62281],[-77.7804,40.61901],[-77.78809,40.61171],[-77.7925,40.60781],[-77.7951,40.60521],[-77.7991,40.60231],[-77.8007,40.60021],[-77.8099,40.59061],[-77.81219,40.58851],[-77.8144,40.58581],[-77.8174,40.58251],[-77.8201,40.58001],[-77.82179,40.57801],[-77.8286,40.56891],[-77.83289,40.56221],[-77.8373,40.55611],[-77.8387,40.55451],[-77.8407,40.55161],[-77.8321,40.53091],[-77.8211,40.50921],[-77.8164,40.49961],[-77.8183,40.49841],[-77.8261,40.49261],[-77.8287,40.49101],[-77.8314,40.48811],[-77.8358,40.48421],[-77.8378,40.48151],[-77.84209,40.47641],[-77.8435,40.47421],[-77.848,40.46961],[-77.8501,40.46701],[-77.8557,40.46071],[-77.85889,40.45771],[-77.86089,40.45521],[-77.8653,40.45071],[-77.8671,40.44861],[-77.8695,40.44611],[-77.8742,40.44191],[-77.8762,40.43981],[-77.88039,40.43601],[-77.88599,40.43041],[-77.8894,40.42801],[-77.8912,40.42571],[-77.8923,40.42351],[-77.89349,40.42181],[-77.8978,40.41691],[-77.9076,40.41201],[-77.91399,40.40821],[-77.9136,40.39821],[-77.8921,40.39861],[-77.8891,40.39791],[-77.8881,40.39191],[-77.8844,40.39221],[-77.8818,40.39271],[-77.8759,40.39351],[-77.8727,40.39321],[-77.87029,40.39151],[-77.8715,40.38781],[-77.8725,40.38561],[-77.87289,40.38331],[-77.8723,40.38081],[-77.8696,40.37671],[-77.8657,40.37211],[-77.8615,40.36991],[-77.8593,40.36691],[-77.8568,40.36531],[-77.85349,40.36481],[-77.8502,40.36581],[-77.8464,40.36811],[-77.8443,40.36891],[-77.84109,40.36911],[-77.8378,40.36891],[-77.83569,40.36801],[-77.83379,40.36691],[-77.8294,40.36381],[-77.8264,40.36251],[-77.823,40.36121],[-77.8205,40.36061],[-77.8177,40.36091],[-77.8154,40.36221],[-77.81339,40.36391],[-77.8103,40.36821],[-77.7989,40.36861],[-77.77859,40.36871],[-77.7608,40.36961],[-77.7534,40.37741],[-77.7513,40.37941],[-77.75,40.37451],[-77.7459,40.36461],[-77.7392,40.34921],[-77.72559,40.31661],[-77.7226,40.31021],[-77.71799,40.29941],[-77.71329,40.28741],[-77.70959,40.27931],[-77.70319,40.26401],[-77.708,40.26221],[-77.71249,40.25851],[-77.71609,40.25601],[-77.7197,40.25381],[-77.7224,40.25171],[-77.7287,40.24621],[-77.7383,40.23681],[-77.7409,40.23381],[-77.7437,40.23101],[-77.7457,40.22871],[-77.7512,40.22311],[-77.75639,40.21731],[-77.766,40.20601],[-77.7686,40.20381],[-77.7734,40.19721],[-77.77579,40.19341],[-77.78,40.18841],[-77.78899,40.17691],[-77.79459,40.16941],[-77.79839,40.16371],[-77.8025,40.15671],[-77.80379,40.15481],[-77.8089,40.14631],[-77.81139,40.14261],[-77.81319,40.13881],[-77.8148,40.13461],[-77.81709,40.13111],[-77.8195,40.12841],[-77.8212,40.12601],[-77.8232,40.12281],[-77.8267,40.11801],[-77.8285,40.11501],[-77.8303,40.11271],[-77.8335,40.10761],[-77.83669,40.10301],[-77.8397,40.09761],[-77.8432,40.09211],[-77.8466,40.08511],[-77.8483,40.08251],[-77.8528,40.07631],[-77.8556,40.07071],[-77.8595,40.06481],[-77.8613,40.06271],[-77.86369,40.06161],[-77.89529,40.08321],[-77.9172,40.09851],[-77.92529,40.10331],[-77.9501,40.10691],[-78.00999,40.11911],[-78.02399,40.12191],[-78.0293,40.12281],[-78.0393,40.12511],[-78.0607,40.12961],[-78.07819,40.13351],[-78.1097,40.15101],[-78.1327,40.16421],[-78.1346,40.16491],[-78.1372,40.16681],[-78.14059,40.16881],[-78.1814,40.19251],[-78.22739,40.21951],[-78.2305,40.22121],[-78.2361,40.22461],[-78.23689,40.22681],[-78.244,40.25011],[-78.24899,40.26791],[-78.2533,40.28361],[-78.2567,40.29881],[-78.2502,40.31161],[-78.2475,40.31611],[-78.2457,40.31861],[-78.236,40.33321],[-78.2316,40.33891],[-78.2241,40.34701],[-78.2223,40.34831],[-78.2196,40.35071],[-78.21629,40.35391],[-78.2142,40.35631],[-78.21249,40.35891],[-78.2113,40.36141],[-78.21049,40.36371],[-78.209,40.36711],[-78.2067,40.37001],[-78.2055,40.37271],[-78.2039,40.37501],[-78.1992,40.38051],[-78.1969,40.38351],[-78.1912,40.39151],[-78.1889,40.39581],[-78.18629,40.39991],[-78.1819,40.40471],[-78.17799,40.40861],[-78.1738,40.41431],[-78.17139,40.41721],[-78.16859,40.42141],[-78.16019,40.43271],[-78.157,40.43621],[-78.15549,40.43851],[-78.15189,40.44501],[-78.14899,40.44891],[-78.1423,40.45971],[-78.13419,40.47321],[-78.1301,40.48271],[-78.12949,40.48571],[-78.12949,40.48921],[-78.1308,40.49081],[-78.1318,40.49311],[-78.13319,40.49541],[-78.1357,40.49611],[-78.1405,40.49321],[-78.1452,40.48991],[-78.15099,40.48691],[-78.15359,40.48931],[-78.15379,40.49301],[-78.15359,40.49691],[-78.1521,40.50481],[-78.15079,40.50951],[-78.1493,40.52391],[-78.14809,40.52961],[-78.1468,40.53411],[-78.1455,40.53681],[-78.1403,40.54531],[-78.1391,40.55111],[-78.1344,40.55911],[-78.1325,40.56301],[-78.1289,40.56791],[-78.1307,40.56921],[-78.133,40.57021],[-78.1357,40.56931],[-78.1375,40.56581],[-78.14,40.55841],[-78.1418,40.55611],[-78.1448,40.55361],[-78.145,40.55051],[-78.1461,40.54801],[-78.1492,40.54611],[-78.1492,40.54351],[-78.15009,40.54131],[-78.1523,40.54071],[-78.155,40.54031],[-78.1579,40.53801],[-78.1618,40.53701],[-78.1637,40.53521],[-78.16689,40.53171],[-78.17049,40.53371],[-78.17339,40.53451],[-78.1762,40.53451],[-78.1785,40.53741],[-78.18069,40.53961],[-78.1823,40.54161],[-78.186,40.54491],[-78.18739,40.54841],[-78.18999,40.55181],[-78.19289,40.55441],[-78.1945,40.55611],[-78.1965,40.55881],[-78.19379,40.56271],[-78.19109,40.56611],[-78.1878,40.57071],[-78.186,40.57371],[-78.1833,40.57691],[-78.1783,40.58381],[-78.17789,40.58751],[-78.1786,40.59041],[-78.1801,40.59351],[-78.18369,40.59531],[-78.16869,40.61631],[-78.16779,40.61921],[-78.1698,40.62121],[-78.17149,40.62411],[-78.1726,40.62741],[-78.17519,40.62811],[-78.1784,40.62711],[-78.18169,40.62881],[-78.1833,40.63031],[-78.186,40.63181],[-78.18909,40.63291],[-78.1902,40.63561],[-78.19189,40.63821],[-78.1963,40.63891],[-78.1963,40.64141],[-78.1972,40.64481],[-78.19849,40.64841],[-78.2027,40.65291],[-78.20589,40.65501],[-78.2074,40.65681],[-78.2138,40.66551],[-78.2207,40.67311],[-78.22169,40.67511],[-78.2178,40.68171],[-78.2148,40.68581],[-78.2095,40.69141],[-78.2071,40.69321],[-78.2049,40.69551],[-78.2024,40.69761],[-78.1999,40.69851],[-78.19579,40.69711],[-78.19119,40.70031],[-78.18919,40.70131],[-78.18279,40.70571],[-78.1746,40.71011],[-78.1688,40.71281],[-78.16409,40.71351],[-78.1628,40.71201],[-78.1608,40.71181],[-78.1581,40.71241],[-78.1557,40.71441],[-78.15569,40.71711],[-78.1524,40.71871],[-78.1487,40.71991],[-78.1451,40.72131],[-78.13799,40.72491],[-78.127,40.73171],[-78.1215,40.73571],[-78.1189,40.73721],[-78.1168,40.73901],[-78.1066,40.73671],[-77.9442,40.69161],[-77.9049,40.71081],[-77.8918,40.71741],[-77.88499,40.72051],[-77.8684,40.72701],[-77.864,40.72901],[-77.85259,40.73331],[-77.84769,40.73531],[-77.8389,40.73851],[-77.83279,40.74101],[-77.82809,40.74271],[-77.8249,40.74351],[-77.81339,40.73851],[-77.8101,40.73731],[-77.7896,40.72821],[-77.7687,40.71921],[-77.74969,40.72241],[-77.73689,40.72431],[-77.71819,40.72681],[-77.71049,40.71451],[-77.6838,40.72871],[-77.6813,40.72971]]]}},{"type":"Feature","properties":{"state":"PA","zone":"077","cwa":"PBZ","name":"Indiana","state_zone":"PA077"},"geometry":{"type":"Polygon","coordinates":[[[-78.80811,40.72059],[-78.83444,40.71268],[-78.84895,40.71471],[-78.85635,40.71162],[-78.86198,40.70226],[-78.86865,40.6819],[-78.8808,40.67512],[-78.89059,40.67092],[-78.89732,40.66758],[-78.90367,40.66822],[-78.91638,40.67159],[-78.92401,40.6713],[-78.93849,40.667],[-78.94811,40.6661],[-78.95689,40.66652],[-78.96005,40.66184],[-78.96271,40.65629],[-78.97004,40.65319],[-78.97686,40.65538],[-78.98244,40.65774],[-78.99399,40.66669],[-78.99584,40.66876],[-78.99971,40.66818],[-79.00294,40.66713],[-79.00557,40.66407],[-79.012,40.6628],[-79.01675,40.65801],[-79.02238,40.65399],[-79.0288,40.64757],[-79.03898,40.62998],[-79.04682,40.62193],[-79.06261,40.61845],[-79.07296,40.61539],[-79.08068,40.61077],[-79.08574,40.58921],[-79.09772,40.57776],[-79.09867,40.57204],[-79.10182,40.56798],[-79.10772,40.56615],[-79.11742,40.56566],[-79.13236,40.54322],[-79.14709,40.51365],[-79.15228,40.4995],[-79.15849,40.48685],[-79.16451,40.47631],[-79.1904,40.44916],[-79.19494,40.44103],[-79.20673,40.41548],[-79.2072,40.41581],[-79.2104,40.42061],[-79.2128,40.42301],[-79.21529,40.42471],[-79.222,40.42681],[-79.2248,40.42741],[-79.22829,40.42941],[-79.2307,40.43021],[-79.2341,40.43071],[-79.2392,40.43021],[-79.2435,40.43111],[-79.2476,40.43171],[-79.2502,40.42931],[-79.25369,40.42301],[-79.255,40.42141],[-79.2626,40.41711],[-79.26569,40.41641],[-79.26839,40.41681],[-79.271,40.41771],[-79.2735,40.41941],[-79.2737,40.42231],[-79.2718,40.42471],[-79.2699,40.42661],[-79.2695,40.42851],[-79.27049,40.43441],[-79.2725,40.43871],[-79.2747,40.44021],[-79.2779,40.44151],[-79.2807,40.44231],[-79.28329,40.44281],[-79.28539,40.44171],[-79.2878,40.43811],[-79.29,40.43651],[-79.29829,40.43461],[-79.3013,40.43571],[-79.3018,40.43861],[-79.3,40.44471],[-79.3014,40.44801],[-79.30129,40.45181],[-79.299,40.45411],[-79.298,40.45581],[-79.29929,40.45941],[-79.30099,40.46101],[-79.3032,40.46121],[-79.3103,40.45981],[-79.31689,40.45901],[-79.3204,40.45781],[-79.3228,40.45581],[-79.3248,40.45331],[-79.3278,40.45251],[-79.3302,40.45461],[-79.3312,40.46041],[-79.332,40.46251],[-79.33379,40.46461],[-79.3362,40.46641],[-79.3387,40.46991],[-79.3429,40.46971],[-79.34509,40.46771],[-79.3455,40.46441],[-79.3454,40.46081],[-79.34589,40.45481],[-79.3473,40.45281],[-79.3507,40.45191],[-79.3539,40.45171],[-79.35699,40.45211],[-79.3606,40.45491],[-79.362,40.45921],[-79.3623,40.46251],[-79.3605,40.46531],[-79.3585,40.47031],[-79.3577,40.47341],[-79.3574,40.47571],[-79.3596,40.47841],[-79.36259,40.47851],[-79.36549,40.47771],[-79.3669,40.47511],[-79.3668,40.47171],[-79.36639,40.46851],[-79.36639,40.46531],[-79.3681,40.45971],[-79.3704,40.45591],[-79.3741,40.45371],[-79.3818,40.45271],[-79.3865,40.45341],[-79.3917,40.45461],[-79.395,40.45661],[-79.39729,40.46161],[-79.4003,40.46491],[-79.4022,40.46761],[-79.4043,40.47251],[-79.4077,40.47441],[-79.41129,40.47341],[-79.41489,40.47101],[-79.4201,40.47011],[-79.42329,40.47301],[-79.4263,40.48001],[-79.4285,40.48341],[-79.4302,40.48871],[-79.43439,40.48831],[-79.4379,40.48701],[-79.4452,40.48181],[-79.44769,40.48101],[-79.45119,40.48211],[-79.4538,40.48531],[-79.4527,40.48861],[-79.45309,40.49221],[-79.4553,40.49691],[-79.4553,40.50061],[-79.4542,40.50571],[-79.4573,40.51091],[-79.45979,40.51741],[-79.45869,40.52071],[-79.4563,40.52331],[-79.4492,40.52751],[-79.45039,40.53081],[-79.4444,40.53611],[-79.42889,40.55181],[-79.4128,40.56841],[-79.4099,40.57121],[-79.3984,40.58311],[-79.3799,40.60181],[-79.2698,40.71851],[-79.2623,40.72621],[-79.24419,40.74551],[-79.2378,40.75191],[-79.21519,40.77601],[-79.2149,40.78881],[-79.2149,40.80541],[-79.21529,40.87511],[-79.21529,40.91181],[-79.2043,40.91121],[-79.1438,40.91061],[-79.1252,40.91061],[-79.1206,40.91041],[-79.074,40.90981],[-79.0512,40.90971],[-79.01749,40.90921],[-78.9555,40.90861],[-78.9302,40.90791],[-78.91309,40.90761],[-78.867,40.90621],[-78.8052,40.90601],[-78.8059,40.87831],[-78.80589,40.87381],[-78.8064,40.86161],[-78.8064,40.81981],[-78.80659,40.78041],[-78.8064,40.76601],[-78.8063,40.73501],[-78.80569,40.72951],[-78.80309,40.72811],[-78.8017,40.72451],[-78.7998,40.71731],[-78.8018,40.71791],[-78.80811,40.72059]]]}},{"type":"Feature","properties":{"state":"PA","zone":"016","cwa":"PBZ","name":"Jefferson","state_zone":"PA016"},"geometry":{"type":"Polygon","coordinates":[[[-78.7103,41.20181],[-78.76089,41.20261],[-78.7671,41.20141],[-78.7708,41.19531],[-78.7743,41.18811],[-78.7763,41.18471],[-78.77979,41.17741],[-78.7941,41.15121],[-78.8043,41.13191],[-78.80489,41.12091],[-78.80489,41.11821],[-78.8046,41.10361],[-78.80409,41.03231],[-78.8042,41.00881],[-78.80399,40.99271],[-78.804,40.95331],[-78.8046,40.92511],[-78.8052,40.90601],[-78.867,40.90621],[-78.91309,40.90761],[-78.9302,40.90791],[-78.9555,40.90861],[-79.01749,40.90921],[-79.0512,40.90971],[-79.074,40.90981],[-79.1206,40.91041],[-79.1252,40.91061],[-79.1438,40.91061],[-79.2043,40.91121],[-79.21529,40.91181],[-79.2156,40.93961],[-79.2137,40.95231],[-79.21249,40.96231],[-79.2126,40.96621],[-79.2121,40.98731],[-79.2102,41.04861],[-79.21529,41.05041],[-79.2148,41.06351],[-79.21449,41.07891],[-79.2112,41.07991],[-79.2113,41.11171],[-79.211,41.13201],[-79.2107,41.18561],[-79.2104,41.20561],[-79.21049,41.21561],[-79.21,41.23531],[-79.21,41.25011],[-79.2089,41.28331],[-79.20879,41.31701],[-79.2089,41.32721],[-79.2084,41.33171],[-79.2057,41.33051],[-79.2046,41.32871],[-79.2025,41.32681],[-79.19299,41.32411],[-79.19019,41.32501],[-79.1881,41.32641],[-79.1862,41.32941],[-79.1869,41.33411],[-79.1856,41.33841],[-79.1794,41.33881],[-79.1758,41.33601],[-79.1764,41.32961],[-79.1746,41.32561],[-79.171,41.32641],[-79.167,41.33071],[-79.16679,41.33301],[-79.1682,41.33691],[-79.1691,41.34061],[-79.1672,41.34341],[-79.16209,41.34291],[-79.16029,41.34091],[-79.1605,41.33921],[-79.1625,41.33621],[-79.1628,41.33251],[-79.15929,41.32961],[-79.1552,41.32881],[-79.1484,41.33161],[-79.1404,41.34061],[-79.13689,41.34151],[-79.13229,41.33901],[-79.1256,41.33261],[-79.12289,41.33031],[-79.1169,41.32751],[-79.11539,41.32611],[-79.11269,41.32511],[-79.1097,41.32551],[-79.106,41.32711],[-79.1046,41.32981],[-79.1049,41.33241],[-79.1068,41.33611],[-79.1049,41.34101],[-79.1029,41.34241],[-79.0989,41.34231],[-79.09409,41.34091],[-79.0909,41.34201],[-79.0888,41.34391],[-79.0832,41.35081],[-79.0813,41.35251],[-79.0778,41.35391],[-79.0737,41.35381],[-79.06989,41.35181],[-79.06609,41.35021],[-79.06329,41.35011],[-79.0608,41.35061],[-79.0519,41.35131],[-79.04829,41.35211],[-79.04639,41.35361],[-79.0395,41.35681],[-79.0369,41.35761],[-79.032,41.35761],[-79.0273,41.35691],[-79.02,41.35041],[-79.0172,41.35041],[-79.014,41.35721],[-79.0099,41.35901],[-79.0052,41.35901],[-79.0031,41.35921],[-79.0014,41.36021],[-78.9995,41.36221],[-78.9981,41.36451],[-78.9955,41.36661],[-78.9921,41.36831],[-78.987,41.36791],[-78.9845,41.36701],[-78.98109,41.36801],[-78.9781,41.37091],[-78.9759,41.37371],[-78.97449,41.37501],[-78.9725,41.37611],[-78.9692,41.37511],[-78.96629,41.37071],[-78.964,41.36991],[-78.9598,41.37071],[-78.9594,41.36741],[-78.9592,41.36211],[-78.88,41.32731],[-78.812,41.29681],[-78.74979,41.26951],[-78.7353,41.26291],[-78.7388,41.25461],[-78.7391,41.25171],[-78.7384,41.23281],[-78.7375,41.23061],[-78.71069,41.23031],[-78.7101,41.22321],[-78.7103,41.20181]]]}},{"type":"Feature","properties":{"state":"PA","zone":"028","cwa":"CTP","name":"Juniata","state_zone":"PA028"},"geometry":{"type":"Polygon","coordinates":[[[-76.93919,40.63891],[-76.9403,40.63731],[-76.9469,40.63011],[-76.9493,40.62781],[-76.95219,40.62811],[-76.9552,40.62801],[-76.95779,40.62721],[-76.97099,40.62251],[-76.9844,40.61731],[-76.9871,40.61641],[-76.9939,40.61331],[-76.99989,40.61091],[-77.0077,40.60881],[-77.01759,40.60581],[-77.0246,40.60421],[-77.02869,40.60401],[-77.0332,40.60351],[-77.0406,40.60421],[-77.04449,40.60341],[-77.04729,40.60251],[-77.04929,40.60231],[-77.057,40.60091],[-77.0597,40.60081],[-77.0645,40.59961],[-77.0713,40.59841],[-77.07899,40.59771],[-77.0824,40.59801],[-77.0861,40.59801],[-77.099,40.59611],[-77.1018,40.59611],[-77.1045,40.59471],[-77.10629,40.59311],[-77.1131,40.59301],[-77.1199,40.59191],[-77.1237,40.59101],[-77.1291,40.59071],[-77.1382,40.58941],[-77.14339,40.58901],[-77.1485,40.58831],[-77.1521,40.58721],[-77.15639,40.58701],[-77.1591,40.58661],[-77.1624,40.58671],[-77.16589,40.58641],[-77.1741,40.58411],[-77.17699,40.58311],[-77.17989,40.58251],[-77.1828,40.58221],[-77.1797,40.57721],[-77.1678,40.55941],[-77.17329,40.55761],[-77.18359,40.55661],[-77.18739,40.55541],[-77.19849,40.55231],[-77.2055,40.54911],[-77.20959,40.54751],[-77.2161,40.54461],[-77.2317,40.53851],[-77.2683,40.52601],[-77.271,40.52471],[-77.2772,40.52251],[-77.2798,40.52071],[-77.2821,40.51961],[-77.2855,40.51921],[-77.2887,40.51861],[-77.2922,40.51721],[-77.3014,40.51301],[-77.3054,40.51071],[-77.3381,40.49531],[-77.375,40.47841],[-77.3773,40.47721],[-77.39059,40.47101],[-77.403,40.46561],[-77.4063,40.46381],[-77.42049,40.45761],[-77.4269,40.45531],[-77.43069,40.45361],[-77.4359,40.45091],[-77.4404,40.44911],[-77.4436,40.44731],[-77.4463,40.44681],[-77.453,40.44381],[-77.4554,40.44251],[-77.4642,40.43841],[-77.4726,40.43401],[-77.47829,40.43191],[-77.48319,40.42881],[-77.4892,40.42601],[-77.4986,40.42121],[-77.5061,40.41711],[-77.5097,40.41491],[-77.5141,40.41281],[-77.51649,40.41201],[-77.5401,40.39921],[-77.5383,40.39371],[-77.5351,40.38511],[-77.5322,40.37581],[-77.54169,40.37531],[-77.54639,40.37401],[-77.5537,40.37121],[-77.5591,40.36981],[-77.5664,40.36701],[-77.57819,40.36011],[-77.5813,40.35811],[-77.5864,40.35541],[-77.5935,40.35121],[-77.5992,40.34831],[-77.6037,40.34411],[-77.6069,40.34301],[-77.6114,40.33971],[-77.6138,40.33771],[-77.61649,40.33641],[-77.6199,40.33361],[-77.6264,40.32921],[-77.6299,40.32641],[-77.6338,40.32391],[-77.6396,40.31971],[-77.64539,40.31461],[-77.6525,40.30901],[-77.65459,40.30711],[-77.6629,40.29881],[-77.6655,40.29651],[-77.6713,40.29041],[-77.6787,40.28271],[-77.6809,40.28061],[-77.6878,40.27471],[-77.69099,40.27271],[-77.6978,40.26671],[-77.6997,40.26481],[-77.70319,40.26401],[-77.70959,40.27931],[-77.71329,40.28741],[-77.71799,40.29941],[-77.7226,40.31021],[-77.72559,40.31661],[-77.7392,40.34921],[-77.7459,40.36461],[-77.75,40.37451],[-77.7513,40.37941],[-77.7453,40.38611],[-77.7437,40.38771],[-77.7402,40.39071],[-77.73869,40.39261],[-77.73309,40.39831],[-77.73,40.40091],[-77.72369,40.40701],[-77.7119,40.41621],[-77.7102,40.41791],[-77.7062,40.42071],[-77.70309,40.42331],[-77.69569,40.42841],[-77.6893,40.43331],[-77.6731,40.44641],[-77.6673,40.45081],[-77.6647,40.45331],[-77.65659,40.45991],[-77.6404,40.47271],[-77.62849,40.48131],[-77.6125,40.49091],[-77.6125,40.50851],[-77.6119,40.51461],[-77.6029,40.52011],[-77.5955,40.52501],[-77.5869,40.53021],[-77.574,40.53771],[-77.5667,40.54181],[-77.55959,40.54501],[-77.5433,40.55371],[-77.5412,40.55501],[-77.5339,40.55871],[-77.5272,40.56271],[-77.52209,40.56611],[-77.5198,40.56721],[-77.5163,40.56931],[-77.5124,40.57321],[-77.50999,40.57431],[-77.5077,40.57601],[-77.4975,40.58171],[-77.4977,40.59671],[-77.4976,40.60971],[-77.4957,40.61081],[-77.4919,40.61351],[-77.4893,40.61511],[-77.48679,40.61581],[-77.4826,40.61861],[-77.4805,40.61961],[-77.47839,40.62021],[-77.4735,40.62271],[-77.47089,40.62371],[-77.46809,40.62521],[-77.45979,40.62891],[-77.4535,40.63211],[-77.4508,40.63321],[-77.4442,40.63631],[-77.42699,40.64361],[-77.4207,40.64571],[-77.41399,40.64881],[-77.4079,40.65201],[-77.39439,40.65751],[-77.3874,40.66011],[-77.38129,40.66271],[-77.3771,40.66421],[-77.37389,40.66511],[-77.3718,40.66621],[-77.367,40.66801],[-77.3641,40.66871],[-77.3503,40.67391],[-77.3437,40.67571],[-77.3275,40.68131],[-77.32349,40.68291],[-77.3165,40.68471],[-77.3089,40.68721],[-77.3069,40.68811],[-77.2879,40.69361],[-77.279,40.69231],[-77.26379,40.69051],[-77.25809,40.68951],[-77.24519,40.68831],[-77.241,40.68761],[-77.2351,40.68711],[-77.23019,40.68641],[-77.214,40.68471],[-77.1935,40.68211],[-77.18719,40.68151],[-77.172,40.67951],[-77.1562,40.67771],[-77.1507,40.67891],[-77.1473,40.68071],[-77.13869,40.68351],[-77.13329,40.68461],[-77.1302,40.68491],[-77.1252,40.68581],[-77.1228,40.68701],[-77.1177,40.68831],[-77.11349,40.68971],[-77.1106,40.69101],[-77.10699,40.69071],[-77.105,40.68951],[-77.1009,40.68801],[-77.0983,40.68351],[-77.0973,40.67961],[-77.0943,40.67701],[-77.08839,40.67791],[-77.0822,40.67801],[-77.078,40.67871],[-77.0743,40.67871],[-77.0714,40.67941],[-77.0683,40.67971],[-77.0658,40.67881],[-77.0607,40.67941],[-77.05779,40.67681],[-77.0527,40.67531],[-77.04919,40.67601],[-77.04649,40.67591],[-77.0442,40.67651],[-77.042,40.67861],[-77.0386,40.67921],[-77.0358,40.67521],[-77.0354,40.66891],[-77.0338,40.66701],[-77.033,40.66491],[-77.0331,40.66231],[-77.034,40.65991],[-77.0316,40.65731],[-77.02869,40.65571],[-77.0261,40.65651],[-77.0246,40.65901],[-77.0211,40.66031],[-77.0169,40.66001],[-77.0143,40.66201],[-77.0114,40.66181],[-77.009,40.66011],[-77.0077,40.65751],[-77.00809,40.65511],[-77.00729,40.65091],[-77.005,40.64751],[-77.0047,40.64501],[-77.00559,40.64231],[-77.0039,40.64011],[-77.0021,40.63881],[-76.9987,40.63771],[-76.9971,40.63601],[-76.99409,40.63801],[-76.9902,40.64101],[-76.98769,40.64351],[-76.9846,40.64371],[-76.9798,40.64501],[-76.97659,40.64531],[-76.97569,40.64301],[-76.9711,40.64191],[-76.96809,40.64141],[-76.9675,40.64501],[-76.9651,40.64681],[-76.9614,40.64591],[-76.95779,40.64721],[-76.9536,40.64791],[-76.9498,40.64901],[-76.9446,40.65001],[-76.9423,40.64771],[-76.9403,40.64501],[-76.93919,40.63891]]]}},{"type":"Feature","properties":{"state":"PA","zone":"044","cwa":"BGM","name":"Lackawanna","state_zone":"PA044"},"geometry":{"type":"Polygon","coordinates":[[[-75.46239,41.64161],[-75.4614,41.62001],[-75.4611,41.61761],[-75.4593,41.58771],[-75.45869,41.57321],[-75.4573,41.54681],[-75.4553,41.52111],[-75.4546,41.50601],[-75.45409,41.50221],[-75.45229,41.47601],[-75.45219,41.46771],[-75.4488,41.40351],[-75.4471,41.36421],[-75.4436,41.30391],[-75.4413,41.25861],[-75.4436,41.25721],[-75.4474,41.25441],[-75.4507,41.25321],[-75.4544,41.25411],[-75.4573,41.25281],[-75.4623,41.24691],[-75.46539,41.24771],[-75.4679,41.24771],[-75.4695,41.24481],[-75.4733,41.24441],[-75.4761,41.24521],[-75.4789,41.24691],[-75.4822,41.24681],[-75.4843,41.24581],[-75.4854,41.24311],[-75.4883,41.24251],[-75.4912,41.24241],[-75.4935,41.24351],[-75.4965,41.24261],[-75.50169,41.23651],[-75.50529,41.23351],[-75.50819,41.23231],[-75.5094,41.23001],[-75.5095,41.22801],[-75.5113,41.22501],[-75.5143,41.22241],[-75.51649,41.22001],[-75.5252,41.22301],[-75.5279,41.22581],[-75.5311,41.22621],[-75.5336,41.22571],[-75.53989,41.22491],[-75.5432,41.22381],[-75.54469,41.22171],[-75.5486,41.21761],[-75.55109,41.21441],[-75.5533,41.21211],[-75.5545,41.21041],[-75.555,41.20851],[-75.5564,41.20731],[-75.5588,41.20661],[-75.562,41.20501],[-75.56609,41.20071],[-75.569,41.19851],[-75.5701,41.19581],[-75.56979,41.19241],[-75.5724,41.19031],[-75.5752,41.18761],[-75.576,41.18441],[-75.57619,41.18211],[-75.5758,41.18021],[-75.57719,41.17771],[-75.5826,41.17671],[-75.58549,41.17441],[-75.5897,41.17221],[-75.598,41.17141],[-75.5973,41.16751],[-75.59769,41.16331],[-75.6012,41.16171],[-75.60519,41.16351],[-75.6084,41.16381],[-75.61169,41.16471],[-75.6139,41.16811],[-75.6148,41.17151],[-75.6177,41.17131],[-75.62099,41.17071],[-75.62389,41.16991],[-75.63,41.16931],[-75.6325,41.17011],[-75.6355,41.17161],[-75.6376,41.17441],[-75.6394,41.17591],[-75.6428,41.17681],[-75.64359,41.18111],[-75.6451,41.18441],[-75.6475,41.18751],[-75.6496,41.20841],[-75.6513,41.23521],[-75.6524,41.25831],[-75.6614,41.26101],[-75.6776,41.26481],[-75.6785,41.28551],[-75.67979,41.28891],[-75.6888,41.28851],[-75.6896,41.30451],[-75.6932,41.30491],[-75.6932,41.31171],[-75.6935,41.31781],[-75.6898,41.31801],[-75.6856,41.31801],[-75.6857,41.32511],[-75.68559,41.33951],[-75.7334,41.34691],[-75.7393,41.34791],[-75.7419,41.34861],[-75.749,41.35351],[-75.7679,41.36581],[-75.78709,41.37371],[-75.7942,41.37691],[-75.7967,41.38041],[-75.79929,41.38251],[-75.8018,41.38371],[-75.80579,41.38501],[-75.8159,41.38651],[-75.8186,41.38731],[-75.8222,41.38901],[-75.82619,41.39131],[-75.8287,41.39301],[-75.8308,41.39571],[-75.8323,41.39881],[-75.8326,41.40211],[-75.8313,41.41251],[-75.8311,41.41541],[-75.8316,41.41921],[-75.8323,41.42211],[-75.8331,41.42481],[-75.8342,41.42761],[-75.82539,41.43811],[-75.8098,41.45811],[-75.7869,41.48691],[-75.77209,41.50591],[-75.7941,41.51881],[-75.8019,41.52321],[-75.7915,41.53881],[-75.7794,41.55521],[-75.7762,41.55911],[-75.77299,41.56341],[-75.7696,41.56821],[-75.7747,41.57451],[-75.7702,41.58081],[-75.7634,41.58971],[-75.75809,41.59631],[-75.757,41.59801],[-75.74979,41.60711],[-75.74439,41.61561],[-75.7374,41.62501],[-75.729,41.63561],[-75.7242,41.63461],[-75.7207,41.63501],[-75.71919,41.63781],[-75.7207,41.64201],[-75.7049,41.64251],[-75.6881,41.64221],[-75.6516,41.64231],[-75.6225,41.64191],[-75.6195,41.64211],[-75.5767,41.64181],[-75.55389,41.64141],[-75.5322,41.64161],[-75.5202,41.64141],[-75.50169,41.64141],[-75.4748,41.64171],[-75.4693,41.64141],[-75.46239,41.64161]]]}},{"type":"Feature","properties":{"state":"PA","zone":"066","cwa":"CTP","name":"Lancaster","state_zone":"PA066"},"geometry":{"type":"Polygon","coordinates":[[[-75.94839,40.18601],[-75.9276,40.17221],[-75.9154,40.16451],[-75.89799,40.15301],[-75.896,40.15191],[-75.8946,40.15081],[-75.882,40.14271],[-75.8746,40.13721],[-75.8779,40.13521],[-75.9201,40.11851],[-75.9322,40.11331],[-75.9415,40.10921],[-75.9433,40.10751],[-75.9367,40.08131],[-75.93559,40.05961],[-75.93549,40.05461],[-75.9351,40.04891],[-75.9349,40.04121],[-75.9359,40.03821],[-75.95789,40.00741],[-75.9649,39.99731],[-75.9743,39.98481],[-75.9838,39.97181],[-75.9866,39.96731],[-75.98679,39.96341],[-75.98959,39.95981],[-75.9919,39.95581],[-75.99419,39.95301],[-75.9925,39.94981],[-75.99159,39.94691],[-75.9894,39.94391],[-75.9884,39.94071],[-75.9834,39.93671],[-75.98119,39.93321],[-75.98209,39.93031],[-75.98569,39.93121],[-75.98849,39.92971],[-75.99149,39.92761],[-75.9944,39.92741],[-75.9968,39.92801],[-75.9963,39.92021],[-75.99509,39.91731],[-75.9957,39.91471],[-75.9955,39.91211],[-75.99709,39.90901],[-75.99599,39.90481],[-75.9946,39.90191],[-75.99409,39.89891],[-75.9899,39.89641],[-75.9872,39.89341],[-75.99129,39.88631],[-75.99139,39.88201],[-75.9879,39.87691],[-75.987,39.87461],[-75.988,39.87241],[-75.99,39.87131],[-75.9921,39.86941],[-75.9962,39.87081],[-75.9977,39.87271],[-75.9996,39.87431],[-76.00249,39.87411],[-76.0043,39.87181],[-76.00449,39.86901],[-76.00549,39.86691],[-76.00739,39.85631],[-76.00719,39.85391],[-76.00819,39.85211],[-76.0182,39.85381],[-76.0209,39.85211],[-76.022,39.84961],[-76.0205,39.84701],[-76.01929,39.84071],[-76.0182,39.83851],[-76.01749,39.83551],[-76.0173,39.83161],[-76.02049,39.83081],[-76.0233,39.82881],[-76.02509,39.82521],[-76.0281,39.82401],[-76.03059,39.82451],[-76.0332,39.82631],[-76.0357,39.82691],[-76.0367,39.82381],[-76.0351,39.82141],[-76.0319,39.81861],[-76.03159,39.81401],[-76.0351,39.81131],[-76.03609,39.80601],[-76.0379,39.80281],[-76.0406,39.80161],[-76.04649,39.80381],[-76.0485,39.80391],[-76.0497,39.80271],[-76.0479,39.80151],[-76.04559,39.80061],[-76.0441,39.79881],[-76.0425,39.79591],[-76.0441,39.79221],[-76.046,39.79031],[-76.04829,39.78891],[-76.04919,39.78651],[-76.0496,39.78451],[-76.0514,39.78221],[-76.0547,39.78091],[-76.0589,39.77881],[-76.06039,39.77571],[-76.0645,39.77081],[-76.06409,39.76831],[-76.0629,39.76511],[-76.0646,39.76221],[-76.06789,39.76011],[-76.0715,39.76041],[-76.0741,39.76121],[-76.07719,39.76191],[-76.0811,39.76141],[-76.08389,39.75881],[-76.08479,39.75561],[-76.08289,39.75261],[-76.0844,39.74941],[-76.0862,39.74631],[-76.0889,39.74451],[-76.0909,39.74351],[-76.0928,39.74281],[-76.0955,39.74291],[-76.1002,39.74561],[-76.101,39.74171],[-76.098,39.73801],[-76.09309,39.73491],[-76.09489,39.73091],[-76.0973,39.72871],[-76.1007,39.72651],[-76.10329,39.72401],[-76.10619,39.72431],[-76.10889,39.72631],[-76.111,39.72861],[-76.11009,39.73031],[-76.1092,39.73361],[-76.1112,39.73621],[-76.1144,39.73711],[-76.1171,39.73651],[-76.1197,39.73621],[-76.12009,39.73321],[-76.12019,39.73031],[-76.119,39.72751],[-76.1188,39.72421],[-76.1227,39.72391],[-76.1256,39.72691],[-76.1299,39.72761],[-76.1349,39.72631],[-76.1357,39.72221],[-76.1452,39.72151],[-76.21029,39.72131],[-76.21889,39.72141],[-76.22469,39.72031],[-76.2289,39.72141],[-76.2333,39.72131],[-76.23959,39.72221],[-76.2389,39.72471],[-76.2394,39.72721],[-76.24039,39.73001],[-76.24229,39.73291],[-76.2439,39.73511],[-76.2464,39.73781],[-76.2492,39.73981],[-76.2566,39.75011],[-76.25999,39.75181],[-76.2679,39.76011],[-76.26929,39.76241],[-76.271,39.76481],[-76.2761,39.77561],[-76.2781,39.77831],[-76.27979,39.77961],[-76.2823,39.78021],[-76.28529,39.78031],[-76.28979,39.78161],[-76.2932,39.78371],[-76.2959,39.78731],[-76.2977,39.79111],[-76.30009,39.79391],[-76.30289,39.79661],[-76.3071,39.80011],[-76.3112,39.80391],[-76.3131,39.80671],[-76.3156,39.80991],[-76.3192,39.81181],[-76.32259,39.81281],[-76.32459,39.81371],[-76.3276,39.81471],[-76.3302,39.81611],[-76.334,39.81881],[-76.3369,39.82141],[-76.33939,39.82401],[-76.3428,39.82921],[-76.35,39.83741],[-76.351,39.84041],[-76.3512,39.84331],[-76.3507,39.84621],[-76.35229,39.84891],[-76.3601,39.85531],[-76.3678,39.85941],[-76.3759,39.86491],[-76.378,39.86691],[-76.3792,39.86971],[-76.3811,39.87591],[-76.3812,39.87931],[-76.3798,39.88291],[-76.37959,39.88741],[-76.381,39.89061],[-76.383,39.89281],[-76.3836,39.89491],[-76.3838,39.89751],[-76.38499,39.90141],[-76.3855,39.90541],[-76.3893,39.91011],[-76.3922,39.91291],[-76.39639,39.91441],[-76.3985,39.91491],[-76.405,39.91581],[-76.4076,39.91731],[-76.4118,39.92031],[-76.4172,39.92311],[-76.4203,39.92491],[-76.4256,39.92741],[-76.43359,39.93011],[-76.4368,39.93071],[-76.4408,39.93191],[-76.4437,39.93241],[-76.4463,39.93331],[-76.44939,39.93491],[-76.4539,39.93811],[-76.45979,39.94111],[-76.4665,39.94271],[-76.46999,39.94481],[-76.47359,39.94771],[-76.47569,39.94981],[-76.47749,39.95281],[-76.4791,39.95471],[-76.4855,39.96031],[-76.48759,39.96281],[-76.48959,39.96611],[-76.491,39.96941],[-76.49419,39.97441],[-76.4955,39.97801],[-76.49609,39.98061],[-76.49689,39.98891],[-76.4976,39.99171],[-76.4978,39.99481],[-76.49889,39.99751],[-76.50089,40.00071],[-76.50349,40.00291],[-76.5052,40.00511],[-76.5108,40.01061],[-76.51289,40.01401],[-76.5158,40.01691],[-76.51859,40.01871],[-76.52129,40.02071],[-76.5251,40.02421],[-76.5275,40.02741],[-76.52879,40.03001],[-76.5302,40.03211],[-76.5322,40.03781],[-76.5319,40.04641],[-76.5328,40.04861],[-76.5344,40.05081],[-76.5374,40.05131],[-76.53999,40.05111],[-76.5432,40.05011],[-76.54939,40.04781],[-76.5528,40.04671],[-76.5552,40.04611],[-76.5662,40.04541],[-76.5695,40.04531],[-76.5728,40.04541],[-76.57719,40.04631],[-76.5851,40.04851],[-76.5879,40.04891],[-76.59039,40.04951],[-76.59399,40.05071],[-76.5983,40.05161],[-76.6064,40.05261],[-76.6129,40.05401],[-76.6224,40.05471],[-76.6299,40.05641],[-76.6362,40.05821],[-76.6405,40.05901],[-76.64429,40.05901],[-76.6478,40.05871],[-76.6517,40.05941],[-76.6548,40.06021],[-76.66489,40.06381],[-76.66689,40.06551],[-76.6691,40.06711],[-76.6712,40.06951],[-76.67349,40.07151],[-76.6757,40.07441],[-76.67789,40.07851],[-76.68,40.08201],[-76.6823,40.08531],[-76.6842,40.08731],[-76.68629,40.09071],[-76.6886,40.09361],[-76.6925,40.09811],[-76.6962,40.10161],[-76.7029,40.10701],[-76.7055,40.10881],[-76.7109,40.11311],[-76.71719,40.11751],[-76.7214,40.12001],[-76.7174,40.12861],[-76.7146,40.13211],[-76.7122,40.13281],[-76.7076,40.13541],[-76.70969,40.13711],[-76.7081,40.13961],[-76.7062,40.14201],[-76.70399,40.14421],[-76.7,40.14521],[-76.6988,40.14771],[-76.6968,40.14981],[-76.696,40.15291],[-76.6973,40.15591],[-76.6946,40.15711],[-76.69189,40.15691],[-76.6914,40.15441],[-76.69019,40.15271],[-76.69019,40.14941],[-76.6871,40.14951],[-76.68359,40.15151],[-76.68089,40.15051],[-76.6773,40.14951],[-76.67609,40.15271],[-76.6746,40.15421],[-76.6726,40.15401],[-76.6707,40.15511],[-76.6721,40.15741],[-76.6689,40.15961],[-76.6662,40.16261],[-76.6635,40.16331],[-76.6609,40.16471],[-76.657,40.16461],[-76.65369,40.16481],[-76.6505,40.16581],[-76.6466,40.16501],[-76.6437,40.16511],[-76.6414,40.16651],[-76.6382,40.16701],[-76.63689,40.16841],[-76.63419,40.17041],[-76.6318,40.17091],[-76.62959,40.17311],[-76.6278,40.17561],[-76.62479,40.17831],[-76.62209,40.17931],[-76.6194,40.17911],[-76.6171,40.18001],[-76.614,40.18241],[-76.6124,40.18491],[-76.6103,40.18711],[-76.60609,40.19031],[-76.60339,40.18921],[-76.5988,40.18851],[-76.5957,40.18911],[-76.5937,40.18901],[-76.5891,40.19021],[-76.58569,40.18961],[-76.58279,40.19111],[-76.5801,40.19411],[-76.5719,40.19441],[-76.5684,40.19551],[-76.56139,40.19831],[-76.5047,40.21661],[-76.4959,40.21901],[-76.4371,40.23771],[-76.37469,40.24611],[-76.3504,40.24971],[-76.3362,40.25131],[-76.3082,40.25501],[-76.2901,40.26191],[-76.2421,40.28061],[-76.2187,40.28991],[-76.1601,40.31241],[-76.1517,40.31591],[-76.1497,40.31451],[-76.13979,40.30841],[-76.11729,40.29391],[-76.1141,40.29201],[-76.0885,40.27561],[-76.0795,40.27001],[-76.0419,40.24581],[-75.9947,40.21591],[-75.9835,40.20851],[-75.98119,40.20721],[-75.97849,40.20531],[-75.94839,40.18601]]]}},{"type":"Feature","properties":{"state":"PA","zone":"013","cwa":"PBZ","name":"Lawrence","state_zone":"PA013"},"geometry":{"type":"Polygon","coordinates":[[[-80.15849,40.85421],[-80.17979,40.85461],[-80.2119,40.85441],[-80.2922,40.85361],[-80.32639,40.85311],[-80.3305,40.85291],[-80.3642,40.85261],[-80.37309,40.85271],[-80.40829,40.85241],[-80.4166,40.85221],[-80.4225,40.85231],[-80.4861,40.85161],[-80.5095,40.85151],[-80.519,40.85001],[-80.5189,40.87381],[-80.5197,40.89821],[-80.52029,40.90001],[-80.5198,40.90221],[-80.5199,40.90661],[-80.5191,40.92121],[-80.5191,40.95321],[-80.5189,40.95741],[-80.51929,40.98331],[-80.5188,40.98751],[-80.519,40.99441],[-80.5189,41.01481],[-80.5192,41.02751],[-80.5188,41.04131],[-80.5191,41.04661],[-80.5189,41.06231],[-80.5192,41.10441],[-80.519,41.12501],[-80.4958,41.12501],[-80.486,41.12531],[-80.4403,41.12591],[-80.3209,41.12711],[-80.25809,41.12801],[-80.2576,41.11751],[-80.2552,41.11721],[-80.2439,41.11671],[-80.19749,41.11541],[-80.15839,41.11411],[-80.14709,41.11341],[-80.1417,41.10891],[-80.12659,41.09551],[-80.1244,41.09381],[-80.1159,41.08641],[-80.1142,41.08471],[-80.11099,41.08211],[-80.10049,41.07291],[-80.09769,41.06941],[-80.1,41.06631],[-80.1261,41.03891],[-80.16119,41.00451],[-80.1652,41.00001],[-80.16489,40.99591],[-80.1624,40.93501],[-80.1597,40.88121],[-80.1595,40.87271],[-80.15849,40.85421]]]}},{"type":"Feature","properties":{"state":"PA","zone":"059","cwa":"CTP","name":"Lebanon","state_zone":"PA059"},"geometry":{"type":"Polygon","coordinates":[[[-76.5684,40.19551],[-76.57089,40.19961],[-76.5724,40.20341],[-76.5806,40.22431],[-76.58569,40.23761],[-76.58849,40.24541],[-76.5917,40.25311],[-76.5962,40.26501],[-76.598,40.26931],[-76.603,40.28251],[-76.60539,40.28931],[-76.6069,40.29301],[-76.6097,40.30091],[-76.61649,40.31781],[-76.6259,40.34011],[-76.6289,40.34801],[-76.6363,40.36651],[-76.66579,40.44251],[-76.67799,40.47471],[-76.62469,40.50471],[-76.58929,40.52491],[-76.5385,40.55341],[-76.5341,40.55431],[-76.45679,40.50611],[-76.44189,40.49701],[-76.4387,40.49591],[-76.4218,40.48451],[-76.40479,40.47421],[-76.3345,40.43041],[-76.32819,40.42671],[-76.3191,40.42061],[-76.30219,40.41041],[-76.2933,40.40451],[-76.2588,40.38291],[-76.2319,40.36631],[-76.2055,40.36061],[-76.17319,40.33381],[-76.16209,40.32441],[-76.1517,40.31591],[-76.1601,40.31241],[-76.2187,40.28991],[-76.2421,40.28061],[-76.2901,40.26191],[-76.3082,40.25501],[-76.3362,40.25131],[-76.3504,40.24971],[-76.37469,40.24611],[-76.4371,40.23771],[-76.4959,40.21901],[-76.5047,40.21661],[-76.56139,40.19831],[-76.5684,40.19551]]]}},{"type":"Feature","properties":{"state":"PA","zone":"061","cwa":"PHI","name":"Lehigh","state_zone":"PA061"},"geometry":{"type":"Polygon","coordinates":[[[-75.5919,40.73561],[-75.5889,40.73421],[-75.585,40.73421],[-75.5794,40.73531],[-75.57619,40.73551],[-75.574,40.73491],[-75.5711,40.73281],[-75.5693,40.72861],[-75.5672,40.72551],[-75.5637,40.72321],[-75.56129,40.72191],[-75.5574,40.72101],[-75.5533,40.72131],[-75.5472,40.72351],[-75.5441,40.72541],[-75.5421,40.72771],[-75.5413,40.73071],[-75.54089,40.73411],[-75.5394,40.73681],[-75.5359,40.73761],[-75.5312,40.73671],[-75.5284,40.73531],[-75.5265,40.73321],[-75.52599,40.72981],[-75.5256,40.72101],[-75.5226,40.71351],[-75.51559,40.70231],[-75.5105,40.69511],[-75.5033,40.69011],[-75.499,40.68181],[-75.4959,40.67791],[-75.4901,40.67661],[-75.4873,40.67451],[-75.4854,40.67201],[-75.4838,40.66811],[-75.4837,40.66031],[-75.4807,40.65601],[-75.4601,40.66301],[-75.4452,40.66871],[-75.4303,40.67241],[-75.42889,40.66781],[-75.42059,40.65971],[-75.4182,40.65781],[-75.4138,40.65321],[-75.4061,40.64581],[-75.4045,40.64451],[-75.4032,40.64311],[-75.392,40.63371],[-75.3877,40.63301],[-75.3884,40.62821],[-75.38499,40.62511],[-75.3838,40.62331],[-75.3844,40.62071],[-75.38339,40.61831],[-75.3793,40.61731],[-75.3761,40.61631],[-75.37849,40.61531],[-75.3847,40.61491],[-75.389,40.61341],[-75.3896,40.61051],[-75.3909,40.60031],[-75.3918,40.59781],[-75.3938,40.59451],[-75.4026,40.58331],[-75.40379,40.58111],[-75.3987,40.57771],[-75.3911,40.57321],[-75.379,40.56551],[-75.3687,40.55921],[-75.3629,40.55531],[-75.3596,40.55341],[-75.35159,40.54831],[-75.3341,40.53691],[-75.346,40.52931],[-75.3578,40.52131],[-75.3632,40.51791],[-75.3669,40.51521],[-75.37119,40.51251],[-75.38059,40.50611],[-75.38599,40.50321],[-75.39069,40.50031],[-75.4025,40.49251],[-75.4099,40.48801],[-75.41489,40.48351],[-75.4427,40.45741],[-75.4637,40.43731],[-75.4791,40.42311],[-75.4831,40.41811],[-75.49799,40.42721],[-75.4995,40.42851],[-75.50359,40.43091],[-75.53049,40.44771],[-75.5799,40.47871],[-75.5972,40.48931],[-75.60059,40.49161],[-75.61469,40.50011],[-75.6207,40.50431],[-75.6392,40.51631],[-75.66139,40.53031],[-75.66859,40.53511],[-75.675,40.53891],[-75.6999,40.55471],[-75.7361,40.57801],[-75.7495,40.58611],[-75.7735,40.60111],[-75.78519,40.60861],[-75.8006,40.61811],[-75.8065,40.62191],[-75.8119,40.62511],[-75.8148,40.62711],[-75.8256,40.63391],[-75.84949,40.65011],[-75.8578,40.65531],[-75.86909,40.66271],[-75.891,40.67751],[-75.8559,40.69251],[-75.8525,40.69251],[-75.8414,40.69371],[-75.8232,40.70171],[-75.82059,40.70331],[-75.8107,40.70651],[-75.80769,40.70801],[-75.7978,40.71651],[-75.784,40.72281],[-75.78059,40.72471],[-75.77869,40.72911],[-75.77119,40.72971],[-75.76659,40.73051],[-75.764,40.73211],[-75.7604,40.73391],[-75.7584,40.73591],[-75.74879,40.73891],[-75.7448,40.74051],[-75.7438,40.74341],[-75.73849,40.74491],[-75.73579,40.74691],[-75.7335,40.74931],[-75.7318,40.75231],[-75.7291,40.75391],[-75.7034,40.76241],[-75.7017,40.76481],[-75.6989,40.76731],[-75.696,40.76961],[-75.6888,40.77241],[-75.68539,40.77421],[-75.68159,40.77481],[-75.6768,40.77641],[-75.673,40.77731],[-75.6692,40.77771],[-75.6662,40.77771],[-75.6609,40.77891],[-75.6577,40.77941],[-75.65359,40.77961],[-75.64149,40.78121],[-75.6245,40.78431],[-75.6084,40.78751],[-75.606,40.78201],[-75.6049,40.77831],[-75.6049,40.77561],[-75.6063,40.77221],[-75.6039,40.76821],[-75.6027,40.76511],[-75.6028,40.76231],[-75.60339,40.75791],[-75.603,40.75431],[-75.6012,40.74901],[-75.5989,40.74611],[-75.59669,40.74371],[-75.5937,40.73811],[-75.5919,40.73561]]]}},{"type":"Feature","properties":{"state":"PA","zone":"047","cwa":"BGM","name":"Luzerne","state_zone":"PA047"},"geometry":{"type":"Polygon","coordinates":[[[-75.6012,41.16171],[-75.6021,41.15841],[-75.6041,41.15561],[-75.60339,41.15261],[-75.6068,41.15001],[-75.60909,41.14991],[-75.61169,41.15041],[-75.6152,41.15051],[-75.6144,41.14731],[-75.615,41.14401],[-75.6175,41.14241],[-75.62,41.14141],[-75.62399,41.13871],[-75.62759,41.13671],[-75.6279,41.13341],[-75.6255,41.13131],[-75.6279,41.12841],[-75.6312,41.12811],[-75.63309,41.12621],[-75.6348,41.12321],[-75.6373,41.12531],[-75.6402,41.12671],[-75.6431,41.12661],[-75.6464,41.12581],[-75.6489,41.12471],[-75.6483,41.12191],[-75.6503,41.12101],[-75.6526,41.11851],[-75.65559,41.11661],[-75.6572,41.11821],[-75.657,41.12051],[-75.6561,41.12321],[-75.6572,41.12581],[-75.6586,41.12771],[-75.6607,41.12931],[-75.66399,41.13061],[-75.66579,41.13361],[-75.6684,41.13401],[-75.672,41.13341],[-75.6804,41.13281],[-75.6832,41.13131],[-75.68649,41.13081],[-75.6894,41.13151],[-75.6917,41.13151],[-75.69579,41.13021],[-75.69859,41.12851],[-75.7009,41.12681],[-75.7025,41.12331],[-75.7048,41.12171],[-75.7086,41.12201],[-75.7081,41.11871],[-75.70869,41.11611],[-75.7127,41.11691],[-75.7165,41.11801],[-75.7183,41.11611],[-75.7212,41.11141],[-75.7232,41.10971],[-75.7253,41.10891],[-75.72749,41.10851],[-75.7295,41.10721],[-75.7318,41.10381],[-75.7344,41.10221],[-75.7365,41.10191],[-75.74049,41.10211],[-75.74419,41.10261],[-75.7475,41.10371],[-75.75159,41.10371],[-75.7539,41.10231],[-75.753,41.09861],[-75.75359,41.09551],[-75.7557,41.09371],[-75.75829,41.09221],[-75.7612,41.09151],[-75.764,41.09351],[-75.767,41.09301],[-75.767,41.09031],[-75.7661,41.08721],[-75.76559,41.08451],[-75.7673,41.08181],[-75.77029,41.07851],[-75.771,41.07611],[-75.7708,41.07331],[-75.7702,41.07071],[-75.7699,41.06771],[-75.77,41.06481],[-75.7708,41.06111],[-75.7702,41.05761],[-75.7701,41.05161],[-75.7688,41.04851],[-75.7673,41.04641],[-75.7655,41.04421],[-75.7626,41.04241],[-75.7608,41.03901],[-75.75839,41.03521],[-75.7568,41.03211],[-75.7549,41.03131],[-75.7514,41.03171],[-75.74609,41.03191],[-75.742,41.03131],[-75.73969,41.02951],[-75.73869,41.02721],[-75.7382,41.02481],[-75.7381,41.02251],[-75.7384,41.02031],[-75.7381,41.01811],[-75.7366,41.01561],[-75.7346,41.01291],[-75.7337,41.01041],[-75.7324,41.00851],[-75.73959,41.00551],[-75.7646,40.99671],[-75.79469,40.98571],[-75.8014,40.98311],[-75.8196,40.98211],[-75.836,40.97651],[-75.84959,40.97161],[-75.8483,40.96731],[-75.861,40.96201],[-75.8689,40.95931],[-75.8892,40.95181],[-75.9304,40.93721],[-75.9463,40.93141],[-75.98299,40.91851],[-75.9973,40.91301],[-76.021,40.90461],[-76.02859,40.90211],[-76.0443,40.90621],[-76.07059,40.91341],[-76.0985,40.92131],[-76.1046,40.92271],[-76.20779,40.94971],[-76.22079,41.00011],[-76.228,41.03391],[-76.2313,41.05031],[-76.2287,41.05231],[-76.22849,41.05661],[-76.2286,41.10081],[-76.229,41.13851],[-76.24969,41.13511],[-76.268,41.13291],[-76.2775,41.13211],[-76.29459,41.16221],[-76.3,41.17141],[-76.3173,41.20221],[-76.319,41.20501],[-76.31969,41.21571],[-76.31889,41.22431],[-76.3185,41.23151],[-76.3107,41.30841],[-76.3089,41.31341],[-76.2999,41.33531],[-76.28429,41.37401],[-76.2826,41.37751],[-76.28059,41.37731],[-76.25249,41.37811],[-76.1464,41.38021],[-76.1036,41.38121],[-76.1,41.38151],[-76.0738,41.38201],[-76.0637,41.38251],[-76.0537,41.38271],[-76.0095,41.38461],[-75.9459,41.39991],[-75.9322,41.40281],[-75.9303,41.40341],[-75.9222,41.40511],[-75.8885,41.41311],[-75.8742,41.41601],[-75.8686,41.41731],[-75.862,41.41931],[-75.8509,41.42191],[-75.8389,41.42451],[-75.8361,41.42561],[-75.8342,41.42761],[-75.8331,41.42481],[-75.8323,41.42211],[-75.8316,41.41921],[-75.8311,41.41541],[-75.8313,41.41251],[-75.8326,41.40211],[-75.8323,41.39881],[-75.8308,41.39571],[-75.8287,41.39301],[-75.82619,41.39131],[-75.8222,41.38901],[-75.8186,41.38731],[-75.8159,41.38651],[-75.80579,41.38501],[-75.8018,41.38371],[-75.79929,41.38251],[-75.7967,41.38041],[-75.7942,41.37691],[-75.78709,41.37371],[-75.7679,41.36581],[-75.749,41.35351],[-75.7419,41.34861],[-75.7393,41.34791],[-75.7334,41.34691],[-75.68559,41.33951],[-75.6857,41.32511],[-75.6856,41.31801],[-75.6898,41.31801],[-75.6935,41.31781],[-75.6932,41.31171],[-75.6932,41.30491],[-75.6896,41.30451],[-75.6888,41.28851],[-75.67979,41.28891],[-75.6785,41.28551],[-75.6776,41.26481],[-75.6614,41.26101],[-75.6524,41.25831],[-75.6513,41.23521],[-75.6496,41.20841],[-75.6475,41.18751],[-75.6451,41.18441],[-75.64359,41.18111],[-75.6428,41.17681],[-75.6394,41.17591],[-75.6376,41.17441],[-75.6355,41.17161],[-75.6325,41.17011],[-75.63,41.16931],[-75.62389,41.16991],[-75.62099,41.17071],[-75.6177,41.17131],[-75.6148,41.17151],[-75.6139,41.16811],[-75.61169,41.16471],[-75.6084,41.16381],[-75.60519,41.16351],[-75.6012,41.16171]]]}},{"type":"Feature","properties":{"state":"PA","zone":"005","cwa":"CTP","name":"McKean","state_zone":"PA005"},"geometry":{"type":"Polygon","coordinates":[[[-78.5509,42.00001],[-78.5107,41.99981],[-78.3445,41.99961],[-78.3117,41.99941],[-78.3079,41.99971],[-78.29919,41.99931],[-78.2709,41.99901],[-78.2066,41.99961],[-78.2064,41.87611],[-78.2057,41.85891],[-78.20499,41.78271],[-78.2043,41.73641],[-78.2038,41.64961],[-78.2036,41.62511],[-78.2034,41.61811],[-78.2075,41.61821],[-78.2644,41.61811],[-78.2821,41.61801],[-78.2911,41.61771],[-78.32639,41.61751],[-78.37469,41.61751],[-78.4193,41.61681],[-78.4191,41.60221],[-78.4828,41.60231],[-78.4833,41.61721],[-78.4834,41.62991],[-78.49969,41.62991],[-78.62479,41.62811],[-78.6404,41.62821],[-78.6757,41.62481],[-78.6786,41.62471],[-78.6925,41.62491],[-78.71429,41.62471],[-78.7506,41.62471],[-78.7764,41.62501],[-78.8116,41.62481],[-78.8154,41.62401],[-78.8241,41.62281],[-78.8703,41.62331],[-78.8736,41.62321],[-78.9043,41.62341],[-78.9324,41.62381],[-78.9517,41.62391],[-78.95599,41.62461],[-78.9555,41.63771],[-78.95499,41.64021],[-78.9546,41.65121],[-78.9547,41.66931],[-78.9529,41.71511],[-78.95219,41.72851],[-78.95119,41.76321],[-78.94869,41.83051],[-78.9216,41.83091],[-78.9218,41.84091],[-78.91579,41.84091],[-78.916,41.85691],[-78.9171,41.86621],[-78.91669,41.88111],[-78.9157,41.95291],[-78.91859,41.95291],[-78.9189,41.99811],[-78.8762,41.99761],[-78.74979,41.99811],[-78.59669,41.99991],[-78.5509,42.00001]]]}},{"type":"Feature","properties":{"state":"PA","zone":"007","cwa":"PBZ","name":"Mercer","state_zone":"PA007"},"geometry":{"type":"Polygon","coordinates":[[[-80.4319,41.48861],[-80.4273,41.48691],[-80.39729,41.48621],[-80.3941,41.48631],[-80.3848,41.48611],[-80.34859,41.48451],[-80.3018,41.48391],[-80.28889,41.48361],[-80.25539,41.48331],[-80.2352,41.48261],[-80.1921,41.48201],[-80.1626,41.48141],[-80.15829,41.48111],[-80.15079,41.48091],[-80.1259,41.48051],[-80.1252,41.48631],[-80.0215,41.48921],[-79.9992,41.49011],[-79.99979,41.48161],[-79.99979,41.17181],[-80.0471,41.12061],[-80.0681,41.09901],[-80.07439,41.09231],[-80.08199,41.08501],[-80.08739,41.07911],[-80.09769,41.06941],[-80.10049,41.07291],[-80.11099,41.08211],[-80.1142,41.08471],[-80.1159,41.08641],[-80.1244,41.09381],[-80.12659,41.09551],[-80.1417,41.10891],[-80.14709,41.11341],[-80.15839,41.11411],[-80.19749,41.11541],[-80.2439,41.11671],[-80.2552,41.11721],[-80.2576,41.11751],[-80.25809,41.12801],[-80.3209,41.12711],[-80.4403,41.12591],[-80.486,41.12531],[-80.4958,41.12501],[-80.519,41.12501],[-80.5192,41.13341],[-80.519,41.15011],[-80.5192,41.16091],[-80.5191,41.17121],[-80.51929,41.18371],[-80.519,41.19341],[-80.5188,41.20991],[-80.5189,41.23921],[-80.5187,41.25171],[-80.5191,41.27731],[-80.5188,41.30551],[-80.5191,41.31241],[-80.5191,41.32391],[-80.51929,41.33351],[-80.51929,41.36071],[-80.5191,41.37501],[-80.5192,41.38711],[-80.519,41.40431],[-80.5191,41.42941],[-80.5189,41.44611],[-80.51929,41.47381],[-80.5192,41.48901],[-80.49979,41.48881],[-80.4602,41.48751],[-80.44859,41.48731],[-80.445,41.48821],[-80.4449,41.49211],[-80.4323,41.49211],[-80.4319,41.48861]]]}},{"type":"Feature","properties":{"state":"PA","zone":"027","cwa":"CTP","name":"Mifflin","state_zone":"PA027"},"geometry":{"type":"Polygon","coordinates":[[[-77.3566,40.80671],[-77.355,40.72811],[-77.35439,40.70681],[-77.3544,40.70161],[-77.339,40.69981],[-77.3026,40.69521],[-77.2879,40.69361],[-77.3069,40.68811],[-77.3089,40.68721],[-77.3165,40.68471],[-77.32349,40.68291],[-77.3275,40.68131],[-77.3437,40.67571],[-77.3503,40.67391],[-77.3641,40.66871],[-77.367,40.66801],[-77.3718,40.66621],[-77.37389,40.66511],[-77.3771,40.66421],[-77.38129,40.66271],[-77.3874,40.66011],[-77.39439,40.65751],[-77.4079,40.65201],[-77.41399,40.64881],[-77.4207,40.64571],[-77.42699,40.64361],[-77.4442,40.63631],[-77.4508,40.63321],[-77.4535,40.63211],[-77.45979,40.62891],[-77.46809,40.62521],[-77.47089,40.62371],[-77.4735,40.62271],[-77.47839,40.62021],[-77.4805,40.61961],[-77.4826,40.61861],[-77.48679,40.61581],[-77.4893,40.61511],[-77.4919,40.61351],[-77.4957,40.61081],[-77.4976,40.60971],[-77.4977,40.59671],[-77.4975,40.58171],[-77.5077,40.57601],[-77.50999,40.57431],[-77.5124,40.57321],[-77.5163,40.56931],[-77.5198,40.56721],[-77.52209,40.56611],[-77.5272,40.56271],[-77.5339,40.55871],[-77.5412,40.55501],[-77.5433,40.55371],[-77.55959,40.54501],[-77.5667,40.54181],[-77.574,40.53771],[-77.5869,40.53021],[-77.5955,40.52501],[-77.6029,40.52011],[-77.6119,40.51461],[-77.6125,40.50851],[-77.6125,40.49091],[-77.62849,40.48131],[-77.6404,40.47271],[-77.65659,40.45991],[-77.6647,40.45331],[-77.6673,40.45081],[-77.6731,40.44641],[-77.6893,40.43331],[-77.69569,40.42841],[-77.70309,40.42331],[-77.7062,40.42071],[-77.7102,40.41791],[-77.7119,40.41621],[-77.72369,40.40701],[-77.73,40.40091],[-77.73309,40.39831],[-77.73869,40.39261],[-77.7402,40.39071],[-77.7437,40.38771],[-77.7453,40.38611],[-77.7513,40.37941],[-77.7534,40.37741],[-77.7608,40.36961],[-77.77859,40.36871],[-77.7989,40.36861],[-77.8103,40.36821],[-77.81339,40.36391],[-77.8154,40.36221],[-77.8177,40.36091],[-77.8205,40.36061],[-77.823,40.36121],[-77.8264,40.36251],[-77.8294,40.36381],[-77.83379,40.36691],[-77.83569,40.36801],[-77.8378,40.36891],[-77.84109,40.36911],[-77.8443,40.36891],[-77.8464,40.36811],[-77.8502,40.36581],[-77.85349,40.36481],[-77.8568,40.36531],[-77.8593,40.36691],[-77.8615,40.36991],[-77.8657,40.37211],[-77.8696,40.37671],[-77.8723,40.38081],[-77.87289,40.38331],[-77.8725,40.38561],[-77.8715,40.38781],[-77.87029,40.39151],[-77.8727,40.39321],[-77.8759,40.39351],[-77.8818,40.39271],[-77.8844,40.39221],[-77.8881,40.39191],[-77.8891,40.39791],[-77.8921,40.39861],[-77.9136,40.39821],[-77.91399,40.40821],[-77.9076,40.41201],[-77.8978,40.41691],[-77.89349,40.42181],[-77.8923,40.42351],[-77.8912,40.42571],[-77.8894,40.42801],[-77.88599,40.43041],[-77.88039,40.43601],[-77.8762,40.43981],[-77.8742,40.44191],[-77.8695,40.44611],[-77.8671,40.44861],[-77.8653,40.45071],[-77.86089,40.45521],[-77.85889,40.45771],[-77.8557,40.46071],[-77.8501,40.46701],[-77.848,40.46961],[-77.8435,40.47421],[-77.84209,40.47641],[-77.8378,40.48151],[-77.8358,40.48421],[-77.8314,40.48811],[-77.8287,40.49101],[-77.8261,40.49261],[-77.8183,40.49841],[-77.8164,40.49961],[-77.8211,40.50921],[-77.8321,40.53091],[-77.8407,40.55161],[-77.8387,40.55451],[-77.8373,40.55611],[-77.83289,40.56221],[-77.8286,40.56891],[-77.82179,40.57801],[-77.8201,40.58001],[-77.8174,40.58251],[-77.8144,40.58581],[-77.81219,40.58851],[-77.8099,40.59061],[-77.8007,40.60021],[-77.7991,40.60231],[-77.7951,40.60521],[-77.7925,40.60781],[-77.78809,40.61171],[-77.7804,40.61901],[-77.77579,40.62281],[-77.7735,40.62511],[-77.7704,40.62651],[-77.75909,40.62961],[-77.7538,40.63151],[-77.75079,40.63291],[-77.74329,40.63891],[-77.7381,40.64261],[-77.73479,40.64491],[-77.7308,40.64701],[-77.72749,40.64911],[-77.7244,40.65141],[-77.7202,40.65661],[-77.71539,40.65991],[-77.7108,40.66201],[-77.6944,40.67261],[-77.69099,40.67471],[-77.6871,40.67671],[-77.6825,40.68391],[-77.6861,40.68451],[-77.6889,40.68401],[-77.6945,40.68201],[-77.7001,40.68091],[-77.7038,40.67991],[-77.7073,40.68801],[-77.70689,40.69141],[-77.70309,40.69271],[-77.7005,40.69571],[-77.69949,40.69921],[-77.701,40.70511],[-77.6889,40.71071],[-77.68159,40.71371],[-77.6766,40.71641],[-77.6813,40.72971],[-77.6619,40.73771],[-77.6526,40.74491],[-77.6214,40.75331],[-77.59679,40.76021],[-77.5934,40.76131],[-77.5713,40.76961],[-77.5525,40.77761],[-77.53699,40.78391],[-77.5104,40.79411],[-77.4955,40.80001],[-77.4618,40.81441],[-77.4525,40.81801],[-77.42979,40.82751],[-77.4229,40.83001],[-77.40659,40.83551],[-77.37949,40.84391],[-77.37469,40.84531],[-77.36919,40.84661],[-77.3652,40.84731],[-77.3616,40.84651],[-77.3577,40.84461],[-77.3569,40.82381],[-77.3566,40.80671]]]}},{"type":"Feature","properties":{"state":"PA","zone":"055","cwa":"PHI","name":"Monroe","state_zone":"PA055"},"geometry":{"type":"Polygon","coordinates":[[[-74.9922,41.09281],[-74.9916,41.08941],[-74.9889,41.08831],[-74.9856,41.08851],[-74.98299,41.08911],[-74.9757,41.09381],[-74.97269,41.09521],[-74.9695,41.09591],[-74.9668,41.09371],[-74.9676,41.08951],[-74.97009,41.08601],[-74.97279,41.08431],[-74.9817,41.07961],[-74.9846,41.07891],[-74.98959,41.07821],[-74.9939,41.07691],[-74.9993,41.07391],[-75.00169,41.07211],[-75.0038,41.06981],[-75.007,41.06751],[-75.0104,41.06751],[-75.0125,41.06631],[-75.0152,41.06131],[-75.01579,41.05831],[-75.0172,41.05551],[-75.0188,41.05351],[-75.0256,41.04661],[-75.0263,41.04451],[-75.0257,41.04101],[-75.0294,41.03881],[-75.0336,41.03711],[-75.0412,41.03151],[-75.0441,41.03031],[-75.0468,41.02971],[-75.0518,41.02711],[-75.07,41.01891],[-75.072,41.01811],[-75.07459,41.01741],[-75.0778,41.01701],[-75.08109,41.01681],[-75.0871,41.01541],[-75.09029,41.01351],[-75.0948,41.00961],[-75.0972,41.00801],[-75.1008,41.00671],[-75.1048,41.00561],[-75.1083,41.00441],[-75.1102,41.00271],[-75.1245,40.99541],[-75.1272,40.99391],[-75.1291,40.99241],[-75.131,40.99051],[-75.1316,40.98801],[-75.1315,40.98521],[-75.1326,40.98131],[-75.1347,40.97791],[-75.13499,40.97301],[-75.1334,40.97071],[-75.1318,40.96961],[-75.12859,40.96921],[-75.1226,40.97021],[-75.1209,40.96801],[-75.12379,40.96451],[-75.12759,40.96031],[-75.1293,40.95871],[-75.1477,40.95041],[-75.1507,40.94961],[-75.1597,40.94851],[-75.17049,40.94791],[-75.1735,40.94701],[-75.1765,40.94571],[-75.1783,40.94021],[-75.18,40.93921],[-75.184,40.93801],[-75.1879,40.93721],[-75.19189,40.93681],[-75.1988,40.93581],[-75.2062,40.93391],[-75.21159,40.93211],[-75.2145,40.93081],[-75.2166,40.92901],[-75.2188,40.92651],[-75.2206,40.92311],[-75.2222,40.91941],[-75.241,40.90941],[-75.2323,40.89991],[-75.23969,40.89721],[-75.2429,40.89551],[-75.24529,40.89331],[-75.24789,40.89151],[-75.2496,40.89101],[-75.26749,40.88201],[-75.2733,40.87331],[-75.2795,40.86991],[-75.28429,40.86581],[-75.2878,40.86401],[-75.29169,40.86381],[-75.2947,40.86231],[-75.3022,40.85921],[-75.3196,40.85591],[-75.3391,40.84641],[-75.3791,40.83251],[-75.38419,40.83041],[-75.3877,40.82941],[-75.4137,40.82641],[-75.417,40.82591],[-75.42039,40.82331],[-75.43909,40.81901],[-75.44199,40.81851],[-75.4555,40.81801],[-75.458,40.81771],[-75.4742,40.81481],[-75.4809,40.82711],[-75.48669,40.83711],[-75.49339,40.84651],[-75.4992,40.85371],[-75.50159,40.85731],[-75.5105,40.86871],[-75.5117,40.87081],[-75.5178,40.87811],[-75.5238,40.88651],[-75.5458,40.91511],[-75.55099,40.92161],[-75.5565,40.92901],[-75.57359,40.95031],[-75.5691,40.95391],[-75.546,40.96491],[-75.5397,40.96761],[-75.5303,40.97201],[-75.5214,40.97591],[-75.4963,40.98761],[-75.50639,40.99631],[-75.5144,41.00431],[-75.5332,41.02191],[-75.5432,41.03171],[-75.5461,41.03431],[-75.55479,41.04271],[-75.5627,41.04941],[-75.5658,41.04971],[-75.56979,41.05141],[-75.5694,41.05521],[-75.571,41.05771],[-75.57159,41.05981],[-75.57339,41.06141],[-75.57809,41.06831],[-75.58109,41.06801],[-75.5832,41.07161],[-75.58569,41.07401],[-75.5877,41.07621],[-75.5898,41.07721],[-75.5946,41.08081],[-75.5972,41.08171],[-75.59979,41.08391],[-75.6038,41.08461],[-75.6059,41.08611],[-75.6053,41.08951],[-75.6044,41.09311],[-75.6067,41.09441],[-75.61259,41.09471],[-75.6141,41.09781],[-75.6141,41.10031],[-75.6159,41.10381],[-75.62029,41.10811],[-75.6223,41.11061],[-75.626,41.11011],[-75.62859,41.10711],[-75.632,41.10801],[-75.6338,41.11101],[-75.6355,41.11281],[-75.63789,41.11351],[-75.64149,41.11341],[-75.6458,41.11371],[-75.6459,41.11701],[-75.6465,41.11991],[-75.6483,41.12191],[-75.6489,41.12471],[-75.6464,41.12581],[-75.6431,41.12661],[-75.6402,41.12671],[-75.6373,41.12531],[-75.6348,41.12321],[-75.63309,41.12621],[-75.6312,41.12811],[-75.6279,41.12841],[-75.6255,41.13131],[-75.6279,41.13341],[-75.62759,41.13671],[-75.62399,41.13871],[-75.62,41.14141],[-75.6175,41.14241],[-75.615,41.14401],[-75.6144,41.14731],[-75.6152,41.15051],[-75.61169,41.15041],[-75.60909,41.14991],[-75.6068,41.15001],[-75.60339,41.15261],[-75.6041,41.15561],[-75.6021,41.15841],[-75.6012,41.16171],[-75.59769,41.16331],[-75.5973,41.16751],[-75.598,41.17141],[-75.5897,41.17221],[-75.58549,41.17441],[-75.5826,41.17671],[-75.57719,41.17771],[-75.5758,41.18021],[-75.57619,41.18211],[-75.576,41.18441],[-75.5752,41.18761],[-75.5724,41.19031],[-75.56979,41.19241],[-75.5701,41.19581],[-75.569,41.19851],[-75.56609,41.20071],[-75.562,41.20501],[-75.5588,41.20661],[-75.5564,41.20731],[-75.555,41.20851],[-75.5545,41.21041],[-75.5533,41.21211],[-75.55109,41.21441],[-75.5486,41.21761],[-75.54469,41.22171],[-75.5432,41.22381],[-75.53989,41.22491],[-75.5336,41.22571],[-75.5311,41.22621],[-75.5279,41.22581],[-75.5252,41.22301],[-75.51649,41.22001],[-75.5143,41.22241],[-75.5113,41.22501],[-75.5095,41.22801],[-75.5094,41.23001],[-75.50819,41.23231],[-75.50529,41.23351],[-75.5011,41.23271],[-75.49619,41.23281],[-75.4593,41.23421],[-75.3709,41.23801],[-75.36259,41.23921],[-75.3592,41.23921],[-75.3567,41.24021],[-75.3289,41.24121],[-75.3241,41.24151],[-75.3127,41.24261],[-75.28149,41.24381],[-75.2496,41.24571],[-75.23289,41.24621],[-75.1898,41.24891],[-75.1731,41.25011],[-75.12759,41.25281],[-75.15579,41.15451],[-75.15659,41.15011],[-75.1475,41.14851],[-75.14349,41.14801],[-75.1326,41.14681],[-75.0976,41.14341],[-75.0768,41.14101],[-75.0542,41.10971],[-75.0527,41.10781],[-75.0412,41.09171],[-75.0375,41.08841],[-75.0331,41.08711],[-75.0312,41.08441],[-75.02869,41.08141],[-75.0265,41.08021],[-75.0248,41.08291],[-75.0226,41.08391],[-75.01949,41.08481],[-75.0164,41.08451],[-75.0131,41.08391],[-75.0113,41.08751],[-75.0071,41.08831],[-75.00259,41.09101],[-74.99989,41.08951],[-74.9973,41.09021],[-74.9962,41.09291],[-74.9922,41.09281]]]}},{"type":"Feature","properties":{"state":"PA","zone":"103","cwa":"PHI","name":"Western Montgomery","state_zone":"PA103"},"geometry":{"type":"Polygon","coordinates":[[[-75.25594,40.26185],[-75.26662,40.25133],[-75.27242,40.24697],[-75.27773,40.2511],[-75.27888,40.25599],[-75.287,40.26134],[-75.29316,40.25559],[-75.29965,40.24734],[-75.30264,40.24441],[-75.30696,40.23681],[-75.32837,40.21548],[-75.34276,40.22137],[-75.3558,40.22919],[-75.36437,40.22146],[-75.37303,40.21328],[-75.4059,40.18092],[-75.41191,40.17684],[-75.40879,40.17808],[-75.39312,40.16582],[-75.38365,40.16027],[-75.37282,40.1546],[-75.3842,40.14794],[-75.39575,40.13633],[-75.42259,40.11042],[-75.42856,40.10963],[-75.43704,40.11014],[-75.44747,40.1081],[-75.45744,40.10403],[-75.4645,40.10352],[-75.4656,40.10411],[-75.46899,40.10691],[-75.4714,40.11131],[-75.4695,40.11561],[-75.4623,40.11931],[-75.4613,40.12361],[-75.4677,40.12751],[-75.47269,40.12911],[-75.4781,40.12711],[-75.4825,40.12631],[-75.4909,40.12541],[-75.4956,40.12711],[-75.4995,40.12951],[-75.5032,40.13151],[-75.5084,40.13511],[-75.5098,40.13761],[-75.5105,40.14071],[-75.50919,40.14441],[-75.5022,40.15211],[-75.5004,40.15611],[-75.5024,40.15931],[-75.5062,40.16011],[-75.5117,40.15891],[-75.5163,40.15331],[-75.5172,40.15041],[-75.5191,40.14781],[-75.52329,40.14711],[-75.5274,40.15111],[-75.5276,40.15351],[-75.52689,40.15611],[-75.5266,40.15941],[-75.5276,40.16611],[-75.5292,40.16861],[-75.53159,40.17061],[-75.5407,40.17561],[-75.54469,40.18191],[-75.5481,40.18831],[-75.5537,40.20111],[-75.5572,40.20771],[-75.5601,40.20961],[-75.5625,40.20991],[-75.5647,40.20841],[-75.5648,40.20551],[-75.56339,40.19681],[-75.5662,40.19471],[-75.57159,40.19411],[-75.5761,40.19751],[-75.58009,40.20321],[-75.58179,40.20751],[-75.5872,40.21341],[-75.5898,40.22011],[-75.5927,40.22551],[-75.5965,40.23621],[-75.59869,40.23761],[-75.6013,40.23801],[-75.6055,40.23751],[-75.6076,40.23521],[-75.60719,40.23251],[-75.6049,40.23061],[-75.6031,40.22831],[-75.6048,40.22571],[-75.6087,40.22371],[-75.61169,40.22331],[-75.61449,40.22391],[-75.61729,40.22681],[-75.61919,40.22971],[-75.6216,40.23091],[-75.6246,40.23141],[-75.62849,40.23301],[-75.6328,40.23511],[-75.6383,40.23671],[-75.6461,40.24001],[-75.64819,40.24071],[-75.65099,40.24211],[-75.654,40.24171],[-75.658,40.24181],[-75.661,40.24331],[-75.6651,40.24491],[-75.66859,40.24491],[-75.6716,40.24431],[-75.6745,40.24311],[-75.6812,40.23931],[-75.68539,40.23651],[-75.6912,40.23781],[-75.6942,40.24021],[-75.69659,40.24171],[-75.67789,40.26451],[-75.6748,40.26861],[-75.671,40.27291],[-75.6653,40.28041],[-75.6264,40.32791],[-75.6047,40.35501],[-75.5878,40.37511],[-75.5714,40.39551],[-75.5376,40.43701],[-75.534,40.44191],[-75.53049,40.44771],[-75.50359,40.43091],[-75.4995,40.42851],[-75.49799,40.42721],[-75.4831,40.41811],[-75.4562,40.40251],[-75.42599,40.38471],[-75.4211,40.38101],[-75.41669,40.37851],[-75.4135,40.37631],[-75.4088,40.37371],[-75.3901,40.36231],[-75.38609,40.36011],[-75.37869,40.35541],[-75.351,40.33931],[-75.3378,40.33111],[-75.3101,40.31471],[-75.29649,40.30631],[-75.2624,40.28581],[-75.25629,40.28231],[-75.2539,40.28051],[-75.24699,40.27691],[-75.25594,40.26185]]]}},{"type":"Feature","properties":{"state":"PA","zone":"051","cwa":"CTP","name":"Montour","state_zone":"PA051"},"geometry":{"type":"Polygon","coordinates":[[[-76.64079,41.15571],[-76.6309,41.12511],[-76.62479,41.10441],[-76.6209,41.09031],[-76.6206,41.08531],[-76.6179,41.08121],[-76.6157,41.07961],[-76.61629,41.07601],[-76.6175,41.07361],[-76.6159,41.06871],[-76.6167,41.06631],[-76.6186,41.06381],[-76.60069,41.06001],[-76.5862,41.05721],[-76.5704,41.05381],[-76.5684,41.04991],[-76.56529,41.04211],[-76.563,41.03621],[-76.56229,41.03301],[-76.5629,41.02331],[-76.56619,41.00781],[-76.56519,40.99981],[-76.55479,40.99201],[-76.53429,40.97701],[-76.5285,40.97231],[-76.52399,40.96741],[-76.5217,40.96591],[-76.5197,40.96271],[-76.515,40.95801],[-76.5159,40.95321],[-76.51479,40.94921],[-76.5127,40.94651],[-76.51839,40.94371],[-76.5289,40.94001],[-76.5273,40.93701],[-76.52579,40.93481],[-76.5236,40.93391],[-76.5215,40.93131],[-76.5209,40.92911],[-76.52039,40.92621],[-76.5226,40.92261],[-76.5261,40.92101],[-76.5281,40.91871],[-76.5263,40.91751],[-76.52499,40.91571],[-76.5263,40.90011],[-76.528,40.88251],[-76.5416,40.88251],[-76.5518,40.88351],[-76.55669,40.88921],[-76.5584,40.89191],[-76.5597,40.89481],[-76.56039,40.89761],[-76.56139,40.90001],[-76.5647,40.90411],[-76.5656,40.90661],[-76.5659,40.91021],[-76.5677,40.91451],[-76.5673,40.91691],[-76.5649,40.92131],[-76.5615,40.92531],[-76.5582,40.93161],[-76.55849,40.93401],[-76.5579,40.93781],[-76.5611,40.93941],[-76.56419,40.93961],[-76.5729,40.93931],[-76.57719,40.93951],[-76.5796,40.93981],[-76.5896,40.94011],[-76.5927,40.94041],[-76.5956,40.94091],[-76.599,40.94161],[-76.6025,40.94271],[-76.60889,40.94741],[-76.61089,40.94911],[-76.6134,40.95161],[-76.6159,40.95371],[-76.6252,40.96041],[-76.6292,40.96251],[-76.6328,40.96391],[-76.6358,40.96451],[-76.6413,40.96481],[-76.6445,40.96451],[-76.647,40.96401],[-76.65279,40.96231],[-76.6614,40.96801],[-76.67619,40.96551],[-76.6793,40.96551],[-76.6825,40.96481],[-76.6878,40.96271],[-76.69769,40.96151],[-76.7017,40.96031],[-76.71329,40.95841],[-76.7184,40.95731],[-76.7263,40.95621],[-76.7345,40.95451],[-76.74429,40.95431],[-76.7585,40.95141],[-76.7674,40.94981],[-76.7757,40.94951],[-76.7844,40.94781],[-76.7901,40.94701],[-76.793,40.94701],[-76.7944,40.94871],[-76.7924,40.95021],[-76.7905,40.95241],[-76.79079,40.95611],[-76.78809,40.95731],[-76.7857,40.95881],[-76.7869,40.96091],[-76.7869,40.96381],[-76.7858,40.96631],[-76.78419,40.96911],[-76.7743,41.00011],[-76.7738,41.00231],[-76.7757,41.00971],[-76.7723,41.01631],[-76.7706,41.01871],[-76.76199,41.02591],[-76.7643,41.02941],[-76.7596,41.03891],[-76.7577,41.04561],[-76.75719,41.04931],[-76.7492,41.06121],[-76.7455,41.06731],[-76.739,41.08221],[-76.73779,41.08641],[-76.73579,41.08981],[-76.735,41.09351],[-76.7344,41.10461],[-76.7354,41.10901],[-76.7351,41.11751],[-76.7347,41.12151],[-76.73399,41.12471],[-76.7347,41.12871],[-76.7341,41.13281],[-76.7354,41.13801],[-76.73409,41.14451],[-76.73299,41.14841],[-76.73129,41.15321],[-76.73119,41.15561],[-76.7314,41.15881],[-76.73119,41.16321],[-76.7327,41.17201],[-76.73,41.17191],[-76.6996,41.16131],[-76.67979,41.15461],[-76.67069,41.15451],[-76.64079,41.15571]]]}},{"type":"Feature","properties":{"state":"PA","zone":"056","cwa":"CTP","name":"Perry","state_zone":"PA056"},"geometry":{"type":"Polygon","coordinates":[[[-76.9493,40.62781],[-76.9515,40.62441],[-76.9525,40.62051],[-76.95319,40.61671],[-76.9527,40.61131],[-76.9527,40.60501],[-76.95319,40.60291],[-76.9544,40.60001],[-76.9571,40.59481],[-76.9594,40.59161],[-76.9647,40.58751],[-76.9688,40.58511],[-76.97189,40.58381],[-76.9749,40.58211],[-76.9818,40.57891],[-76.9852,40.57681],[-76.98759,40.57481],[-76.9907,40.57051],[-76.9918,40.56731],[-76.99239,40.56441],[-76.99129,40.56121],[-76.98779,40.55681],[-76.9866,40.55381],[-76.9863,40.55151],[-76.9828,40.54541],[-76.9815,40.54261],[-76.9804,40.53861],[-76.9814,40.53331],[-76.985,40.52601],[-76.9851,40.52071],[-76.9834,40.51521],[-76.9789,40.50831],[-76.97469,40.50351],[-76.97089,40.49971],[-76.9685,40.49771],[-76.96539,40.49571],[-76.96059,40.49351],[-76.95689,40.49241],[-76.95319,40.49061],[-76.95139,40.48861],[-76.9501,40.48611],[-76.94849,40.48211],[-76.9487,40.47311],[-76.9492,40.46951],[-76.9511,40.46531],[-76.9534,40.46221],[-76.95609,40.45941],[-76.9585,40.45761],[-76.96159,40.45581],[-76.9657,40.45431],[-76.9677,40.45331],[-76.972,40.45151],[-76.97359,40.45061],[-76.9788,40.44821],[-76.98109,40.44661],[-76.9855,40.44291],[-76.9889,40.43931],[-76.9909,40.43751],[-76.99229,40.43651],[-76.9954,40.43541],[-76.99789,40.43361],[-77.00159,40.42901],[-77.0046,40.42671],[-77.01009,40.42591],[-77.0134,40.42561],[-77.0159,40.42511],[-77.0168,40.42011],[-77.01559,40.41541],[-77.0133,40.41201],[-77.0123,40.40951],[-77.0118,40.40601],[-77.013,40.40261],[-77.01579,40.40021],[-77.0207,40.39811],[-77.0266,40.39371],[-77.0282,40.39141],[-77.029,40.38701],[-77.02799,40.38371],[-77.0267,40.38081],[-77.02489,40.37821],[-77.0226,40.37551],[-77.0217,40.37291],[-77.022,40.37011],[-77.0211,40.36691],[-77.01849,40.36461],[-77.0115,40.36131],[-77.00819,40.35861],[-77.0034,40.35751],[-76.9959,40.35641],[-76.9871,40.35671],[-76.9828,40.35721],[-76.9758,40.35651],[-76.9683,40.35641],[-76.9656,40.35721],[-76.9613,40.35801],[-76.9572,40.35771],[-76.95219,40.35811],[-76.9492,40.35811],[-76.9455,40.35771],[-76.9417,40.35771],[-76.93729,40.35741],[-76.9332,40.35541],[-76.9285,40.34791],[-76.9275,40.34401],[-76.92519,40.34121],[-76.91599,40.33221],[-76.9147,40.32841],[-76.9285,40.32351],[-76.9358,40.32111],[-76.9741,40.31021],[-76.9847,40.30881],[-77.00359,40.30591],[-77.0106,40.30541],[-77.0196,40.30431],[-77.0226,40.30411],[-77.0289,40.30431],[-77.0351,40.30431],[-77.0411,40.30461],[-77.049,40.30391],[-77.05199,40.30381],[-77.05579,40.30311],[-77.05869,40.30351],[-77.06149,40.30291],[-77.0637,40.30221],[-77.0677,40.30201],[-77.07359,40.30241],[-77.0864,40.30101],[-77.09029,40.30091],[-77.0936,40.30061],[-77.09769,40.30001],[-77.10149,40.29881],[-77.1046,40.29881],[-77.11079,40.29761],[-77.113,40.29741],[-77.1186,40.29701],[-77.12299,40.29691],[-77.1254,40.29631],[-77.12869,40.29511],[-77.1325,40.29521],[-77.1355,40.29491],[-77.1422,40.29311],[-77.1502,40.29131],[-77.1558,40.29091],[-77.159,40.29001],[-77.16599,40.28941],[-77.169,40.28961],[-77.1725,40.28881],[-77.17529,40.28921],[-77.17879,40.28851],[-77.1847,40.28781],[-77.187,40.28771],[-77.1916,40.28681],[-77.1943,40.28651],[-77.1979,40.28701],[-77.2029,40.28711],[-77.2067,40.28591],[-77.20969,40.28531],[-77.2135,40.28541],[-77.2174,40.28511],[-77.2212,40.28461],[-77.2243,40.28461],[-77.228,40.28391],[-77.2318,40.28361],[-77.2342,40.28361],[-77.23859,40.28411],[-77.24129,40.28301],[-77.24529,40.28221],[-77.24889,40.28221],[-77.2531,40.28181],[-77.2643,40.27931],[-77.2671,40.27921],[-77.26949,40.27871],[-77.2785,40.27641],[-77.28519,40.27521],[-77.2902,40.27331],[-77.3004,40.27071],[-77.3054,40.26911],[-77.3078,40.26871],[-77.3102,40.26801],[-77.3154,40.26751],[-77.3181,40.26801],[-77.32269,40.27071],[-77.33089,40.27681],[-77.3302,40.28071],[-77.3276,40.28351],[-77.3257,40.28641],[-77.3232,40.28941],[-77.3228,40.29231],[-77.325,40.29271],[-77.32719,40.29251],[-77.33099,40.29131],[-77.33379,40.29021],[-77.3401,40.28721],[-77.34309,40.28521],[-77.35329,40.27981],[-77.3606,40.27481],[-77.36369,40.27311],[-77.3659,40.27211],[-77.36909,40.27021],[-77.381,40.26451],[-77.38589,40.26241],[-77.4025,40.25701],[-77.4071,40.25611],[-77.4125,40.25541],[-77.417,40.25521],[-77.42049,40.25581],[-77.4228,40.25901],[-77.4197,40.26391],[-77.4172,40.26601],[-77.41119,40.26961],[-77.4106,40.27251],[-77.40849,40.27521],[-77.406,40.27721],[-77.40359,40.27951],[-77.4004,40.28181],[-77.3951,40.28461],[-77.3875,40.28991],[-77.3709,40.29931],[-77.3653,40.30201],[-77.36169,40.30461],[-77.3592,40.30741],[-77.3574,40.31101],[-77.35809,40.31361],[-77.3623,40.31391],[-77.3665,40.31341],[-77.37939,40.30941],[-77.38419,40.30771],[-77.38699,40.30621],[-77.3955,40.30291],[-77.40179,40.29991],[-77.4053,40.29781],[-77.4099,40.29551],[-77.4146,40.29341],[-77.418,40.29141],[-77.4202,40.29051],[-77.4225,40.28891],[-77.4264,40.28671],[-77.4319,40.28271],[-77.4376,40.27941],[-77.4426,40.27601],[-77.44569,40.27411],[-77.45029,40.27061],[-77.452,40.26971],[-77.4575,40.26621],[-77.46259,40.26261],[-77.4658,40.25961],[-77.4786,40.25121],[-77.48769,40.24621],[-77.4908,40.24421],[-77.4939,40.24261],[-77.4972,40.24021],[-77.50349,40.23701],[-77.50739,40.23561],[-77.5104,40.23431],[-77.51299,40.23271],[-77.516,40.23041],[-77.5189,40.22941],[-77.5263,40.22591],[-77.5276,40.22421],[-77.5295,40.22261],[-77.5373,40.21911],[-77.5435,40.21951],[-77.55659,40.21911],[-77.5598,40.21771],[-77.5626,40.21601],[-77.5646,40.21431],[-77.5668,40.21291],[-77.569,40.21191],[-77.5713,40.21031],[-77.5749,40.20861],[-77.577,40.20741],[-77.5787,40.20591],[-77.5805,40.20371],[-77.5899,40.19641],[-77.5933,40.19211],[-77.5981,40.18891],[-77.60509,40.18551],[-77.6105,40.19391],[-77.6129,40.19971],[-77.6066,40.20411],[-77.60609,40.21551],[-77.60619,40.22371],[-77.6057,40.22801],[-77.6078,40.23111],[-77.6097,40.23281],[-77.613,40.23321],[-77.617,40.23211],[-77.6212,40.22931],[-77.62469,40.22751],[-77.6399,40.21771],[-77.6433,40.21821],[-77.6459,40.22381],[-77.6485,40.22181],[-77.65099,40.22681],[-77.6513,40.22991],[-77.6489,40.23331],[-77.64539,40.23891],[-77.64999,40.24791],[-77.6482,40.24961],[-77.6459,40.25281],[-77.644,40.25711],[-77.64629,40.25911],[-77.6495,40.25911],[-77.6524,40.25871],[-77.6552,40.25801],[-77.6581,40.25651],[-77.6662,40.25181],[-77.6707,40.25721],[-77.6688,40.26041],[-77.6616,40.26631],[-77.6578,40.26921],[-77.6598,40.27471],[-77.66409,40.28031],[-77.6713,40.29041],[-77.6655,40.29651],[-77.6629,40.29881],[-77.65459,40.30711],[-77.6525,40.30901],[-77.64539,40.31461],[-77.6396,40.31971],[-77.6338,40.32391],[-77.6299,40.32641],[-77.6264,40.32921],[-77.6199,40.33361],[-77.61649,40.33641],[-77.6138,40.33771],[-77.6114,40.33971],[-77.6069,40.34301],[-77.6037,40.34411],[-77.5992,40.34831],[-77.5935,40.35121],[-77.5864,40.35541],[-77.5813,40.35811],[-77.57819,40.36011],[-77.5664,40.36701],[-77.5591,40.36981],[-77.5537,40.37121],[-77.54639,40.37401],[-77.54169,40.37531],[-77.5322,40.37581],[-77.5351,40.38511],[-77.5383,40.39371],[-77.5401,40.39921],[-77.51649,40.41201],[-77.5141,40.41281],[-77.5097,40.41491],[-77.5061,40.41711],[-77.4986,40.42121],[-77.4892,40.42601],[-77.48319,40.42881],[-77.47829,40.43191],[-77.4726,40.43401],[-77.4642,40.43841],[-77.4554,40.44251],[-77.453,40.44381],[-77.4463,40.44681],[-77.4436,40.44731],[-77.4404,40.44911],[-77.4359,40.45091],[-77.43069,40.45361],[-77.4269,40.45531],[-77.42049,40.45761],[-77.4063,40.46381],[-77.403,40.46561],[-77.39059,40.47101],[-77.3773,40.47721],[-77.375,40.47841],[-77.3381,40.49531],[-77.3054,40.51071],[-77.3014,40.51301],[-77.2922,40.51721],[-77.2887,40.51861],[-77.2855,40.51921],[-77.2821,40.51961],[-77.2798,40.52071],[-77.2772,40.52251],[-77.271,40.52471],[-77.2683,40.52601],[-77.2317,40.53851],[-77.2161,40.54461],[-77.20959,40.54751],[-77.2055,40.54911],[-77.19849,40.55231],[-77.18739,40.55541],[-77.18359,40.55661],[-77.17329,40.55761],[-77.1678,40.55941],[-77.1797,40.57721],[-77.1828,40.58221],[-77.17989,40.58251],[-77.17699,40.58311],[-77.1741,40.58411],[-77.16589,40.58641],[-77.1624,40.58671],[-77.1591,40.58661],[-77.15639,40.58701],[-77.1521,40.58721],[-77.1485,40.58831],[-77.14339,40.58901],[-77.1382,40.58941],[-77.1291,40.59071],[-77.1237,40.59101],[-77.1199,40.59191],[-77.1131,40.59301],[-77.10629,40.59311],[-77.1045,40.59471],[-77.1018,40.59611],[-77.099,40.59611],[-77.0861,40.59801],[-77.0824,40.59801],[-77.07899,40.59771],[-77.0713,40.59841],[-77.0645,40.59961],[-77.0597,40.60081],[-77.057,40.60091],[-77.04929,40.60231],[-77.04729,40.60251],[-77.04449,40.60341],[-77.0406,40.60421],[-77.0332,40.60351],[-77.02869,40.60401],[-77.0246,40.60421],[-77.01759,40.60581],[-77.0077,40.60881],[-76.99989,40.61091],[-76.9939,40.61331],[-76.9871,40.61641],[-76.9844,40.61731],[-76.97099,40.62251],[-76.95779,40.62721],[-76.9552,40.62801],[-76.95219,40.62811],[-76.9493,40.62781]]]}},{"type":"Feature","properties":{"state":"PA","zone":"048","cwa":"BGM","name":"Pike","state_zone":"PA048"},"geometry":{"type":"Polygon","coordinates":[[[-74.755,41.42501],[-74.7531,41.42611],[-74.75069,41.42791],[-74.74329,41.43071],[-74.7409,41.43111],[-74.7374,41.42981],[-74.7352,41.42671],[-74.7351,41.42151],[-74.7369,41.41701],[-74.73869,41.41351],[-74.74129,41.41071],[-74.7417,41.40791],[-74.7412,41.40601],[-74.73859,41.40121],[-74.7361,41.39841],[-74.7336,41.39701],[-74.7304,41.39561],[-74.727,41.39511],[-74.72089,41.39471],[-74.716,41.39261],[-74.71339,41.38981],[-74.7104,41.38211],[-74.7085,41.37891],[-74.70329,41.37511],[-74.6973,41.37161],[-74.6953,41.37061],[-74.6931,41.36891],[-74.6907,41.36671],[-74.6895,41.36381],[-74.6904,41.36091],[-74.69379,41.35901],[-74.6949,41.35731],[-74.697,41.35641],[-74.7006,41.35451],[-74.7052,41.35381],[-74.7085,41.35271],[-74.7121,41.35091],[-74.7169,41.34911],[-74.72089,41.34741],[-74.7269,41.34621],[-74.7304,41.34601],[-74.7366,41.34651],[-74.7449,41.34621],[-74.7491,41.34651],[-74.75249,41.34621],[-74.75459,41.34561],[-74.7568,41.34391],[-74.7594,41.34131],[-74.76089,41.33901],[-74.7631,41.33251],[-74.76569,41.32931],[-74.76939,41.32661],[-74.7725,41.32481],[-74.7754,41.32431],[-74.7782,41.32451],[-74.7851,41.32391],[-74.78909,41.32331],[-74.79259,41.32211],[-74.79559,41.31911],[-74.79449,41.31671],[-74.79279,41.31481],[-74.7922,41.31161],[-74.7949,41.30911],[-74.7976,41.30801],[-74.8045,41.30451],[-74.8075,41.30261],[-74.8099,41.30041],[-74.812,41.29811],[-74.8157,41.29611],[-74.8192,41.29501],[-74.8219,41.29381],[-74.8248,41.29171],[-74.8269,41.28961],[-74.8294,41.28791],[-74.8314,41.28481],[-74.8341,41.28111],[-74.83749,41.27821],[-74.839,41.27601],[-74.8414,41.27071],[-74.8465,41.26231],[-74.8454,41.25891],[-74.8464,41.25411],[-74.84879,41.25151],[-74.85249,41.25071],[-74.8553,41.25031],[-74.8574,41.24841],[-74.8592,41.24551],[-74.86179,41.24051],[-74.8624,41.23721],[-74.8651,41.23381],[-74.86639,41.23121],[-74.8672,41.22781],[-74.8644,41.22481],[-74.8616,41.22291],[-74.8594,41.21991],[-74.8604,41.21741],[-74.8676,41.20831],[-74.8713,41.20301],[-74.8743,41.19801],[-74.8783,41.19051],[-74.87859,41.18741],[-74.88049,41.18391],[-74.8828,41.18011],[-74.88779,41.17501],[-74.89,41.17321],[-74.89709,41.16821],[-74.89999,41.16561],[-74.9021,41.16081],[-74.9034,41.15841],[-74.9049,41.15621],[-74.9146,41.14661],[-74.91759,41.14391],[-74.9203,41.14201],[-74.9227,41.13891],[-74.9241,41.13751],[-74.9286,41.13481],[-74.93189,41.13311],[-74.9426,41.12981],[-74.9454,41.12871],[-74.9473,41.12671],[-74.94759,41.12411],[-74.9492,41.12261],[-74.9564,41.11911],[-74.9585,41.11791],[-74.9609,41.11611],[-74.96339,41.11471],[-74.9665,41.11371],[-74.96989,41.11381],[-74.97359,41.11311],[-74.9771,41.11161],[-74.9806,41.10981],[-74.9824,41.10781],[-74.9838,41.10511],[-74.9874,41.09941],[-74.98949,41.09551],[-74.9922,41.09281],[-74.9962,41.09291],[-74.9973,41.09021],[-74.99989,41.08951],[-75.00259,41.09101],[-75.0071,41.08831],[-75.0113,41.08751],[-75.0131,41.08391],[-75.0164,41.08451],[-75.01949,41.08481],[-75.0226,41.08391],[-75.0248,41.08291],[-75.0265,41.08021],[-75.02869,41.08141],[-75.0312,41.08441],[-75.0331,41.08711],[-75.0375,41.08841],[-75.0412,41.09171],[-75.0527,41.10781],[-75.0542,41.10971],[-75.0768,41.14101],[-75.0976,41.14341],[-75.1326,41.14681],[-75.14349,41.14801],[-75.1475,41.14851],[-75.15659,41.15011],[-75.15579,41.15451],[-75.12759,41.25281],[-75.1731,41.25011],[-75.1898,41.24891],[-75.23289,41.24621],[-75.2496,41.24571],[-75.28149,41.24381],[-75.3127,41.24261],[-75.3241,41.24151],[-75.3289,41.24121],[-75.3567,41.24021],[-75.3489,41.24581],[-75.34589,41.24821],[-75.342,41.25441],[-75.3446,41.25691],[-75.3474,41.25801],[-75.34969,41.25971],[-75.3483,41.26161],[-75.3474,41.26331],[-75.3473,41.26531],[-75.34399,41.26761],[-75.3391,41.26791],[-75.335,41.26951],[-75.3324,41.27461],[-75.3335,41.27811],[-75.3316,41.28121],[-75.3302,41.28391],[-75.32839,41.28671],[-75.3256,41.28771],[-75.3252,41.28971],[-75.326,41.29241],[-75.3277,41.29431],[-75.328,41.29701],[-75.3267,41.29821],[-75.322,41.30061],[-75.3196,41.30391],[-75.3147,41.30981],[-75.3138,41.31251],[-75.31609,41.31651],[-75.31599,41.31941],[-75.3125,41.32151],[-75.31219,41.32441],[-75.3109,41.32801],[-75.31149,41.33121],[-75.3134,41.33221],[-75.31619,41.33401],[-75.3185,41.33621],[-75.3211,41.33811],[-75.3228,41.33981],[-75.32619,41.34041],[-75.32809,41.33841],[-75.3304,41.33541],[-75.33379,41.33621],[-75.3378,41.33631],[-75.34019,41.33611],[-75.3437,41.33711],[-75.3446,41.34071],[-75.3382,41.34611],[-75.3379,41.34921],[-75.33939,41.35061],[-75.34209,41.35181],[-75.34299,41.35521],[-75.34599,41.35731],[-75.3475,41.35961],[-75.35,41.36431],[-75.35069,41.36791],[-75.34879,41.36991],[-75.3453,41.37121],[-75.33939,41.37561],[-75.3361,41.37581],[-75.33089,41.36971],[-75.32809,41.36881],[-75.3247,41.36691],[-75.3201,41.36781],[-75.3163,41.36831],[-75.3091,41.37471],[-75.3052,41.37351],[-75.2991,41.36791],[-75.29169,41.36881],[-75.2848,41.37121],[-75.2783,41.37251],[-75.2732,41.37211],[-75.26569,41.37241],[-75.2623,41.37511],[-75.2614,41.38271],[-75.2588,41.38411],[-75.2558,41.38621],[-75.2538,41.38921],[-75.2539,41.39241],[-75.2565,41.39391],[-75.2557,41.39771],[-75.253,41.40071],[-75.2473,41.40251],[-75.24719,41.40551],[-75.24879,41.40781],[-75.2511,41.41071],[-75.2491,41.41461],[-75.24619,41.41681],[-75.2492,41.41811],[-75.2465,41.42001],[-75.2426,41.42121],[-75.2383,41.42061],[-75.2344,41.42141],[-75.2334,41.42421],[-75.2304,41.42471],[-75.229,41.42631],[-75.22649,41.42481],[-75.22359,41.42481],[-75.2206,41.42441],[-75.2176,41.42441],[-75.2151,41.42661],[-75.21259,41.42771],[-75.21049,41.43041],[-75.2071,41.43091],[-75.20309,41.43201],[-75.2001,41.43401],[-75.1983,41.43741],[-75.19479,41.43821],[-75.1917,41.43931],[-75.18909,41.44171],[-75.18639,41.44331],[-75.18919,41.44871],[-75.18839,41.45091],[-75.187,41.45331],[-75.18819,41.45641],[-75.187,41.45861],[-75.17879,41.46231],[-75.17799,41.46481],[-75.1738,41.46921],[-75.1709,41.47251],[-75.1691,41.47511],[-75.16669,41.47791],[-75.1246,41.53181],[-75.1151,41.54371],[-75.1084,41.55301],[-75.09879,41.56551],[-75.0915,41.57451],[-75.0877,41.57951],[-75.0853,41.58231],[-75.0808,41.58821],[-75.0746,41.59571],[-75.0702,41.60171],[-75.0677,41.60011],[-75.0657,41.59781],[-75.063,41.59401],[-75.0607,41.59171],[-75.0573,41.58941],[-75.0524,41.58751],[-75.0496,41.58541],[-75.0462,41.58211],[-75.04369,41.57451],[-75.0424,41.57251],[-75.03979,41.56921],[-75.03699,41.56701],[-75.0341,41.56561],[-75.0301,41.56461],[-75.02689,41.56281],[-75.0246,41.55921],[-75.0207,41.55461],[-75.0182,41.55101],[-75.0161,41.54531],[-75.0171,41.54311],[-75.0233,41.54111],[-75.02489,41.53911],[-75.02489,41.53671],[-75.0245,41.53461],[-75.02209,41.53291],[-75.0187,41.53251],[-75.01569,41.53181],[-75.0096,41.52841],[-75.0061,41.52591],[-75.003,41.52291],[-75.001,41.51861],[-75.00359,41.51161],[-75.0019,41.50791],[-74.99429,41.50871],[-74.9861,41.50801],[-74.98409,41.50601],[-74.9834,41.50421],[-74.9824,41.50041],[-74.9826,41.49651],[-74.9837,41.49331],[-74.9846,41.49121],[-74.9853,41.48871],[-74.9854,41.48561],[-74.9841,41.48201],[-74.9816,41.48001],[-74.97839,41.47921],[-74.9744,41.47861],[-74.9705,41.47761],[-74.9683,41.47721],[-74.9659,41.47691],[-74.9572,41.47651],[-74.9545,41.47761],[-74.9483,41.48071],[-74.94579,41.48301],[-74.9427,41.48351],[-74.9398,41.48341],[-74.93549,41.48291],[-74.9322,41.48201],[-74.92599,41.47791],[-74.92319,41.47701],[-74.919,41.47711],[-74.91579,41.47671],[-74.91299,41.47581],[-74.9099,41.47321],[-74.90849,41.46981],[-74.9081,41.46761],[-74.9079,41.46451],[-74.9063,41.46091],[-74.90269,41.45951],[-74.8974,41.45871],[-74.8941,41.45781],[-74.8912,41.45621],[-74.8896,41.45371],[-74.8892,41.45131],[-74.89069,41.44961],[-74.8927,41.44821],[-74.8945,41.44661],[-74.896,41.44351],[-74.8958,41.44001],[-74.8932,41.43881],[-74.88969,41.43821],[-74.8802,41.43961],[-74.87749,41.44021],[-74.87399,41.44131],[-74.8703,41.44221],[-74.8672,41.44331],[-74.86369,41.44421],[-74.86069,41.44441],[-74.8576,41.44421],[-74.8541,41.44311],[-74.84779,41.43961],[-74.8454,41.43751],[-74.8434,41.43601],[-74.84109,41.43471],[-74.8391,41.43311],[-74.8361,41.43131],[-74.8321,41.43061],[-74.8269,41.43131],[-74.82459,41.43401],[-74.8231,41.43651],[-74.8196,41.43951],[-74.8162,41.44141],[-74.8126,41.44281],[-74.80959,41.44301],[-74.80759,41.44281],[-74.80579,41.44211],[-74.8034,41.44031],[-74.80119,41.43801],[-74.79919,41.43051],[-74.7968,41.42611],[-74.79539,41.42401],[-74.793,41.42241],[-74.78979,41.42161],[-74.7867,41.42191],[-74.78429,41.42241],[-74.77699,41.42541],[-74.7736,41.42631],[-74.7711,41.42621],[-74.7679,41.42491],[-74.7636,41.42361],[-74.7602,41.42321],[-74.7578,41.42351],[-74.755,41.42501]]]}},{"type":"Feature","properties":{"state":"PA","zone":"006","cwa":"CTP","name":"Potter","state_zone":"PA006"},"geometry":{"type":"Polygon","coordinates":[[[-78.1233,42.00041],[-78.11449,42.00021],[-78.0928,42.00011],[-78.0308,41.99941],[-77.9986,41.99881],[-77.92979,41.99871],[-77.9115,41.99841],[-77.77029,41.99841],[-77.74979,41.99881],[-77.74319,41.99861],[-77.658,41.99941],[-77.60979,41.99941],[-77.60899,41.96501],[-77.60909,41.96151],[-77.6078,41.92191],[-77.6068,41.88051],[-77.6059,41.83921],[-77.606,41.83421],[-77.6057,41.82881],[-77.6054,41.81641],[-77.60429,41.76111],[-77.60419,41.74471],[-77.60239,41.67091],[-77.601,41.60181],[-77.59959,41.54231],[-77.5991,41.52651],[-77.599,41.51101],[-77.59859,41.50011],[-77.5981,41.47861],[-77.6548,41.47811],[-77.6663,41.47821],[-77.6709,41.47801],[-77.7418,41.47751],[-77.75069,41.47761],[-77.7614,41.47741],[-77.7723,41.47751],[-77.78059,41.47731],[-77.8089,41.47721],[-77.81599,41.47701],[-77.8285,41.47701],[-77.8325,41.47681],[-77.8424,41.47671],[-77.8613,41.47621],[-77.9107,41.47581],[-77.9217,41.47591],[-77.9518,41.47561],[-77.9892,41.47481],[-78.02509,41.47541],[-78.03819,41.47541],[-78.0508,41.47581],[-78.0803,41.50311],[-78.1029,41.52451],[-78.11649,41.53701],[-78.1214,41.54131],[-78.12469,41.54461],[-78.141,41.56001],[-78.2034,41.61811],[-78.2036,41.62511],[-78.2038,41.64961],[-78.2043,41.73641],[-78.20499,41.78271],[-78.2057,41.85891],[-78.2064,41.87611],[-78.2066,41.99961],[-78.15379,42.00011],[-78.1365,42.00041],[-78.1233,42.00041]]]}},{"type":"Feature","properties":{"state":"PA","zone":"058","cwa":"CTP","name":"Schuylkill","state_zone":"PA058"},"geometry":{"type":"Polygon","coordinates":[[[-75.9973,40.91301],[-75.98949,40.90591],[-75.9649,40.88451],[-75.9577,40.87831],[-75.9533,40.87511],[-75.9315,40.85611],[-75.9274,40.85271],[-75.91119,40.83851],[-75.9062,40.83371],[-75.88599,40.81631],[-75.8791,40.81211],[-75.8745,40.80911],[-75.87099,40.80711],[-75.8587,40.79911],[-75.85339,40.79591],[-75.8284,40.77991],[-75.8158,40.77231],[-75.8124,40.76991],[-75.8007,40.76231],[-75.78329,40.75141],[-75.78149,40.75011],[-75.7734,40.74531],[-75.7679,40.74171],[-75.7584,40.73591],[-75.7604,40.73391],[-75.764,40.73211],[-75.76659,40.73051],[-75.77119,40.72971],[-75.77869,40.72911],[-75.78059,40.72471],[-75.784,40.72281],[-75.7978,40.71651],[-75.80769,40.70801],[-75.8107,40.70651],[-75.82059,40.70331],[-75.8232,40.70171],[-75.8414,40.69371],[-75.8525,40.69251],[-75.8559,40.69251],[-75.891,40.67751],[-75.90739,40.67131],[-75.9703,40.64831],[-75.99319,40.63971],[-76.0049,40.60451],[-76.00999,40.58791],[-76.0136,40.57791],[-76.0164,40.57651],[-76.0181,40.57401],[-76.02229,40.57471],[-76.02579,40.57841],[-76.0285,40.57831],[-76.0337,40.57771],[-76.03719,40.58051],[-76.0402,40.58341],[-76.04379,40.58391],[-76.0471,40.58181],[-76.05019,40.57581],[-76.05389,40.57421],[-76.0571,40.57581],[-76.0587,40.57921],[-76.06219,40.57971],[-76.0658,40.57921],[-76.0794,40.56611],[-76.0862,40.56491],[-76.0942,40.56391],[-76.0992,40.56311],[-76.1022,40.56241],[-76.1065,40.56201],[-76.11179,40.56051],[-76.1153,40.55911],[-76.1216,40.55741],[-76.12469,40.55601],[-76.12859,40.55531],[-76.13319,40.55411],[-76.1368,40.55151],[-76.14159,40.55011],[-76.144,40.54961],[-76.1554,40.54501],[-76.1601,40.54051],[-76.1653,40.53971],[-76.1721,40.53511],[-76.1851,40.53561],[-76.188,40.53531],[-76.1917,40.53391],[-76.1955,40.53191],[-76.1982,40.53111],[-76.2054,40.53041],[-76.2104,40.52951],[-76.2132,40.52951],[-76.2159,40.52911],[-76.2183,40.52901],[-76.224,40.52701],[-76.2318,40.52381],[-76.2347,40.52181],[-76.2422,40.52001],[-76.2458,40.51961],[-76.25449,40.51751],[-76.2584,40.51691],[-76.26299,40.51681],[-76.2697,40.51741],[-76.27399,40.51741],[-76.27769,40.51681],[-76.2866,40.51581],[-76.2935,40.51551],[-76.3014,40.51481],[-76.309,40.51561],[-76.3137,40.51591],[-76.3182,40.51521],[-76.32159,40.51441],[-76.3252,40.51441],[-76.32929,40.51551],[-76.3325,40.51571],[-76.33549,40.51571],[-76.3389,40.51541],[-76.342,40.51411],[-76.34489,40.51311],[-76.3474,40.51271],[-76.3563,40.51061],[-76.3669,40.50991],[-76.3698,40.50941],[-76.3722,40.50851],[-76.37589,40.50681],[-76.37849,40.50611],[-76.3852,40.50551],[-76.3881,40.50451],[-76.39149,40.50361],[-76.395,40.50231],[-76.39899,40.50131],[-76.40549,40.49911],[-76.4089,40.49811],[-76.41309,40.49731],[-76.4163,40.49631],[-76.42039,40.49571],[-76.4235,40.49551],[-76.4387,40.49591],[-76.44189,40.49701],[-76.45679,40.50611],[-76.5341,40.55431],[-76.5626,40.57181],[-76.56529,40.57361],[-76.5864,40.58631],[-76.6078,40.59991],[-76.6122,40.60251],[-76.6148,40.60431],[-76.6412,40.62081],[-76.66879,40.63761],[-76.6983,40.65631],[-76.702,40.65681],[-76.7002,40.66331],[-76.6932,40.66351],[-76.65839,40.67531],[-76.6334,40.68441],[-76.6029,40.69601],[-76.5964,40.69821],[-76.5724,40.70541],[-76.56609,40.70771],[-76.5631,40.70861],[-76.52319,40.72351],[-76.4742,40.74151],[-76.4591,40.74691],[-76.41679,40.76261],[-76.3909,40.77161],[-76.38799,40.77271],[-76.38039,40.77601],[-76.377,40.77671],[-76.3072,40.80181],[-76.29819,40.83471],[-76.28529,40.88101],[-76.28439,40.88381],[-76.2528,40.91291],[-76.2478,40.91731],[-76.20779,40.94971],[-76.1046,40.92271],[-76.0985,40.92131],[-76.07059,40.91341],[-76.0443,40.90621],[-76.02859,40.90211],[-76.021,40.90461],[-75.9973,40.91301]]]}},{"type":"Feature","properties":{"state":"PA","zone":"050","cwa":"CTP","name":"Snyder","state_zone":"PA050"},"geometry":{"type":"Polygon","coordinates":[[[-76.80029,40.88131],[-76.7986,40.87961],[-76.7988,40.87561],[-76.8016,40.86971],[-76.8053,40.86331],[-76.8065,40.86001],[-76.8097,40.85521],[-76.8126,40.84791],[-76.8145,40.84591],[-76.81889,40.84231],[-76.8223,40.83841],[-76.8249,40.83601],[-76.8271,40.83351],[-76.8299,40.83071],[-76.83559,40.82611],[-76.8387,40.82321],[-76.8448,40.81561],[-76.84779,40.81151],[-76.8492,40.80721],[-76.8513,40.80211],[-76.85329,40.79801],[-76.85439,40.79511],[-76.85619,40.78861],[-76.8586,40.78091],[-76.8588,40.77721],[-76.8587,40.77471],[-76.8578,40.77001],[-76.85709,40.76501],[-76.8568,40.76061],[-76.856,40.75561],[-76.8565,40.75001],[-76.8566,40.74651],[-76.8564,40.74351],[-76.85519,40.73691],[-76.8549,40.72961],[-76.8555,40.72471],[-76.85719,40.71981],[-76.86089,40.71141],[-76.8643,40.70631],[-76.8653,40.70441],[-76.8671,40.70241],[-76.86929,40.69881],[-76.8741,40.69351],[-76.877,40.69101],[-76.87939,40.68771],[-76.88149,40.68591],[-76.88689,40.68271],[-76.8895,40.68221],[-76.89259,40.68021],[-76.89619,40.67851],[-76.8994,40.67621],[-76.9031,40.67431],[-76.90839,40.67041],[-76.91209,40.66741],[-76.9142,40.66511],[-76.9166,40.66201],[-76.91959,40.65661],[-76.92229,40.65261],[-76.9286,40.64501],[-76.93439,40.64091],[-76.93919,40.63891],[-76.9403,40.64501],[-76.9423,40.64771],[-76.9446,40.65001],[-76.9498,40.64901],[-76.9536,40.64791],[-76.95779,40.64721],[-76.9614,40.64591],[-76.9651,40.64681],[-76.9675,40.64501],[-76.96809,40.64141],[-76.9711,40.64191],[-76.97569,40.64301],[-76.97659,40.64531],[-76.9798,40.64501],[-76.9846,40.64371],[-76.98769,40.64351],[-76.9902,40.64101],[-76.99409,40.63801],[-76.9971,40.63601],[-76.9987,40.63771],[-77.0021,40.63881],[-77.0039,40.64011],[-77.00559,40.64231],[-77.0047,40.64501],[-77.005,40.64751],[-77.00729,40.65091],[-77.00809,40.65511],[-77.0077,40.65751],[-77.009,40.66011],[-77.0114,40.66181],[-77.0143,40.66201],[-77.0169,40.66001],[-77.0211,40.66031],[-77.0246,40.65901],[-77.0261,40.65651],[-77.02869,40.65571],[-77.0316,40.65731],[-77.034,40.65991],[-77.0331,40.66231],[-77.033,40.66491],[-77.0338,40.66701],[-77.0354,40.66891],[-77.0358,40.67521],[-77.0386,40.67921],[-77.042,40.67861],[-77.0442,40.67651],[-77.04649,40.67591],[-77.04919,40.67601],[-77.0527,40.67531],[-77.05779,40.67681],[-77.0607,40.67941],[-77.0658,40.67881],[-77.0683,40.67971],[-77.0714,40.67941],[-77.0743,40.67871],[-77.078,40.67871],[-77.0822,40.67801],[-77.08839,40.67791],[-77.0943,40.67701],[-77.0973,40.67961],[-77.0983,40.68351],[-77.1009,40.68801],[-77.105,40.68951],[-77.10699,40.69071],[-77.1106,40.69101],[-77.11349,40.68971],[-77.1177,40.68831],[-77.1228,40.68701],[-77.1252,40.68581],[-77.1302,40.68491],[-77.13329,40.68461],[-77.13869,40.68351],[-77.1473,40.68071],[-77.1507,40.67891],[-77.1562,40.67771],[-77.172,40.67951],[-77.18719,40.68151],[-77.1935,40.68211],[-77.214,40.68471],[-77.23019,40.68641],[-77.2351,40.68711],[-77.241,40.68761],[-77.24519,40.68831],[-77.25809,40.68951],[-77.26379,40.69051],[-77.279,40.69231],[-77.2879,40.69361],[-77.3026,40.69521],[-77.339,40.69981],[-77.3544,40.70161],[-77.35439,40.70681],[-77.355,40.72811],[-77.3566,40.80671],[-77.33459,40.81361],[-77.3215,40.81711],[-77.3128,40.81901],[-77.2873,40.82431],[-77.24889,40.83171],[-77.2286,40.83521],[-77.1839,40.84331],[-77.1514,40.84951],[-77.1356,40.85301],[-77.13129,40.85421],[-77.12469,40.85571],[-77.078,40.86741],[-77.0553,40.87061],[-77.05039,40.86861],[-77.04849,40.86691],[-77.0452,40.86591],[-77.0416,40.86341],[-77.0375,40.86391],[-77.0356,40.86461],[-77.03249,40.86441],[-77.03059,40.86341],[-77.0282,40.86141],[-77.0254,40.85841],[-77.0216,40.85781],[-77.0189,40.85841],[-77.0161,40.86071],[-77.0146,40.86431],[-77.0123,40.86671],[-77.0113,40.86881],[-77.0097,40.86991],[-77.0038,40.87241],[-76.99889,40.87241],[-76.99609,40.87271],[-76.99419,40.87501],[-76.99,40.87571],[-76.9838,40.87591],[-76.974,40.87721],[-76.9713,40.87851],[-76.9702,40.88051],[-76.962,40.88301],[-76.9575,40.88401],[-76.9479,40.88561],[-76.9459,40.88641],[-76.9436,40.88781],[-76.94029,40.88821],[-76.9341,40.88731],[-76.9302,40.88751],[-76.92609,40.88701],[-76.9237,40.88621],[-76.9192,40.88511],[-76.9165,40.88471],[-76.91199,40.88451],[-76.9049,40.88501],[-76.8965,40.88641],[-76.89449,40.88691],[-76.8914,40.88851],[-76.8858,40.88731],[-76.8818,40.88621],[-76.87659,40.88441],[-76.87469,40.88471],[-76.8724,40.88581],[-76.86819,40.88711],[-76.8615,40.88871],[-76.8568,40.88941],[-76.8545,40.88941],[-76.8511,40.88801],[-76.8427,40.88671],[-76.8392,40.88751],[-76.8345,40.88901],[-76.8305,40.88791],[-76.8251,40.88751],[-76.8165,40.88361],[-76.8135,40.88201],[-76.8103,40.87961],[-76.807,40.87881],[-76.80389,40.87921],[-76.80029,40.88131]]]}},{"type":"Feature","properties":{"state":"PA","zone":"033","cwa":"CTP","name":"Somerset","state_zone":"PA033"},"geometry":{"type":"Polygon","coordinates":[[[-78.92979,40.28501],[-78.92699,40.28451],[-78.92509,40.27951],[-78.918,40.27731],[-78.91109,40.27641],[-78.9054,40.27541],[-78.90099,40.27331],[-78.8985,40.27191],[-78.8945,40.26891],[-78.8959,40.26661],[-78.897,40.26381],[-78.8947,40.26161],[-78.89269,40.25801],[-78.8919,40.25371],[-78.89069,40.24961],[-78.88799,40.24781],[-78.8844,40.24491],[-78.8816,40.24481],[-78.8802,40.24681],[-78.8778,40.24771],[-78.8751,40.24841],[-78.86729,40.24841],[-78.8644,40.24571],[-78.861,40.24551],[-78.85899,40.24341],[-78.8549,40.24441],[-78.852,40.24581],[-78.8483,40.24621],[-78.8461,40.24551],[-78.84309,40.24521],[-78.836,40.24521],[-78.7996,40.24401],[-78.7915,40.24421],[-78.7603,40.24321],[-78.674,40.24301],[-78.6582,40.24331],[-78.66109,40.23211],[-78.67699,40.21121],[-78.69869,40.16141],[-78.7212,40.11181],[-78.72279,40.10781],[-78.73759,40.07471],[-78.7411,40.07021],[-78.75079,40.07451],[-78.7562,40.06841],[-78.76199,40.05901],[-78.7632,40.05681],[-78.76299,40.03671],[-78.7623,40.01461],[-78.7615,40.01181],[-78.7614,40.00411],[-78.76089,39.99981],[-78.76099,39.98671],[-78.7596,39.93261],[-78.75919,39.91091],[-78.7594,39.90321],[-78.7585,39.88261],[-78.75839,39.87511],[-78.758,39.86661],[-78.7584,39.85951],[-78.75729,39.82351],[-78.7653,39.79991],[-78.767,39.79541],[-78.7692,39.79141],[-78.77129,39.78931],[-78.781,39.77161],[-78.7914,39.75161],[-78.7923,39.74951],[-78.7953,39.74481],[-78.797,39.74121],[-78.7989,39.73841],[-78.8019,39.73461],[-78.8034,39.73191],[-78.80479,39.72891],[-78.8064,39.72641],[-78.808,39.72321],[-78.8116,39.72291],[-78.8548,39.72301],[-78.9313,39.72271],[-78.9906,39.72251],[-79.0443,39.72291],[-79.08459,39.72251],[-79.12479,39.72251],[-79.16934,39.72224],[-79.2076,39.72201],[-79.3135,39.72201],[-79.33489,39.72181],[-79.34589,39.72191],[-79.37479,39.72161],[-79.3875,39.72161],[-79.3921,39.72191],[-79.38989,39.72481],[-79.38969,39.72771],[-79.39059,39.72991],[-79.3922,39.73211],[-79.3948,39.73371],[-79.39819,39.73361],[-79.40109,39.73401],[-79.4068,39.73381],[-79.40929,39.73461],[-79.4098,39.73731],[-79.40939,39.73951],[-79.40839,39.74161],[-79.4061,39.74261],[-79.40359,39.74301],[-79.4005,39.74271],[-79.39719,39.74281],[-79.3938,39.74451],[-79.39449,39.74791],[-79.3959,39.75021],[-79.3983,39.75251],[-79.3997,39.75521],[-79.3987,39.75801],[-79.389,39.76141],[-79.3864,39.76201],[-79.3847,39.76371],[-79.3801,39.76681],[-79.37869,39.76961],[-79.3799,39.77261],[-79.38609,39.77561],[-79.3905,39.77741],[-79.39339,39.77981],[-79.3949,39.78291],[-79.3922,39.78441],[-79.3892,39.78401],[-79.3866,39.78311],[-79.38329,39.78271],[-79.38129,39.78591],[-79.3801,39.78971],[-79.3768,39.78941],[-79.3737,39.78781],[-79.3709,39.78611],[-79.3625,39.78401],[-79.3597,39.78201],[-79.3554,39.78211],[-79.3529,39.78401],[-79.3518,39.78711],[-79.35439,39.78851],[-79.3575,39.78821],[-79.3614,39.78831],[-79.36539,39.79061],[-79.3677,39.79461],[-79.3689,39.79831],[-79.3685,39.80191],[-79.36629,39.80391],[-79.3643,39.80671],[-79.36449,39.80931],[-79.3651,39.81161],[-79.36549,39.81921],[-79.3671,39.82251],[-79.3689,39.82441],[-79.3724,39.82751],[-79.3753,39.82801],[-79.3807,39.82721],[-79.3829,39.82931],[-79.3818,39.83411],[-79.3825,39.83701],[-79.3856,39.83851],[-79.3895,39.83981],[-79.3929,39.84251],[-79.3957,39.84431],[-79.3979,39.84501],[-79.40569,39.84821],[-79.4078,39.84881],[-79.4107,39.85001],[-79.417,39.85381],[-79.4143,39.86181],[-79.3987,39.90061],[-79.37479,39.93321],[-79.37299,39.93541],[-79.34389,39.97411],[-79.3255,39.99961],[-79.3131,40.01511],[-79.3027,40.02861],[-79.3007,40.03091],[-79.29549,40.03771],[-79.29379,40.04041],[-79.2888,40.04581],[-79.2785,40.05581],[-79.2763,40.05861],[-79.2727,40.06221],[-79.2706,40.06461],[-79.26759,40.06861],[-79.2679,40.07161],[-79.2674,40.07451],[-79.2655,40.07731],[-79.2641,40.07871],[-79.26109,40.07921],[-79.2588,40.08021],[-79.2571,40.08591],[-79.2561,40.08781],[-79.2521,40.09071],[-79.2468,40.09351],[-79.24329,40.09261],[-79.2403,40.09371],[-79.2382,40.09571],[-79.2289,40.09781],[-79.2261,40.09961],[-79.2241,40.10241],[-79.2226,40.10421],[-79.222,40.10631],[-79.22179,40.10881],[-79.2201,40.11301],[-79.2167,40.11501],[-79.2145,40.11731],[-79.2108,40.11871],[-79.2057,40.11671],[-79.2029,40.11621],[-79.2001,40.11831],[-79.197,40.11811],[-79.19659,40.11501],[-79.1946,40.11251],[-79.1906,40.10981],[-79.1861,40.10971],[-79.1832,40.11111],[-79.1822,40.11331],[-79.18079,40.11561],[-79.1786,40.11751],[-79.1755,40.11971],[-79.1731,40.12281],[-79.1722,40.12591],[-79.16969,40.12711],[-79.16769,40.12881],[-79.1674,40.13161],[-79.1663,40.13521],[-79.1656,40.13891],[-79.1629,40.14171],[-79.16309,40.14571],[-79.1626,40.14811],[-79.1625,40.15391],[-79.1607,40.15731],[-79.161,40.16051],[-79.1568,40.16051],[-79.1534,40.16081],[-79.1494,40.16061],[-79.142,40.16301],[-79.1401,40.16461],[-79.1413,40.17171],[-79.14159,40.17531],[-79.143,40.17891],[-79.1405,40.18001],[-79.1353,40.17871],[-79.1302,40.18071],[-79.12669,40.18451],[-79.1272,40.18811],[-79.1259,40.19061],[-79.1241,40.19261],[-79.1244,40.19511],[-79.1253,40.19741],[-79.1256,40.20011],[-79.1222,40.20241],[-79.1197,40.20331],[-79.1166,40.20381],[-79.1144,40.20541],[-79.114,40.20821],[-79.1131,40.21101],[-79.1102,40.21161],[-79.10789,40.21301],[-79.10699,40.21451],[-79.10789,40.21731],[-79.1047,40.21701],[-79.103,40.21961],[-79.1011,40.22331],[-79.0991,40.22581],[-79.09859,40.22871],[-79.1008,40.23151],[-79.0957,40.23321],[-79.0947,40.23651],[-79.0917,40.23981],[-79.0886,40.24131],[-79.08649,40.24301],[-79.08559,40.24601],[-79.0824,40.24991],[-79.0795,40.25071],[-79.07809,40.25261],[-79.07809,40.25481],[-79.0784,40.25861],[-79.0756,40.26231],[-79.0737,40.26521],[-79.06799,40.27251],[-79.0654,40.27371],[-79.0591,40.27611],[-79.057,40.27831],[-79.0559,40.28531],[-79.05299,40.28491],[-79.0457,40.28491],[-79.0228,40.28511],[-79.00259,40.28501],[-78.99989,40.28521],[-78.9808,40.28541],[-78.9667,40.28511],[-78.92979,40.28501]]]}},{"type":"Feature","properties":{"state":"PA","zone":"042","cwa":"CTP","name":"Sullivan","state_zone":"PA042"},"geometry":{"type":"Polygon","coordinates":[[[-76.3089,41.31341],[-76.3107,41.30841],[-76.3176,41.30871],[-76.3219,41.30871],[-76.39899,41.30831],[-76.4062,41.30821],[-76.4088,41.30771],[-76.42599,41.29331],[-76.44749,41.27571],[-76.45239,41.27651],[-76.49969,41.28551],[-76.52029,41.28821],[-76.5247,41.28921],[-76.5376,41.29131],[-76.5481,41.29321],[-76.549,41.29601],[-76.59029,41.30391],[-76.59299,41.30461],[-76.6663,41.35281],[-76.7073,41.37881],[-76.74429,41.40181],[-76.7503,41.40621],[-76.7552,41.41951],[-76.7686,41.46051],[-76.77599,41.48281],[-76.78049,41.49571],[-76.78159,41.49941],[-76.7868,41.51321],[-76.7981,41.54461],[-76.8028,41.55841],[-76.8046,41.56451],[-76.8138,41.59021],[-76.74969,41.58321],[-76.61929,41.57341],[-76.5795,41.57011],[-76.4946,41.56371],[-76.4231,41.55791],[-76.3612,41.55321],[-76.2425,41.54361],[-76.22079,41.54211],[-76.2206,41.53861],[-76.22189,41.53221],[-76.22379,41.52451],[-76.2297,41.50911],[-76.24,41.48331],[-76.24249,41.47671],[-76.24969,41.45921],[-76.25259,41.45161],[-76.2774,41.39091],[-76.2826,41.37751],[-76.28429,41.37401],[-76.2999,41.33531],[-76.3089,41.31341]]]}},{"type":"Feature","properties":{"state":"PA","zone":"039","cwa":"BGM","name":"Susquehanna","state_zone":"PA039"},"geometry":{"type":"Polygon","coordinates":[[[-75.4835,41.99921],[-75.4824,41.98611],[-75.4806,41.95791],[-75.47919,41.92771],[-75.4787,41.92051],[-75.478,41.90211],[-75.4769,41.88001],[-75.47449,41.85201],[-75.4741,41.84571],[-75.4702,41.77311],[-75.4673,41.72701],[-75.46609,41.70451],[-75.4627,41.64911],[-75.46239,41.64161],[-75.4693,41.64141],[-75.4748,41.64171],[-75.50169,41.64141],[-75.5202,41.64141],[-75.5322,41.64161],[-75.55389,41.64141],[-75.5767,41.64181],[-75.6195,41.64211],[-75.6225,41.64191],[-75.6516,41.64231],[-75.6881,41.64221],[-75.7049,41.64251],[-75.7207,41.64201],[-75.7588,41.64251],[-75.7823,41.64321],[-75.8687,41.64411],[-75.87479,41.64441],[-75.9248,41.64421],[-75.9564,41.64441],[-75.9931,41.64431],[-76.0083,41.64421],[-76.0188,41.64391],[-76.0309,41.64421],[-76.0349,41.64411],[-76.06239,41.64431],[-76.07079,41.64401],[-76.11459,41.64351],[-76.11549,41.65221],[-76.1177,41.68371],[-76.119,41.69971],[-76.1193,41.70621],[-76.1215,41.73221],[-76.1218,41.73871],[-76.1228,41.75081],[-76.1242,41.76611],[-76.12469,41.76981],[-76.1318,41.84691],[-76.13309,41.85971],[-76.1344,41.88021],[-76.13589,41.89161],[-76.13789,41.91221],[-76.1449,41.97851],[-76.14629,41.99381],[-76.1469,41.99871],[-76.1405,41.99891],[-76.1058,41.99881],[-75.9499,41.99901],[-75.935,41.99871],[-75.8992,41.99871],[-75.8895,41.99891],[-75.8707,41.99881],[-75.83369,41.99831],[-75.7733,41.99801],[-75.7617,41.99781],[-75.689,41.99821],[-75.6085,41.99891],[-75.5006,41.99931],[-75.4835,41.99921]]]}},{"type":"Feature","properties":{"state":"PA","zone":"037","cwa":"CTP","name":"Tioga","state_zone":"PA037"},"geometry":{"type":"Polygon","coordinates":[[[-76.9266,42.00121],[-76.92599,41.99581],[-76.9161,41.92381],[-76.9051,41.84561],[-76.90369,41.83351],[-76.9021,41.82451],[-76.8994,41.80721],[-76.89899,41.79901],[-76.89809,41.78771],[-76.8967,41.77491],[-76.8952,41.76421],[-76.8938,41.74961],[-76.89359,41.74521],[-76.891,41.72911],[-76.8899,41.71861],[-76.88789,41.70421],[-76.884,41.67381],[-76.8836,41.66911],[-76.8806,41.64441],[-76.8792,41.63411],[-76.8777,41.62041],[-76.87469,41.59691],[-76.87669,41.59341],[-76.8771,41.59111],[-76.88049,41.58951],[-76.8876,41.58681],[-76.88989,41.58671],[-76.89349,41.58581],[-76.89619,41.58571],[-76.8986,41.58451],[-76.9021,41.58321],[-76.9063,41.58241],[-76.90839,41.58161],[-76.91019,41.58151],[-76.9153,41.58221],[-76.9218,41.58091],[-76.9237,41.57811],[-76.92519,41.57491],[-76.9259,41.57221],[-76.9287,41.57061],[-76.9325,41.56931],[-76.9361,41.56901],[-76.93999,41.56941],[-76.9427,41.56931],[-76.9452,41.56881],[-76.94849,41.56721],[-76.95029,41.56601],[-76.9526,41.56481],[-76.9545,41.56301],[-76.9563,41.56101],[-76.95869,41.55881],[-76.9609,41.55771],[-76.9628,41.55541],[-76.96049,41.55331],[-76.9639,41.55131],[-77.0375,41.54901],[-77.07899,41.54791],[-77.1162,41.54711],[-77.1625,41.54641],[-77.18439,41.54561],[-77.21439,41.54511],[-77.2306,41.54511],[-77.2537,41.54461],[-77.2774,41.54461],[-77.29079,41.54421],[-77.2985,41.54441],[-77.37469,41.54381],[-77.5001,41.54321],[-77.5317,41.54291],[-77.5481,41.54291],[-77.59959,41.54231],[-77.601,41.60181],[-77.60239,41.67091],[-77.60419,41.74471],[-77.60429,41.76111],[-77.6054,41.81641],[-77.6057,41.82881],[-77.606,41.83421],[-77.6059,41.83921],[-77.6068,41.88051],[-77.6078,41.92191],[-77.60909,41.96151],[-77.60899,41.96501],[-77.60979,41.99941],[-77.5636,41.99951],[-77.5039,42.00011],[-77.3958,42.00011],[-77.38699,41.99991],[-77.3539,42.00001],[-77.3125,41.99971],[-77.2606,41.99981],[-77.24429,41.99961],[-77.1963,41.99981],[-77.1709,41.99941],[-77.1259,41.99941],[-77.1057,41.99961],[-77.0879,42.00011],[-77.064,42.00041],[-77.0264,42.00061],[-76.9657,42.00131],[-76.9328,42.00171],[-76.9266,42.00121]]]}},{"type":"Feature","properties":{"state":"PA","zone":"049","cwa":"CTP","name":"Union","state_zone":"PA049"},"geometry":{"type":"Polygon","coordinates":[[[-76.8967,41.13911],[-76.8977,41.13681],[-76.8983,41.13361],[-76.89799,41.13071],[-76.89709,41.12741],[-76.8958,41.12481],[-76.8958,41.12101],[-76.89529,41.11841],[-76.8928,41.11181],[-76.8919,41.10861],[-76.8914,41.10541],[-76.8896,41.10101],[-76.8875,41.09861],[-76.8858,41.09571],[-76.8838,41.09311],[-76.8796,41.08991],[-76.8782,41.08831],[-76.87469,41.08501],[-76.8735,41.08351],[-76.8704,41.08151],[-76.8653,41.07981],[-76.863,41.07821],[-76.8601,41.07551],[-76.8584,41.07321],[-76.8577,41.07061],[-76.8575,41.06791],[-76.85709,41.06551],[-76.8576,41.06151],[-76.8574,41.05501],[-76.85619,41.05081],[-76.85719,41.04431],[-76.85909,41.04091],[-76.86079,41.03741],[-76.8611,41.03251],[-76.861,41.02901],[-76.86169,41.02621],[-76.8631,41.02341],[-76.86469,41.01901],[-76.8656,41.01471],[-76.8669,41.00981],[-76.8672,41.00771],[-76.86729,41.00011],[-76.8675,40.99691],[-76.86909,40.99351],[-76.8718,40.98951],[-76.87479,40.98551],[-76.87749,40.98131],[-76.8791,40.97761],[-76.8818,40.97301],[-76.882,40.96851],[-76.8783,40.96231],[-76.8772,40.95831],[-76.8773,40.95521],[-76.87669,40.95291],[-76.8749,40.94921],[-76.8728,40.94561],[-76.8716,40.94391],[-76.8689,40.94131],[-76.8672,40.93791],[-76.8638,40.93231],[-76.862,40.92841],[-76.8548,40.91721],[-76.8504,40.91331],[-76.8482,40.91051],[-76.8457,40.90851],[-76.8433,40.90711],[-76.8409,40.90451],[-76.83489,40.90031],[-76.82929,40.89541],[-76.8248,40.89121],[-76.82159,40.88961],[-76.81149,40.88751],[-76.8046,40.88561],[-76.80029,40.88131],[-76.80389,40.87921],[-76.807,40.87881],[-76.8103,40.87961],[-76.8135,40.88201],[-76.8165,40.88361],[-76.8251,40.88751],[-76.8305,40.88791],[-76.8345,40.88901],[-76.8392,40.88751],[-76.8427,40.88671],[-76.8511,40.88801],[-76.8545,40.88941],[-76.8568,40.88941],[-76.8615,40.88871],[-76.86819,40.88711],[-76.8724,40.88581],[-76.87469,40.88471],[-76.87659,40.88441],[-76.8818,40.88621],[-76.8858,40.88731],[-76.8914,40.88851],[-76.89449,40.88691],[-76.8965,40.88641],[-76.9049,40.88501],[-76.91199,40.88451],[-76.9165,40.88471],[-76.9192,40.88511],[-76.9237,40.88621],[-76.92609,40.88701],[-76.9302,40.88751],[-76.9341,40.88731],[-76.94029,40.88821],[-76.9436,40.88781],[-76.9459,40.88641],[-76.9479,40.88561],[-76.9575,40.88401],[-76.962,40.88301],[-76.9702,40.88051],[-76.9713,40.87851],[-76.974,40.87721],[-76.9838,40.87591],[-76.99,40.87571],[-76.99419,40.87501],[-76.99609,40.87271],[-76.99889,40.87241],[-77.0038,40.87241],[-77.0097,40.86991],[-77.0113,40.86881],[-77.0123,40.86671],[-77.0146,40.86431],[-77.0161,40.86071],[-77.0189,40.85841],[-77.0216,40.85781],[-77.0254,40.85841],[-77.0282,40.86141],[-77.03059,40.86341],[-77.03249,40.86441],[-77.0356,40.86461],[-77.0375,40.86391],[-77.0416,40.86341],[-77.0452,40.86591],[-77.04849,40.86691],[-77.05039,40.86861],[-77.0553,40.87061],[-77.078,40.86741],[-77.12469,40.85571],[-77.13129,40.85421],[-77.1356,40.85301],[-77.1514,40.84951],[-77.1839,40.84331],[-77.2286,40.83521],[-77.24889,40.83171],[-77.2873,40.82431],[-77.3128,40.81901],[-77.3215,40.81711],[-77.33459,40.81361],[-77.3566,40.80671],[-77.3569,40.82381],[-77.3577,40.84461],[-77.3616,40.84651],[-77.3652,40.84731],[-77.35719,40.85201],[-77.3148,40.88341],[-77.3054,40.89001],[-77.3009,40.89371],[-77.2795,40.90941],[-77.2772,40.91181],[-77.2521,40.93991],[-77.243,40.94961],[-77.20399,40.99261],[-77.1954,41.00001],[-77.1503,41.03721],[-77.1438,41.04321],[-77.1437,41.04651],[-77.1441,41.06811],[-77.13609,41.06891],[-77.1172,41.06891],[-77.0808,41.08031],[-77.0699,41.08351],[-76.99969,41.08661],[-76.9948,41.08701],[-76.9785,41.08771],[-76.97269,41.10711],[-76.9711,41.11181],[-76.9682,41.12191],[-76.9669,41.12511],[-76.963,41.13811],[-76.96,41.14881],[-76.8967,41.13911]]]}},{"type":"Feature","properties":{"state":"PA","zone":"008","cwa":"PBZ","name":"Venango","state_zone":"PA008"},"geometry":{"type":"Polygon","coordinates":[[[-79.5121,41.62451],[-79.5112,41.50021],[-79.5123,41.46521],[-79.5219,41.46521],[-79.52209,41.46041],[-79.5218,41.44051],[-79.4782,41.44011],[-79.4779,41.38531],[-79.4778,41.37531],[-79.478,41.36821],[-79.4781,41.33951],[-79.47919,41.33561],[-79.53349,41.33591],[-79.5412,41.33541],[-79.5415,41.33031],[-79.5415,41.32091],[-79.6038,41.32151],[-79.6041,41.31861],[-79.6045,41.27711],[-79.62189,41.27721],[-79.6262,41.27701],[-79.62769,41.26781],[-79.6325,41.26661],[-79.6328,41.26131],[-79.6329,41.25361],[-79.6497,41.25371],[-79.6503,41.25001],[-79.64989,41.24021],[-79.65009,41.23661],[-79.6497,41.21801],[-79.6627,41.20501],[-79.6685,41.19881],[-79.6665,41.19651],[-79.6708,41.19301],[-79.6689,41.19171],[-79.6655,41.18891],[-79.6684,41.18621],[-79.6702,41.18371],[-79.6773,41.18401],[-79.67979,41.18341],[-79.683,41.18381],[-79.6865,41.18271],[-79.69009,41.18191],[-79.6933,41.18351],[-79.6961,41.18431],[-79.7001,41.18071],[-79.69959,41.17741],[-79.7001,41.17541],[-79.69759,41.17341],[-79.70519,41.17281],[-79.7188,41.17261],[-79.7678,41.17271],[-79.80479,41.17321],[-79.8639,41.17281],[-79.9058,41.17211],[-79.93459,41.17181],[-79.9544,41.17181],[-79.9584,41.17161],[-79.98769,41.17191],[-79.99979,41.17181],[-79.99979,41.48161],[-79.9992,41.49011],[-79.9986,41.50051],[-79.99229,41.50081],[-79.98669,41.50061],[-79.9823,41.50011],[-79.9817,41.50591],[-79.9817,41.51241],[-79.9685,41.51291],[-79.9642,41.51281],[-79.9592,41.51341],[-79.959,41.52241],[-79.9591,41.52461],[-79.94939,41.52531],[-79.9427,41.52521],[-79.9436,41.53741],[-79.92349,41.53751],[-79.9255,41.54971],[-79.9192,41.55011],[-79.9095,41.55031],[-79.90939,41.55451],[-79.9089,41.56201],[-79.8957,41.56221],[-79.8931,41.56341],[-79.8929,41.57401],[-79.87019,41.57421],[-79.8732,41.58121],[-79.8593,41.58471],[-79.8499,41.58741],[-79.8494,41.59871],[-79.8414,41.59991],[-79.841,41.60211],[-79.8296,41.60201],[-79.8289,41.62201],[-79.76839,41.62081],[-79.7681,41.61771],[-79.7379,41.61771],[-79.6876,41.61731],[-79.67039,41.61741],[-79.6614,41.61721],[-79.65089,41.61731],[-79.6367,41.61711],[-79.6129,41.61711],[-79.6129,41.62431],[-79.5928,41.62401],[-79.5121,41.62451]]]}},{"type":"Feature","properties":{"state":"PA","zone":"004","cwa":"CTP","name":"Warren","state_zone":"PA004"},"geometry":{"type":"Polygon","coordinates":[[[-79.06129,41.99991],[-79.0528,41.99921],[-78.99979,41.99911],[-78.9189,41.99811],[-78.91859,41.95291],[-78.9157,41.95291],[-78.91669,41.88111],[-78.9171,41.86621],[-78.916,41.85691],[-78.91579,41.84091],[-78.9218,41.84091],[-78.9216,41.83091],[-78.94869,41.83051],[-78.95119,41.76321],[-78.95219,41.72851],[-78.9529,41.71511],[-78.9547,41.66931],[-78.9546,41.65121],[-78.95499,41.64021],[-78.9555,41.63771],[-78.95599,41.62461],[-78.9591,41.62391],[-78.9628,41.62411],[-78.9865,41.62431],[-79.0335,41.62511],[-79.04369,41.62511],[-79.0553,41.62561],[-79.0832,41.62621],[-79.0982,41.62621],[-79.11449,41.62661],[-79.12479,41.62661],[-79.2007,41.62751],[-79.2486,41.62771],[-79.3633,41.62641],[-79.4026,41.62571],[-79.4751,41.62521],[-79.47839,41.62501],[-79.4936,41.62471],[-79.5121,41.62451],[-79.5928,41.62401],[-79.6129,41.62431],[-79.6128,41.66101],[-79.613,41.67451],[-79.61279,41.67951],[-79.61259,41.69501],[-79.6129,41.70481],[-79.61269,41.72171],[-79.6128,41.75001],[-79.6125,41.78721],[-79.6125,41.81231],[-79.6122,41.82881],[-79.6121,41.85001],[-79.612,41.87481],[-79.6114,41.88591],[-79.6112,41.89921],[-79.6111,41.93571],[-79.61079,41.96881],[-79.60999,41.99881],[-79.58089,41.99891],[-79.563,41.99871],[-79.5588,41.99851],[-79.50349,41.99851],[-79.4725,41.99821],[-79.4245,41.99861],[-79.3882,41.99871],[-79.3135,41.99861],[-79.24979,41.99881],[-79.20689,41.99901],[-79.20219,41.99921],[-79.1848,41.99941],[-79.145,41.99941],[-79.1385,41.99921],[-79.1244,41.99951],[-79.0649,41.99931],[-79.06129,41.99991]]]}},{"type":"Feature","properties":{"state":"PA","zone":"029","cwa":"PBZ","name":"Washington","state_zone":"PA029"},"geometry":{"type":"Polygon","coordinates":[[[-80.3615,40.47751],[-80.3511,40.46971],[-80.3143,40.44001],[-80.2916,40.42141],[-80.2864,40.41751],[-80.27689,40.41001],[-80.26399,40.39931],[-80.25919,40.39561],[-80.2288,40.37061],[-80.2011,40.34751],[-80.182,40.33221],[-80.14989,40.32241],[-80.1153,40.31211],[-80.111,40.31061],[-80.0869,40.30361],[-80.08289,40.30261],[-80.0808,40.30181],[-80.07259,40.29941],[-80.06799,40.29831],[-80.047,40.29181],[-80.0332,40.28791],[-80.0224,40.28451],[-79.9846,40.27351],[-79.97079,40.26921],[-79.9632,40.26701],[-79.95699,40.26541],[-79.9182,40.25371],[-79.9155,40.25141],[-79.9182,40.24881],[-79.92039,40.24751],[-79.9238,40.24581],[-79.9274,40.24421],[-79.92999,40.24331],[-79.9352,40.24201],[-79.9423,40.24141],[-79.9519,40.24091],[-79.95599,40.24051],[-79.9594,40.23971],[-79.9649,40.23761],[-79.9678,40.23551],[-79.9696,40.23361],[-79.9707,40.23141],[-79.97079,40.22891],[-79.9697,40.22591],[-79.9658,40.22151],[-79.962,40.21811],[-79.9593,40.21591],[-79.9556,40.21361],[-79.953,40.21241],[-79.95,40.21151],[-79.9442,40.21031],[-79.9402,40.21011],[-79.9371,40.20951],[-79.9276,40.20671],[-79.9241,40.20501],[-79.91679,40.19981],[-79.9138,40.19831],[-79.91,40.19711],[-79.9001,40.19511],[-79.8964,40.19451],[-79.8921,40.19441],[-79.8889,40.19491],[-79.8811,40.19671],[-79.8774,40.19711],[-79.86649,40.19771],[-79.8602,40.19471],[-79.8554,40.19191],[-79.85339,40.18921],[-79.8522,40.18581],[-79.8508,40.18051],[-79.8504,40.17781],[-79.85049,40.17541],[-79.8512,40.17261],[-79.8527,40.16981],[-79.8555,40.16631],[-79.85789,40.16431],[-79.86069,40.16271],[-79.86369,40.16191],[-79.86559,40.16181],[-79.8704,40.16211],[-79.88139,40.16411],[-79.8873,40.16501],[-79.8933,40.16501],[-79.89619,40.16431],[-79.90009,40.16261],[-79.9025,40.16081],[-79.9043,40.15841],[-79.9049,40.15571],[-79.9042,40.15221],[-79.9022,40.14891],[-79.9002,40.14671],[-79.89259,40.14021],[-79.8909,40.13761],[-79.88879,40.13281],[-79.8877,40.13111],[-79.88609,40.12981],[-79.8819,40.12811],[-79.8791,40.12731],[-79.8771,40.12721],[-79.87109,40.12421],[-79.86359,40.12071],[-79.8601,40.11881],[-79.8568,40.11781],[-79.8532,40.11641],[-79.8504,40.11431],[-79.8491,40.11261],[-79.8462,40.10571],[-79.8435,40.10001],[-79.8425,40.09801],[-79.8397,40.09321],[-79.8391,40.09001],[-79.84049,40.08691],[-79.8436,40.08301],[-79.84669,40.08081],[-79.84949,40.07951],[-79.8532,40.07831],[-79.8634,40.07551],[-79.86659,40.07511],[-79.87,40.07521],[-79.8723,40.07571],[-79.87849,40.07831],[-79.8819,40.07921],[-79.8886,40.08021],[-79.8924,40.08031],[-79.89539,40.08011],[-79.8977,40.07931],[-79.9002,40.07781],[-79.9017,40.07461],[-79.8992,40.07171],[-79.8958,40.07051],[-79.88969,40.06971],[-79.88599,40.06881],[-79.8825,40.06731],[-79.8798,40.06501],[-79.8789,40.06241],[-79.87959,40.05981],[-79.8811,40.05781],[-79.8853,40.05471],[-79.8902,40.05141],[-79.89169,40.04841],[-79.89069,40.04561],[-79.88869,40.04371],[-79.88599,40.04201],[-79.8798,40.03881],[-79.8771,40.03681],[-79.87669,40.03271],[-79.88,40.02831],[-79.8852,40.02471],[-79.8894,40.02271],[-79.8955,40.02201],[-79.9043,40.02251],[-79.91,40.02201],[-79.9143,40.02101],[-79.92509,40.01601],[-79.92979,40.01171],[-79.9318,40.00591],[-79.9332,40.00281],[-79.9351,39.99931],[-79.9369,39.99801],[-79.9389,39.99691],[-79.9434,39.99511],[-79.9459,39.99451],[-79.9486,39.99411],[-79.951,39.99411],[-79.9536,39.99491],[-79.9566,39.99691],[-79.959,40.00001],[-79.9632,40.00801],[-79.9665,40.01121],[-79.9704,40.01351],[-79.97459,40.01381],[-79.9852,40.01311],[-79.9882,40.01191],[-79.9935,40.00901],[-79.9954,40.00621],[-79.99509,40.00191],[-79.994,39.99661],[-79.9927,39.99391],[-79.99129,39.99011],[-79.9919,39.98521],[-79.9959,39.98351],[-79.9996,39.98391],[-80.0049,39.98461],[-80.0071,39.98461],[-80.0105,39.98331],[-80.0134,39.98151],[-80.0154,39.97911],[-80.0181,39.97761],[-80.0207,39.97891],[-80.0225,39.98031],[-80.0254,39.98131],[-80.0282,39.98291],[-80.0331,39.98351],[-80.0336,39.98071],[-80.03239,39.97781],[-80.03529,39.97601],[-80.0379,39.97501],[-80.04099,39.97471],[-80.04379,39.97661],[-80.047,39.97781],[-80.049,39.97981],[-80.04549,39.98471],[-80.0489,39.98591],[-80.0508,39.98891],[-80.04649,39.99291],[-80.0433,39.99461],[-80.03989,39.99611],[-80.0443,39.99921],[-80.04559,40.00231],[-80.047,40.00451],[-80.05,40.00631],[-80.05379,40.00481],[-80.0591,40.00451],[-80.0581,40.00811],[-80.0611,40.00891],[-80.0643,40.00661],[-80.0666,40.00521],[-80.06779,40.00341],[-80.0724,40.00011],[-80.08739,39.99081],[-80.0927,39.99191],[-80.0972,39.99171],[-80.1022,39.99051],[-80.1054,39.99091],[-80.1087,39.98991],[-80.11079,39.98841],[-80.1179,39.99121],[-80.12009,39.99081],[-80.1223,39.99011],[-80.1292,39.98851],[-80.1336,39.99061],[-80.1365,39.99241],[-80.14169,39.99351],[-80.14429,39.99371],[-80.1465,39.99431],[-80.1502,39.99451],[-80.15279,39.99641],[-80.1553,39.99651],[-80.1563,39.99931],[-80.1599,40.00241],[-80.1624,40.00361],[-80.1666,40.00501],[-80.1703,40.00581],[-80.1737,40.00701],[-80.1759,40.00801],[-80.1803,40.00711],[-80.1832,40.00311],[-80.1879,40.00291],[-80.19109,40.00241],[-80.1935,40.00451],[-80.1953,40.00501],[-80.199,40.00391],[-80.2044,40.00351],[-80.2082,40.00491],[-80.2118,40.00331],[-80.2142,40.00281],[-80.2186,40.00381],[-80.22359,40.00531],[-80.226,40.00751],[-80.2282,40.00741],[-80.2308,40.00761],[-80.2333,40.00831],[-80.2362,40.00861],[-80.2393,40.00931],[-80.2418,40.00941],[-80.24339,40.00751],[-80.2457,40.00711],[-80.25159,40.00751],[-80.25349,40.00511],[-80.2565,40.00331],[-80.2593,40.00391],[-80.2625,40.00291],[-80.26649,40.00191],[-80.27,40.00281],[-80.2736,40.00291],[-80.27579,40.00481],[-80.2746,40.00671],[-80.27209,40.00761],[-80.2728,40.01081],[-80.2737,40.01331],[-80.27679,40.01291],[-80.2802,40.01301],[-80.2847,40.01281],[-80.2859,40.01571],[-80.28799,40.01921],[-80.2921,40.02031],[-80.29449,40.01871],[-80.29749,40.01991],[-80.3007,40.02041],[-80.30379,40.01991],[-80.3069,40.01811],[-80.3103,40.01671],[-80.31,40.01271],[-80.3092,40.00751],[-80.3111,40.00481],[-80.313,40.00341],[-80.3152,40.00371],[-80.3175,40.00351],[-80.3203,40.00491],[-80.3224,40.00561],[-80.3256,40.00481],[-80.3286,40.00511],[-80.33099,40.00481],[-80.3332,40.00361],[-80.3417,40.00191],[-80.3443,40.00061],[-80.3481,40.00101],[-80.3512,40.00031],[-80.35439,39.99741],[-80.35709,39.99701],[-80.37,39.99701],[-80.3725,39.99641],[-80.3752,39.99511],[-80.3798,39.99371],[-80.38779,39.98921],[-80.391,39.98781],[-80.3929,39.98601],[-80.39549,39.98311],[-80.396,39.97961],[-80.3974,39.97781],[-80.4015,39.97831],[-80.4051,39.97741],[-80.40929,39.97661],[-80.4134,39.97671],[-80.4172,39.97531],[-80.42049,39.97461],[-80.4226,39.97271],[-80.4266,39.97271],[-80.4296,39.97551],[-80.4324,39.97701],[-80.4353,39.97741],[-80.4444,39.97461],[-80.44769,39.97001],[-80.4483,39.96711],[-80.4508,39.96751],[-80.45129,39.97041],[-80.4536,39.97271],[-80.4554,39.97081],[-80.45789,39.96891],[-80.46149,39.96661],[-80.4591,39.96361],[-80.46149,39.96181],[-80.46519,39.96121],[-80.4685,39.96141],[-80.4704,39.96071],[-80.46809,39.95811],[-80.4665,39.95561],[-80.4716,39.95461],[-80.4757,39.95221],[-80.48029,39.95271],[-80.48199,39.95341],[-80.4869,39.95461],[-80.4901,39.95451],[-80.4909,39.95681],[-80.48869,39.95841],[-80.4872,39.96031],[-80.48859,39.96161],[-80.4907,39.96101],[-80.493,39.95911],[-80.4973,39.95851],[-80.50089,39.95681],[-80.5009,39.95441],[-80.5077,39.95701],[-80.5106,39.95961],[-80.51279,39.96011],[-80.5155,39.96101],[-80.5188,39.96311],[-80.5192,39.96591],[-80.519,40.00301],[-80.5191,40.01661],[-80.51929,40.02581],[-80.519,40.03641],[-80.51929,40.04541],[-80.519,40.06461],[-80.519,40.07741],[-80.51929,40.09531],[-80.519,40.09891],[-80.5189,40.11771],[-80.5191,40.12501],[-80.5191,40.15971],[-80.5191,40.17251],[-80.5189,40.18371],[-80.5189,40.19881],[-80.5191,40.20361],[-80.5192,40.26221],[-80.519,40.28991],[-80.519,40.34911],[-80.518,40.36781],[-80.5183,40.39891],[-80.518,40.40341],[-80.5179,40.41151],[-80.518,40.43231],[-80.5177,40.46311],[-80.519,40.47371],[-80.519,40.47741],[-80.491,40.47751],[-80.4665,40.47731],[-80.4426,40.47781],[-80.3937,40.47731],[-80.3615,40.47751]]]}},{"type":"Feature","properties":{"state":"PA","zone":"073","cwa":"PBZ","name":"Westmoreland","state_zone":"PA073"},"geometry":{"type":"Polygon","coordinates":[[[-79.45039,40.53081],[-79.4492,40.52751],[-79.4563,40.52331],[-79.45869,40.52071],[-79.45979,40.51741],[-79.4573,40.51091],[-79.4542,40.50571],[-79.4553,40.50061],[-79.4553,40.49691],[-79.45309,40.49221],[-79.4527,40.48861],[-79.4538,40.48531],[-79.45119,40.48211],[-79.44769,40.48101],[-79.4452,40.48181],[-79.4379,40.48701],[-79.43439,40.48831],[-79.4302,40.48871],[-79.4285,40.48341],[-79.4263,40.48001],[-79.42329,40.47301],[-79.4201,40.47011],[-79.41489,40.47101],[-79.41129,40.47341],[-79.4077,40.47441],[-79.4043,40.47251],[-79.4022,40.46761],[-79.4003,40.46491],[-79.39729,40.46161],[-79.395,40.45661],[-79.3917,40.45461],[-79.3865,40.45341],[-79.3818,40.45271],[-79.3741,40.45371],[-79.3704,40.45591],[-79.3681,40.45971],[-79.36639,40.46531],[-79.36639,40.46851],[-79.3668,40.47171],[-79.3669,40.47511],[-79.36549,40.47771],[-79.36259,40.47851],[-79.3596,40.47841],[-79.3574,40.47571],[-79.3577,40.47341],[-79.3585,40.47031],[-79.3605,40.46531],[-79.3623,40.46251],[-79.362,40.45921],[-79.3606,40.45491],[-79.35699,40.45211],[-79.3539,40.45171],[-79.3507,40.45191],[-79.3473,40.45281],[-79.34589,40.45481],[-79.3454,40.46081],[-79.3455,40.46441],[-79.34509,40.46771],[-79.3429,40.46971],[-79.3387,40.46991],[-79.3362,40.46641],[-79.33379,40.46461],[-79.332,40.46251],[-79.3312,40.46041],[-79.3302,40.45461],[-79.3278,40.45251],[-79.3248,40.45331],[-79.3228,40.45581],[-79.3204,40.45781],[-79.31689,40.45901],[-79.3103,40.45981],[-79.3032,40.46121],[-79.30099,40.46101],[-79.29929,40.45941],[-79.298,40.45581],[-79.299,40.45411],[-79.30129,40.45181],[-79.3014,40.44801],[-79.3,40.44471],[-79.3018,40.43861],[-79.3013,40.43571],[-79.29829,40.43461],[-79.29,40.43651],[-79.2878,40.43811],[-79.28539,40.44171],[-79.28329,40.44281],[-79.2807,40.44231],[-79.2779,40.44151],[-79.2747,40.44021],[-79.2725,40.43871],[-79.27049,40.43441],[-79.2695,40.42851],[-79.2699,40.42661],[-79.2718,40.42471],[-79.2737,40.42231],[-79.2735,40.41941],[-79.271,40.41771],[-79.26839,40.41681],[-79.26569,40.41641],[-79.2626,40.41711],[-79.255,40.42141],[-79.25369,40.42301],[-79.2502,40.42931],[-79.2476,40.43171],[-79.2435,40.43111],[-79.2392,40.43021],[-79.2341,40.43071],[-79.2307,40.43021],[-79.22829,40.42941],[-79.2248,40.42741],[-79.222,40.42681],[-79.21529,40.42471],[-79.2128,40.42301],[-79.2104,40.42061],[-79.2072,40.41581],[-79.20673,40.41548],[-79.20671,40.41547],[-79.20975,40.40906],[-79.29739,40.3167],[-79.3143,40.31888],[-79.47825,40.1419],[-79.48039,40.14301],[-79.4833,40.14341],[-79.4866,40.14291],[-79.49,40.14111],[-79.49519,40.14131],[-79.50159,40.14111],[-79.50549,40.14031],[-79.5087,40.13801],[-79.5122,40.13591],[-79.5151,40.13461],[-79.5174,40.13191],[-79.5215,40.12801],[-79.52409,40.12581],[-79.5282,40.12411],[-79.5308,40.12771],[-79.5351,40.12721],[-79.5397,40.12251],[-79.5413,40.11951],[-79.5407,40.11361],[-79.54549,40.10991],[-79.5487,40.10991],[-79.5534,40.11261],[-79.55659,40.11261],[-79.5591,40.11111],[-79.5609,40.10591],[-79.5634,40.10521],[-79.5666,40.10591],[-79.5699,40.10541],[-79.5761,40.10371],[-79.57919,40.10511],[-79.5826,40.10371],[-79.5852,40.10211],[-79.58469,40.10041],[-79.5862,40.09731],[-79.5901,40.09491],[-79.5926,40.09221],[-79.5933,40.09011],[-79.59209,40.08541],[-79.5928,40.08241],[-79.5972,40.08271],[-79.6013,40.08331],[-79.602,40.08511],[-79.6031,40.08661],[-79.6031,40.08861],[-79.6035,40.09031],[-79.60899,40.09231],[-79.6197,40.09241],[-79.6216,40.09381],[-79.6245,40.09311],[-79.62759,40.08841],[-79.6306,40.08721],[-79.6338,40.08681],[-79.6382,40.08381],[-79.6409,40.08311],[-79.6441,40.08491],[-79.6413,40.08721],[-79.6422,40.08871],[-79.6446,40.08931],[-79.6485,40.08771],[-79.6521,40.08861],[-79.65459,40.09011],[-79.65469,40.09321],[-79.6562,40.09501],[-79.6576,40.09631],[-79.6601,40.09671],[-79.6615,40.09471],[-79.6638,40.09511],[-79.666,40.09711],[-79.66859,40.09761],[-79.667,40.10041],[-79.6675,40.10391],[-79.6701,40.10551],[-79.673,40.10571],[-79.6768,40.10621],[-79.6797,40.10701],[-79.6822,40.10801],[-79.68439,40.11001],[-79.6857,40.11331],[-79.68829,40.11331],[-79.69109,40.11291],[-79.6978,40.10991],[-79.70319,40.10951],[-79.707,40.10761],[-79.712,40.10931],[-79.7138,40.11041],[-79.7156,40.11091],[-79.71799,40.11301],[-79.723,40.11351],[-79.71989,40.11661],[-79.7224,40.12091],[-79.7251,40.12251],[-79.7277,40.12051],[-79.7308,40.12021],[-79.7345,40.12071],[-79.7379,40.12311],[-79.74139,40.12601],[-79.7455,40.12801],[-79.76099,40.12811],[-79.79919,40.12791],[-79.8475,40.12791],[-79.8586,40.12801],[-79.8622,40.12821],[-79.86829,40.12811],[-79.87029,40.12861],[-79.8742,40.12911],[-79.8771,40.12721],[-79.8791,40.12731],[-79.8819,40.12811],[-79.88609,40.12981],[-79.8877,40.13111],[-79.88879,40.13281],[-79.8909,40.13761],[-79.89259,40.14021],[-79.9002,40.14671],[-79.9022,40.14891],[-79.9042,40.15221],[-79.9049,40.15571],[-79.9043,40.15841],[-79.9025,40.16081],[-79.90009,40.16261],[-79.89619,40.16431],[-79.8933,40.16501],[-79.8873,40.16501],[-79.88139,40.16411],[-79.8704,40.16211],[-79.86559,40.16181],[-79.86369,40.16191],[-79.86069,40.16271],[-79.85789,40.16431],[-79.8555,40.16631],[-79.8527,40.16981],[-79.8512,40.17261],[-79.85049,40.17541],[-79.8504,40.17781],[-79.8508,40.18051],[-79.8522,40.18581],[-79.85339,40.18921],[-79.8554,40.19191],[-79.8602,40.19471],[-79.86649,40.19771],[-79.85979,40.20121],[-79.8397,40.20831],[-79.8061,40.21931],[-79.7943,40.22341],[-79.78799,40.22561],[-79.7846,40.22741],[-79.78809,40.22841],[-79.7996,40.23081],[-79.80589,40.23341],[-79.807,40.23711],[-79.8064,40.23911],[-79.8055,40.24071],[-79.8035,40.24171],[-79.80009,40.24531],[-79.7981,40.24871],[-79.797,40.25111],[-79.79539,40.25381],[-79.78889,40.26011],[-79.78809,40.26351],[-79.7944,40.27121],[-79.7958,40.27431],[-79.79659,40.27811],[-79.7959,40.28041],[-79.7921,40.28161],[-79.7878,40.28181],[-79.783,40.28161],[-79.77859,40.28251],[-79.7754,40.28561],[-79.77489,40.28771],[-79.7878,40.29831],[-79.7857,40.30891],[-79.78,40.33201],[-79.7781,40.34111],[-79.77399,40.35811],[-79.77309,40.36321],[-79.7706,40.37491],[-79.7692,40.37801],[-79.7673,40.38121],[-79.7636,40.38641],[-79.765,40.38971],[-79.7607,40.39221],[-79.754,40.38851],[-79.75079,40.38881],[-79.74889,40.39131],[-79.7429,40.39691],[-79.73859,40.39581],[-79.7381,40.39851],[-79.7354,40.39901],[-79.73219,40.40011],[-79.73,40.40781],[-79.7277,40.40841],[-79.722,40.40931],[-79.7242,40.41111],[-79.7272,40.41311],[-79.7222,40.41501],[-79.71899,40.41441],[-79.7168,40.41511],[-79.71519,40.41771],[-79.7123,40.41911],[-79.71,40.42081],[-79.70679,40.42371],[-79.7049,40.42681],[-79.7044,40.43131],[-79.7039,40.43841],[-79.7037,40.44931],[-79.7025,40.47621],[-79.70229,40.48691],[-79.7021,40.48961],[-79.70219,40.51871],[-79.7018,40.52501],[-79.70699,40.52821],[-79.7084,40.53091],[-79.7103,40.53221],[-79.71539,40.53371],[-79.7192,40.53791],[-79.7214,40.54091],[-79.7315,40.54551],[-79.7355,40.54891],[-79.7389,40.54941],[-79.74239,40.54851],[-79.7485,40.55091],[-79.7513,40.55131],[-79.7587,40.55021],[-79.7615,40.55051],[-79.7655,40.55021],[-79.77209,40.56361],[-79.7744,40.56981],[-79.7705,40.58571],[-79.76289,40.59341],[-79.7575,40.59601],[-79.75459,40.59711],[-79.7411,40.60071],[-79.73309,40.60321],[-79.7215,40.60791],[-79.71709,40.61341],[-79.7157,40.61671],[-79.7137,40.61951],[-79.7111,40.62171],[-79.709,40.62311],[-79.7048,40.62581],[-79.6997,40.62861],[-79.6937,40.63511],[-79.6914,40.63831],[-79.6893,40.64251],[-79.6889,40.64751],[-79.6895,40.65031],[-79.6909,40.65331],[-79.69279,40.65641],[-79.6944,40.65861],[-79.6954,40.66161],[-79.6952,40.66521],[-79.6927,40.66951],[-79.6886,40.67011],[-79.6852,40.67101],[-79.6821,40.67131],[-79.6792,40.67211],[-79.6747,40.67491],[-79.67149,40.67821],[-79.66759,40.67981],[-79.66479,40.67911],[-79.6616,40.67781],[-79.65839,40.67601],[-79.65359,40.67241],[-79.6478,40.67001],[-79.644,40.66881],[-79.64069,40.66731],[-79.63779,40.66501],[-79.637,40.66201],[-79.6372,40.65931],[-79.63589,40.65451],[-79.6326,40.65161],[-79.62859,40.64871],[-79.62569,40.64731],[-79.6223,40.64581],[-79.6142,40.64401],[-79.6111,40.64201],[-79.60909,40.63811],[-79.6094,40.63351],[-79.6101,40.63051],[-79.60989,40.62831],[-79.6088,40.62601],[-79.6055,40.62471],[-79.6018,40.62471],[-79.59889,40.62611],[-79.5965,40.62831],[-79.5934,40.63231],[-79.5906,40.63481],[-79.5873,40.63651],[-79.5848,40.63681],[-79.583,40.63391],[-79.5849,40.63011],[-79.5871,40.62751],[-79.5886,40.62511],[-79.5888,40.62161],[-79.5892,40.61861],[-79.5888,40.61571],[-79.58549,40.61311],[-79.584,40.61071],[-79.584,40.60731],[-79.58199,40.60331],[-79.57899,40.60171],[-79.575,40.60251],[-79.5721,40.60511],[-79.5693,40.60721],[-79.56599,40.60791],[-79.5631,40.60711],[-79.5609,40.60591],[-79.5584,40.60511],[-79.5554,40.60511],[-79.5513,40.60391],[-79.5523,40.60161],[-79.5546,40.60061],[-79.5568,40.59921],[-79.5592,40.59741],[-79.56509,40.59431],[-79.56689,40.59181],[-79.5692,40.58691],[-79.5704,40.58391],[-79.5675,40.57781],[-79.5666,40.57491],[-79.5643,40.57141],[-79.56059,40.56341],[-79.55769,40.56121],[-79.55219,40.55841],[-79.5471,40.55551],[-79.5369,40.55071],[-79.5337,40.54861],[-79.5294,40.54541],[-79.52769,40.54331],[-79.5253,40.54201],[-79.5218,40.54131],[-79.51929,40.54151],[-79.5169,40.54211],[-79.51369,40.54261],[-79.51089,40.54171],[-79.5071,40.53721],[-79.5006,40.53311],[-79.4984,40.53121],[-79.4974,40.52911],[-79.4977,40.52641],[-79.4935,40.52501],[-79.48869,40.52611],[-79.4861,40.52791],[-79.48489,40.53061],[-79.4847,40.53451],[-79.4833,40.53621],[-79.48119,40.53701],[-79.47729,40.53571],[-79.4776,40.53211],[-79.47639,40.52991],[-79.4697,40.53261],[-79.4649,40.53391],[-79.4614,40.53421],[-79.45689,40.53431],[-79.4542,40.53371],[-79.45039,40.53081]]]}},{"type":"Feature","properties":{"state":"PA","zone":"043","cwa":"BGM","name":"Wyoming","state_zone":"PA043"},"geometry":{"type":"Polygon","coordinates":[[[-75.7207,41.64201],[-75.71919,41.63781],[-75.7207,41.63501],[-75.7242,41.63461],[-75.729,41.63561],[-75.7374,41.62501],[-75.74439,41.61561],[-75.74979,41.60711],[-75.757,41.59801],[-75.75809,41.59631],[-75.7634,41.58971],[-75.7702,41.58081],[-75.7747,41.57451],[-75.7696,41.56821],[-75.77299,41.56341],[-75.7762,41.55911],[-75.7794,41.55521],[-75.7915,41.53881],[-75.8019,41.52321],[-75.7941,41.51881],[-75.77209,41.50591],[-75.7869,41.48691],[-75.8098,41.45811],[-75.82539,41.43811],[-75.8342,41.42761],[-75.8361,41.42561],[-75.8389,41.42451],[-75.8509,41.42191],[-75.862,41.41931],[-75.8686,41.41731],[-75.8742,41.41601],[-75.8885,41.41311],[-75.9222,41.40511],[-75.9303,41.40341],[-75.9322,41.40281],[-75.9459,41.39991],[-76.0095,41.38461],[-76.0537,41.38271],[-76.0637,41.38251],[-76.0738,41.38201],[-76.1,41.38151],[-76.1036,41.38121],[-76.1464,41.38021],[-76.25249,41.37811],[-76.28059,41.37731],[-76.2826,41.37751],[-76.2774,41.39091],[-76.25259,41.45161],[-76.24969,41.45921],[-76.24249,41.47671],[-76.24,41.48331],[-76.2297,41.50911],[-76.22379,41.52451],[-76.22189,41.53221],[-76.2206,41.53861],[-76.22079,41.54211],[-76.2184,41.54881],[-76.2026,41.62091],[-76.2019,41.62511],[-76.201,41.62871],[-76.2006,41.63231],[-76.2016,41.63531],[-76.2018,41.63881],[-76.2016,41.64171],[-76.20049,41.64441],[-76.1989,41.64681],[-76.18649,41.64771],[-76.1358,41.65071],[-76.11549,41.65221],[-76.11459,41.64351],[-76.07079,41.64401],[-76.06239,41.64431],[-76.0349,41.64411],[-76.0309,41.64421],[-76.0188,41.64391],[-76.0083,41.64421],[-75.9931,41.64431],[-75.9564,41.64441],[-75.9248,41.64421],[-75.87479,41.64441],[-75.8687,41.64411],[-75.7823,41.64321],[-75.7588,41.64251],[-75.7207,41.64201]]]}},{"type":"Feature","properties":{"state":"PA","zone":"065","cwa":"CTP","name":"York","state_zone":"PA065"},"geometry":{"type":"Polygon","coordinates":[[[-76.834,40.21691],[-76.8308,40.20981],[-76.8299,40.20711],[-76.828,40.20441],[-76.8252,40.20271],[-76.8223,40.20151],[-76.8185,40.20081],[-76.81429,40.20101],[-76.8099,40.20061],[-76.8042,40.20061],[-76.8013,40.20011],[-76.7977,40.19851],[-76.79469,40.19661],[-76.7924,40.19491],[-76.7896,40.19331],[-76.78719,40.19141],[-76.78,40.18721],[-76.7725,40.18321],[-76.7669,40.18101],[-76.7635,40.17911],[-76.76019,40.17801],[-76.757,40.17721],[-76.7529,40.17571],[-76.7506,40.17271],[-76.7495,40.16931],[-76.7481,40.15811],[-76.7482,40.15521],[-76.74619,40.14821],[-76.7457,40.14521],[-76.7455,40.14261],[-76.74419,40.13291],[-76.7427,40.13031],[-76.74049,40.12821],[-76.7381,40.12631],[-76.7346,40.12391],[-76.73119,40.12231],[-76.7262,40.12171],[-76.7214,40.12001],[-76.71719,40.11751],[-76.7109,40.11311],[-76.7055,40.10881],[-76.7029,40.10701],[-76.6962,40.10161],[-76.6925,40.09811],[-76.6886,40.09361],[-76.68629,40.09071],[-76.6842,40.08731],[-76.6823,40.08531],[-76.68,40.08201],[-76.67789,40.07851],[-76.6757,40.07441],[-76.67349,40.07151],[-76.6712,40.06951],[-76.6691,40.06711],[-76.66689,40.06551],[-76.66489,40.06381],[-76.6548,40.06021],[-76.6517,40.05941],[-76.6478,40.05871],[-76.64429,40.05901],[-76.6405,40.05901],[-76.6362,40.05821],[-76.6299,40.05641],[-76.6224,40.05471],[-76.6129,40.05401],[-76.6064,40.05261],[-76.5983,40.05161],[-76.59399,40.05071],[-76.59039,40.04951],[-76.5879,40.04891],[-76.5851,40.04851],[-76.57719,40.04631],[-76.5728,40.04541],[-76.5695,40.04531],[-76.5662,40.04541],[-76.5552,40.04611],[-76.5528,40.04671],[-76.54939,40.04781],[-76.5432,40.05011],[-76.53999,40.05111],[-76.5374,40.05131],[-76.5344,40.05081],[-76.5328,40.04861],[-76.5319,40.04641],[-76.5322,40.03781],[-76.5302,40.03211],[-76.52879,40.03001],[-76.5275,40.02741],[-76.5251,40.02421],[-76.52129,40.02071],[-76.51859,40.01871],[-76.5158,40.01691],[-76.51289,40.01401],[-76.5108,40.01061],[-76.5052,40.00511],[-76.50349,40.00291],[-76.50089,40.00071],[-76.49889,39.99751],[-76.4978,39.99481],[-76.4976,39.99171],[-76.49689,39.98891],[-76.49609,39.98061],[-76.4955,39.97801],[-76.49419,39.97441],[-76.491,39.96941],[-76.48959,39.96611],[-76.48759,39.96281],[-76.4855,39.96031],[-76.4791,39.95471],[-76.47749,39.95281],[-76.47569,39.94981],[-76.47359,39.94771],[-76.46999,39.94481],[-76.4665,39.94271],[-76.45979,39.94111],[-76.4539,39.93811],[-76.44939,39.93491],[-76.4463,39.93331],[-76.4437,39.93241],[-76.4408,39.93191],[-76.4368,39.93071],[-76.43359,39.93011],[-76.4256,39.92741],[-76.4203,39.92491],[-76.4172,39.92311],[-76.4118,39.92031],[-76.4076,39.91731],[-76.405,39.91581],[-76.3985,39.91491],[-76.39639,39.91441],[-76.3922,39.91291],[-76.3893,39.91011],[-76.3855,39.90541],[-76.38499,39.90141],[-76.3838,39.89751],[-76.3836,39.89491],[-76.383,39.89281],[-76.381,39.89061],[-76.37959,39.88741],[-76.3798,39.88291],[-76.3812,39.87931],[-76.3811,39.87591],[-76.3792,39.86971],[-76.378,39.86691],[-76.3759,39.86491],[-76.3678,39.85941],[-76.3601,39.85531],[-76.35229,39.84891],[-76.3507,39.84621],[-76.3512,39.84331],[-76.351,39.84041],[-76.35,39.83741],[-76.3428,39.82921],[-76.33939,39.82401],[-76.3369,39.82141],[-76.334,39.81881],[-76.3302,39.81611],[-76.3276,39.81471],[-76.32459,39.81371],[-76.32259,39.81281],[-76.3192,39.81181],[-76.3156,39.80991],[-76.3131,39.80671],[-76.3112,39.80391],[-76.3071,39.80011],[-76.30289,39.79661],[-76.30009,39.79391],[-76.2977,39.79111],[-76.2959,39.78731],[-76.2932,39.78371],[-76.28979,39.78161],[-76.28529,39.78031],[-76.2823,39.78021],[-76.27979,39.77961],[-76.2781,39.77831],[-76.2761,39.77561],[-76.271,39.76481],[-76.26929,39.76241],[-76.2679,39.76011],[-76.25999,39.75181],[-76.2566,39.75011],[-76.2492,39.73981],[-76.2464,39.73781],[-76.2439,39.73511],[-76.24229,39.73291],[-76.24039,39.73001],[-76.2394,39.72721],[-76.2389,39.72471],[-76.23959,39.72221],[-76.2416,39.72111],[-76.25449,39.72131],[-76.42419,39.72121],[-76.5424,39.72141],[-76.5703,39.72121],[-76.6092,39.72131],[-76.64429,39.72111],[-76.7054,39.72121],[-76.72089,39.72101],[-76.7718,39.72081],[-76.78339,39.72091],[-76.7856,39.72081],[-76.7876,39.72051],[-76.8078,39.72071],[-76.8231,39.72051],[-76.8976,39.72041],[-76.9361,39.72071],[-76.9427,39.72051],[-76.95779,39.72041],[-76.96329,39.72021],[-76.9743,39.72021],[-76.9909,39.71981],[-76.9996,39.71991],[-76.99969,39.74761],[-76.9994,39.75371],[-76.9995,39.82381],[-76.9994,39.82701],[-76.9984,39.83171],[-76.991,39.83431],[-76.98299,39.84171],[-76.9813,39.84411],[-76.97829,39.84781],[-76.9743,39.84981],[-76.9654,39.85051],[-76.9612,39.85321],[-76.9581,39.85541],[-76.9554,39.85631],[-76.95869,39.86141],[-76.962,39.86561],[-76.96349,39.87261],[-76.9678,39.87371],[-76.9726,39.87311],[-76.97459,39.87561],[-76.9779,39.88121],[-76.97739,39.88521],[-76.9805,39.88851],[-76.9822,39.89181],[-76.9838,39.89421],[-76.9825,39.89741],[-76.9838,39.90051],[-76.9796,39.90601],[-76.9733,39.91111],[-76.972,39.91401],[-76.9678,39.91581],[-76.9675,39.91911],[-76.9659,39.92191],[-76.9698,39.92211],[-76.9721,39.92541],[-76.9714,39.93171],[-76.9722,39.93431],[-76.96999,39.93671],[-76.9674,39.93561],[-76.9705,39.94121],[-76.99979,39.98421],[-77.0067,39.99461],[-77.016,40.00961],[-77.02029,40.01441],[-77.0263,40.01801],[-77.0327,40.01851],[-77.0434,40.02181],[-77.0466,40.02231],[-77.0537,40.02291],[-77.0574,40.02411],[-77.0599,40.02571],[-77.0639,40.02741],[-77.0676,40.02841],[-77.06989,40.03011],[-77.0713,40.03261],[-77.073,40.03471],[-77.078,40.03741],[-77.0808,40.04311],[-77.0845,40.04661],[-77.0892,40.05161],[-77.0929,40.05401],[-77.1017,40.05711],[-77.10429,40.05821],[-77.1069,40.06001],[-77.1246,40.06661],[-77.127,40.06801],[-77.1321,40.06901],[-77.1363,40.06951],[-77.125,40.07821],[-77.0602,40.12491],[-77.0449,40.13651],[-77.04179,40.13871],[-77.0337,40.14511],[-77.03149,40.14651],[-77.0271,40.14731],[-77.0226,40.14661],[-77.0186,40.14821],[-77.01199,40.14851],[-77.0088,40.14961],[-77.0065,40.15071],[-77.00449,40.15221],[-77.0009,40.15321],[-76.9965,40.15351],[-76.9917,40.15511],[-76.98859,40.15521],[-76.98589,40.15471],[-76.9814,40.15361],[-76.9785,40.15231],[-76.9743,40.15401],[-76.97189,40.15741],[-76.9742,40.15911],[-76.9775,40.15891],[-76.98009,40.16001],[-76.9816,40.16281],[-76.97729,40.16421],[-76.9734,40.16291],[-76.9707,40.16261],[-76.9668,40.16301],[-76.96329,40.16461],[-76.96,40.16391],[-76.9543,40.16541],[-76.9519,40.16581],[-76.9497,40.16571],[-76.9441,40.16431],[-76.9385,40.16401],[-76.934,40.16221],[-76.9294,40.16131],[-76.9226,40.16201],[-76.918,40.16301],[-76.91589,40.16381],[-76.91019,40.16531],[-76.9078,40.16551],[-76.9058,40.16681],[-76.9087,40.16961],[-76.9116,40.17111],[-76.9146,40.17291],[-76.9226,40.17661],[-76.92519,40.17931],[-76.92619,40.18141],[-76.9278,40.18361],[-76.9267,40.18771],[-76.92319,40.18771],[-76.92039,40.18651],[-76.9185,40.18471],[-76.9161,40.18311],[-76.9136,40.18291],[-76.9125,40.18601],[-76.91209,40.18891],[-76.9091,40.18981],[-76.91299,40.19301],[-76.9147,40.19491],[-76.91779,40.19751],[-76.92139,40.19781],[-76.9241,40.19721],[-76.9278,40.19701],[-76.9303,40.19871],[-76.9272,40.20011],[-76.92509,40.20281],[-76.92329,40.20621],[-76.92139,40.20881],[-76.9185,40.21011],[-76.9155,40.20851],[-76.91389,40.20511],[-76.91129,40.20481],[-76.91,40.20741],[-76.9067,40.21041],[-76.9073,40.21381],[-76.905,40.21631],[-76.9017,40.21261],[-76.89899,40.21431],[-76.8998,40.21721],[-76.90269,40.22061],[-76.9041,40.22351],[-76.90189,40.22421],[-76.89989,40.22341],[-76.8977,40.22431],[-76.8959,40.22271],[-76.89429,40.22071],[-76.89259,40.21821],[-76.8911,40.21521],[-76.88889,40.21381],[-76.88519,40.21431],[-76.8818,40.21681],[-76.8779,40.21771],[-76.8745,40.21641],[-76.87189,40.21561],[-76.8689,40.21581],[-76.8625,40.21881],[-76.8612,40.22351],[-76.8591,40.22611],[-76.8568,40.22581],[-76.8539,40.22491],[-76.84489,40.22281],[-76.8416,40.22221],[-76.8379,40.22061],[-76.834,40.21691]]]}},{"type":"Feature","properties":{"state":"PA","zone":"071","cwa":"PHI","name":"Philadelphia","state_zone":"PA071"},"geometry":{"type":"Polygon","coordinates":[[[-75.001,40.12951],[-74.9986,40.12821],[-74.9943,40.13121],[-74.9926,40.12961],[-74.993,40.12641],[-74.98969,40.12601],[-74.98769,40.12391],[-74.98489,40.12391],[-74.98309,40.12311],[-74.9822,40.12031],[-74.9789,40.11961],[-74.976,40.12001],[-74.9723,40.11951],[-74.9694,40.11711],[-74.9659,40.11801],[-74.9631,40.11651],[-74.963,40.11391],[-74.96329,40.11071],[-74.9641,40.10741],[-74.96239,40.10511],[-74.96069,40.10221],[-74.9613,40.09951],[-74.9604,40.09771],[-74.95799,40.09671],[-74.9555,40.09591],[-74.9576,40.08841],[-74.9585,40.08421],[-74.9626,40.07811],[-74.9646,40.07711],[-74.9669,40.07671],[-74.97079,40.07501],[-74.97269,40.07201],[-74.97639,40.06881],[-74.9805,40.06461],[-74.98029,40.06101],[-74.9837,40.05781],[-74.9835,40.05511],[-74.9818,40.05391],[-74.97939,40.05341],[-74.9772,40.05141],[-74.97459,40.04871],[-74.9796,40.04581],[-74.98389,40.04271],[-74.9874,40.03971],[-74.9902,40.03701],[-75.0022,40.02771],[-75.0078,40.02311],[-75.01109,40.02131],[-75.0155,40.01951],[-75.02959,40.01601],[-75.0386,40.01331],[-75.0425,40.01151],[-75.047,40.00891],[-75.0517,40.00371],[-75.05949,39.99151],[-75.0692,39.98291],[-75.072,39.98071],[-75.08859,39.97531],[-75.0937,39.97451],[-75.1082,39.97031],[-75.1125,39.96831],[-75.11919,39.96551],[-75.1261,39.96151],[-75.1293,39.95941],[-75.1316,39.95711],[-75.13319,39.95481],[-75.13429,39.95221],[-75.1355,39.94781],[-75.13599,39.94351],[-75.13609,39.94031],[-75.13589,39.93291],[-75.1347,39.92651],[-75.13309,39.92251],[-75.1307,39.91811],[-75.1283,39.91301],[-75.129,39.90711],[-75.1297,39.90421],[-75.13129,39.89951],[-75.1334,39.89631],[-75.1402,39.88831],[-75.1454,39.88431],[-75.1507,39.88271],[-75.1745,39.88231],[-75.1839,39.88191],[-75.18919,39.88071],[-75.1951,39.87731],[-75.2002,39.87331],[-75.211,39.86651],[-75.2158,39.87191],[-75.2159,39.87511],[-75.2203,39.87531],[-75.2335,39.87691],[-75.2362,39.87591],[-75.241,39.87241],[-75.2493,39.87621],[-75.2534,39.87591],[-75.25639,39.87591],[-75.2616,39.87641],[-75.2633,39.87901],[-75.26379,39.88261],[-75.26379,39.88621],[-75.2627,39.88841],[-75.2608,39.89151],[-75.2587,39.89251],[-75.2566,39.89541],[-75.2552,39.89911],[-75.2534,39.90191],[-75.2506,39.90911],[-75.2473,39.91421],[-75.2473,39.91781],[-75.24689,39.92221],[-75.24429,39.92711],[-75.2439,39.93021],[-75.241,39.93331],[-75.2372,39.93301],[-75.2353,39.93761],[-75.2399,39.93871],[-75.24,39.94171],[-75.2431,39.94211],[-75.24699,39.94341],[-75.2502,39.94721],[-75.2512,39.95011],[-75.2491,39.95591],[-75.25,39.95781],[-75.2477,39.96211],[-75.2491,39.96431],[-75.2541,39.96511],[-75.25719,39.96431],[-75.2613,39.96601],[-75.2672,39.96611],[-75.2706,39.96831],[-75.2757,39.97031],[-75.2784,39.97211],[-75.2794,39.97481],[-75.2764,39.97691],[-75.2644,39.98201],[-75.2596,39.98451],[-75.2561,39.98691],[-75.2503,39.98991],[-75.2103,40.00841],[-75.2065,40.01071],[-75.20779,40.01291],[-75.21069,40.01451],[-75.21339,40.01651],[-75.21519,40.01841],[-75.21899,40.02121],[-75.2229,40.02311],[-75.2325,40.02851],[-75.2402,40.03361],[-75.24609,40.03871],[-75.25069,40.04311],[-75.2552,40.04571],[-75.25809,40.04791],[-75.26369,40.05411],[-75.2603,40.05771],[-75.25529,40.06171],[-75.2456,40.07091],[-75.238,40.07851],[-75.2298,40.08641],[-75.2277,40.08871],[-75.2222,40.09221],[-75.1906,40.07391],[-75.1881,40.07321],[-75.18539,40.07541],[-75.1785,40.08231],[-75.1747,40.08371],[-75.16319,40.07691],[-75.1474,40.06801],[-75.1452,40.06691],[-75.1412,40.06441],[-75.1365,40.06191],[-75.1318,40.05901],[-75.112,40.04741],[-75.10809,40.04731],[-75.1045,40.05031],[-75.1027,40.05151],[-75.0961,40.05521],[-75.0929,40.05781],[-75.08859,40.06241],[-75.08929,40.06481],[-75.0924,40.06651],[-75.0955,40.06921],[-75.0934,40.07201],[-75.0917,40.07391],[-75.0895,40.07581],[-75.0844,40.08111],[-75.0816,40.08371],[-75.07829,40.08531],[-75.0761,40.08731],[-75.0714,40.09251],[-75.0653,40.09881],[-75.061,40.10321],[-75.05759,40.10631],[-75.0433,40.11611],[-75.02329,40.13021],[-75.0172,40.13551],[-75.0154,40.13741],[-75.0136,40.13711],[-75.00629,40.13301],[-75.001,40.12951]]]}},{"type":"Feature","properties":{"state":"PA","zone":"054","cwa":"PHI","name":"Carbon","state_zone":"PA054"},"geometry":{"type":"Polygon","coordinates":[[[-75.6483,41.12191],[-75.6465,41.11991],[-75.6459,41.11701],[-75.6458,41.11371],[-75.64149,41.11341],[-75.63789,41.11351],[-75.6355,41.11281],[-75.6338,41.11101],[-75.632,41.10801],[-75.62859,41.10711],[-75.626,41.11011],[-75.6223,41.11061],[-75.62029,41.10811],[-75.6159,41.10381],[-75.6141,41.10031],[-75.6141,41.09781],[-75.61259,41.09471],[-75.6067,41.09441],[-75.6044,41.09311],[-75.6053,41.08951],[-75.6059,41.08611],[-75.6038,41.08461],[-75.59979,41.08391],[-75.5972,41.08171],[-75.5946,41.08081],[-75.5898,41.07721],[-75.5877,41.07621],[-75.58569,41.07401],[-75.5832,41.07161],[-75.58109,41.06801],[-75.57809,41.06831],[-75.57339,41.06141],[-75.57159,41.05981],[-75.571,41.05771],[-75.5694,41.05521],[-75.56979,41.05141],[-75.5658,41.04971],[-75.5627,41.04941],[-75.55479,41.04271],[-75.5461,41.03431],[-75.5432,41.03171],[-75.5332,41.02191],[-75.5144,41.00431],[-75.50639,40.99631],[-75.4963,40.98761],[-75.5214,40.97591],[-75.5303,40.97201],[-75.5397,40.96761],[-75.546,40.96491],[-75.5691,40.95391],[-75.57359,40.95031],[-75.5565,40.92901],[-75.55099,40.92161],[-75.5458,40.91511],[-75.5238,40.88651],[-75.5178,40.87811],[-75.5117,40.87081],[-75.5105,40.86871],[-75.50159,40.85731],[-75.4992,40.85371],[-75.49339,40.84651],[-75.48669,40.83711],[-75.4809,40.82711],[-75.4742,40.81481],[-75.4785,40.81311],[-75.4853,40.81251],[-75.4958,40.81111],[-75.508,40.80911],[-75.519,40.80891],[-75.5284,40.80671],[-75.5415,40.80691],[-75.55119,40.80471],[-75.5575,40.80131],[-75.56499,40.80111],[-75.5739,40.79931],[-75.5776,40.79941],[-75.58549,40.79691],[-75.5954,40.79331],[-75.5984,40.79011],[-75.60259,40.78811],[-75.6084,40.78751],[-75.6245,40.78431],[-75.64149,40.78121],[-75.65359,40.77961],[-75.6577,40.77941],[-75.6609,40.77891],[-75.6662,40.77771],[-75.6692,40.77771],[-75.673,40.77731],[-75.6768,40.77641],[-75.68159,40.77481],[-75.68539,40.77421],[-75.6888,40.77241],[-75.696,40.76961],[-75.6989,40.76731],[-75.7017,40.76481],[-75.7034,40.76241],[-75.7291,40.75391],[-75.7318,40.75231],[-75.7335,40.74931],[-75.73579,40.74691],[-75.73849,40.74491],[-75.7438,40.74341],[-75.7448,40.74051],[-75.74879,40.73891],[-75.7584,40.73591],[-75.7679,40.74171],[-75.7734,40.74531],[-75.78149,40.75011],[-75.78329,40.75141],[-75.8007,40.76231],[-75.8124,40.76991],[-75.8158,40.77231],[-75.8284,40.77991],[-75.85339,40.79591],[-75.8587,40.79911],[-75.87099,40.80711],[-75.8745,40.80911],[-75.8791,40.81211],[-75.88599,40.81631],[-75.9062,40.83371],[-75.91119,40.83851],[-75.9274,40.85271],[-75.9315,40.85611],[-75.9533,40.87511],[-75.9577,40.87831],[-75.9649,40.88451],[-75.98949,40.90591],[-75.9973,40.91301],[-75.98299,40.91851],[-75.9463,40.93141],[-75.9304,40.93721],[-75.8892,40.95181],[-75.8689,40.95931],[-75.861,40.96201],[-75.8483,40.96731],[-75.84959,40.97161],[-75.836,40.97651],[-75.8196,40.98211],[-75.8014,40.98311],[-75.79469,40.98571],[-75.7646,40.99671],[-75.73959,41.00551],[-75.7324,41.00851],[-75.7337,41.01041],[-75.7346,41.01291],[-75.7366,41.01561],[-75.7381,41.01811],[-75.7384,41.02031],[-75.7381,41.02251],[-75.7382,41.02481],[-75.73869,41.02721],[-75.73969,41.02951],[-75.742,41.03131],[-75.74609,41.03191],[-75.7514,41.03171],[-75.7549,41.03131],[-75.7568,41.03211],[-75.75839,41.03521],[-75.7608,41.03901],[-75.7626,41.04241],[-75.7655,41.04421],[-75.7673,41.04641],[-75.7688,41.04851],[-75.7701,41.05161],[-75.7702,41.05761],[-75.7708,41.06111],[-75.77,41.06481],[-75.7699,41.06771],[-75.7702,41.07071],[-75.7708,41.07331],[-75.771,41.07611],[-75.77029,41.07851],[-75.7673,41.08181],[-75.76559,41.08451],[-75.7661,41.08721],[-75.767,41.09031],[-75.767,41.09301],[-75.764,41.09351],[-75.7612,41.09151],[-75.75829,41.09221],[-75.7557,41.09371],[-75.75359,41.09551],[-75.753,41.09861],[-75.7539,41.10231],[-75.75159,41.10371],[-75.7475,41.10371],[-75.74419,41.10261],[-75.74049,41.10211],[-75.7365,41.10191],[-75.7344,41.10221],[-75.7318,41.10381],[-75.7295,41.10721],[-75.72749,41.10851],[-75.7253,41.10891],[-75.7232,41.10971],[-75.7212,41.11141],[-75.7183,41.11611],[-75.7165,41.11801],[-75.7127,41.11691],[-75.70869,41.11611],[-75.7081,41.11871],[-75.7086,41.12201],[-75.7048,41.12171],[-75.7025,41.12331],[-75.7009,41.12681],[-75.69859,41.12851],[-75.69579,41.13021],[-75.6917,41.13151],[-75.6894,41.13151],[-75.68649,41.13081],[-75.6832,41.13131],[-75.6804,41.13281],[-75.672,41.13341],[-75.6684,41.13401],[-75.66579,41.13361],[-75.66399,41.13061],[-75.6607,41.12931],[-75.6586,41.12771],[-75.6572,41.12581],[-75.6561,41.12321],[-75.657,41.12051],[-75.6572,41.11821],[-75.65559,41.11661],[-75.6526,41.11851],[-75.6503,41.12101],[-75.6483,41.12191]]]}},{"type":"Feature","properties":{"state":"PA","zone":"052","cwa":"CTP","name":"Northumberland","state_zone":"PA052"},"geometry":{"type":"Polygon","coordinates":[[[-76.7327,41.17201],[-76.73119,41.16321],[-76.7314,41.15881],[-76.73119,41.15561],[-76.73129,41.15321],[-76.73299,41.14841],[-76.73409,41.14451],[-76.7354,41.13801],[-76.7341,41.13281],[-76.7347,41.12871],[-76.73399,41.12471],[-76.7347,41.12151],[-76.7351,41.11751],[-76.7354,41.10901],[-76.7344,41.10461],[-76.735,41.09351],[-76.73579,41.08981],[-76.73779,41.08641],[-76.739,41.08221],[-76.7455,41.06731],[-76.7492,41.06121],[-76.75719,41.04931],[-76.7577,41.04561],[-76.7596,41.03891],[-76.7643,41.02941],[-76.76199,41.02591],[-76.7706,41.01871],[-76.7723,41.01631],[-76.7757,41.00971],[-76.7738,41.00231],[-76.7743,41.00011],[-76.78419,40.96911],[-76.7858,40.96631],[-76.7869,40.96381],[-76.7869,40.96091],[-76.7857,40.95881],[-76.78809,40.95731],[-76.79079,40.95611],[-76.7905,40.95241],[-76.7924,40.95021],[-76.7944,40.94871],[-76.793,40.94701],[-76.7901,40.94701],[-76.7844,40.94781],[-76.7757,40.94951],[-76.7674,40.94981],[-76.7585,40.95141],[-76.74429,40.95431],[-76.7345,40.95451],[-76.7263,40.95621],[-76.7184,40.95731],[-76.71329,40.95841],[-76.7017,40.96031],[-76.69769,40.96151],[-76.6878,40.96271],[-76.6825,40.96481],[-76.6793,40.96551],[-76.67619,40.96551],[-76.6614,40.96801],[-76.65279,40.96231],[-76.647,40.96401],[-76.6445,40.96451],[-76.6413,40.96481],[-76.6358,40.96451],[-76.6328,40.96391],[-76.6292,40.96251],[-76.6252,40.96041],[-76.6159,40.95371],[-76.6134,40.95161],[-76.61089,40.94911],[-76.60889,40.94741],[-76.6025,40.94271],[-76.599,40.94161],[-76.5956,40.94091],[-76.5927,40.94041],[-76.5896,40.94011],[-76.5796,40.93981],[-76.57719,40.93951],[-76.5729,40.93931],[-76.56419,40.93961],[-76.5611,40.93941],[-76.5579,40.93781],[-76.55849,40.93401],[-76.5582,40.93161],[-76.5615,40.92531],[-76.5649,40.92131],[-76.5673,40.91691],[-76.5677,40.91451],[-76.5659,40.91021],[-76.5656,40.90661],[-76.5647,40.90411],[-76.56139,40.90001],[-76.56039,40.89761],[-76.5597,40.89481],[-76.5584,40.89191],[-76.55669,40.88921],[-76.5518,40.88351],[-76.5416,40.88251],[-76.528,40.88251],[-76.5176,40.88241],[-76.5052,40.88171],[-76.5051,40.87771],[-76.5087,40.87411],[-76.5093,40.87051],[-76.50809,40.86771],[-76.5079,40.86551],[-76.50629,40.86281],[-76.5033,40.86211],[-76.50079,40.85971],[-76.4993,40.85491],[-76.49899,40.85161],[-76.5019,40.84971],[-76.50529,40.84891],[-76.5076,40.84691],[-76.5079,40.84351],[-76.5074,40.83991],[-76.5052,40.83761],[-76.50449,40.83461],[-76.50279,40.83141],[-76.50169,40.82521],[-76.4986,40.82411],[-76.4947,40.82421],[-76.48949,40.82571],[-76.4862,40.82621],[-76.4833,40.82641],[-76.48029,40.82701],[-76.4729,40.82731],[-76.4711,40.82851],[-76.46819,40.82821],[-76.4637,40.82831],[-76.45779,40.83001],[-76.4536,40.83051],[-76.4498,40.83071],[-76.44479,40.83121],[-76.4405,40.83171],[-76.43739,40.83231],[-76.4348,40.83261],[-76.4278,40.83241],[-76.4234,40.83341],[-76.4119,40.83341],[-76.409,40.83391],[-76.4054,40.83361],[-76.3969,40.81061],[-76.39249,40.79781],[-76.38969,40.79251],[-76.38039,40.77601],[-76.38799,40.77271],[-76.3909,40.77161],[-76.41679,40.76261],[-76.4591,40.74691],[-76.4742,40.74151],[-76.52319,40.72351],[-76.5631,40.70861],[-76.56609,40.70771],[-76.5724,40.70541],[-76.5964,40.69821],[-76.6029,40.69601],[-76.6334,40.68441],[-76.65839,40.67531],[-76.6932,40.66351],[-76.7002,40.66331],[-76.702,40.65681],[-76.7049,40.65571],[-76.71259,40.65931],[-76.71619,40.65901],[-76.7195,40.65721],[-76.7213,40.65391],[-76.72359,40.65331],[-76.7291,40.65371],[-76.7333,40.65501],[-76.73759,40.65491],[-76.7412,40.65451],[-76.7447,40.65461],[-76.7486,40.65351],[-76.7514,40.65201],[-76.75259,40.65031],[-76.75539,40.64851],[-76.76279,40.64771],[-76.7653,40.64711],[-76.7702,40.64691],[-76.77679,40.64591],[-76.7804,40.64491],[-76.78529,40.64231],[-76.7886,40.64111],[-76.79259,40.64061],[-76.7944,40.64111],[-76.79649,40.64331],[-76.7986,40.64491],[-76.80199,40.64651],[-76.80579,40.64621],[-76.8088,40.64361],[-76.81,40.64021],[-76.8103,40.63511],[-76.8139,40.63341],[-76.81989,40.63341],[-76.8238,40.63411],[-76.82819,40.63341],[-76.8325,40.62871],[-76.837,40.62621],[-76.84119,40.62561],[-76.8556,40.62601],[-76.865,40.62731],[-76.869,40.62401],[-76.86919,40.62061],[-76.8697,40.61781],[-76.87209,40.61661],[-76.8752,40.61641],[-76.8779,40.61661],[-76.8827,40.61761],[-76.88699,40.61761],[-76.8902,40.61621],[-76.89149,40.61451],[-76.89,40.61141],[-76.8932,40.61011],[-76.8996,40.61061],[-76.9026,40.61181],[-76.908,40.61121],[-76.91109,40.61111],[-76.9208,40.60951],[-76.9194,40.60711],[-76.9194,40.60431],[-76.9222,40.60601],[-76.925,40.60851],[-76.9301,40.61081],[-76.935,40.61231],[-76.9396,40.61641],[-76.9469,40.62531],[-76.9493,40.62781],[-76.9469,40.63011],[-76.9403,40.63731],[-76.93919,40.63891],[-76.93439,40.64091],[-76.9286,40.64501],[-76.92229,40.65261],[-76.91959,40.65661],[-76.9166,40.66201],[-76.9142,40.66511],[-76.91209,40.66741],[-76.90839,40.67041],[-76.9031,40.67431],[-76.8994,40.67621],[-76.89619,40.67851],[-76.89259,40.68021],[-76.8895,40.68221],[-76.88689,40.68271],[-76.88149,40.68591],[-76.87939,40.68771],[-76.877,40.69101],[-76.8741,40.69351],[-76.86929,40.69881],[-76.8671,40.70241],[-76.8653,40.70441],[-76.8643,40.70631],[-76.86089,40.71141],[-76.85719,40.71981],[-76.8555,40.72471],[-76.8549,40.72961],[-76.85519,40.73691],[-76.8564,40.74351],[-76.8566,40.74651],[-76.8565,40.75001],[-76.856,40.75561],[-76.8568,40.76061],[-76.85709,40.76501],[-76.8578,40.77001],[-76.8587,40.77471],[-76.8588,40.77721],[-76.8586,40.78091],[-76.85619,40.78861],[-76.85439,40.79511],[-76.85329,40.79801],[-76.8513,40.80211],[-76.8492,40.80721],[-76.84779,40.81151],[-76.8448,40.81561],[-76.8387,40.82321],[-76.83559,40.82611],[-76.8299,40.83071],[-76.8271,40.83351],[-76.8249,40.83601],[-76.8223,40.83841],[-76.81889,40.84231],[-76.8145,40.84591],[-76.8126,40.84791],[-76.8097,40.85521],[-76.8065,40.86001],[-76.8053,40.86331],[-76.8016,40.86971],[-76.7988,40.87561],[-76.7986,40.87961],[-76.80029,40.88131],[-76.8046,40.88561],[-76.81149,40.88751],[-76.82159,40.88961],[-76.8248,40.89121],[-76.82929,40.89541],[-76.83489,40.90031],[-76.8409,40.90451],[-76.8433,40.90711],[-76.8457,40.90851],[-76.8482,40.91051],[-76.8504,40.91331],[-76.8548,40.91721],[-76.862,40.92841],[-76.8638,40.93231],[-76.8672,40.93791],[-76.8689,40.94131],[-76.8716,40.94391],[-76.8728,40.94561],[-76.8749,40.94921],[-76.87669,40.95291],[-76.8773,40.95521],[-76.8772,40.95831],[-76.8783,40.96231],[-76.882,40.96851],[-76.8818,40.97301],[-76.8791,40.97761],[-76.87749,40.98131],[-76.87479,40.98551],[-76.8718,40.98951],[-76.86909,40.99351],[-76.8675,40.99691],[-76.86729,41.00011],[-76.8672,41.00771],[-76.8669,41.00981],[-76.8656,41.01471],[-76.86469,41.01901],[-76.8631,41.02341],[-76.86169,41.02621],[-76.861,41.02901],[-76.8611,41.03251],[-76.86079,41.03741],[-76.85909,41.04091],[-76.85719,41.04431],[-76.85619,41.05081],[-76.8574,41.05501],[-76.8576,41.06151],[-76.85709,41.06551],[-76.8575,41.06791],[-76.8577,41.07061],[-76.8584,41.07321],[-76.8601,41.07551],[-76.863,41.07821],[-76.8653,41.07981],[-76.8704,41.08151],[-76.8735,41.08351],[-76.87469,41.08501],[-76.8782,41.08831],[-76.8796,41.08991],[-76.8838,41.09311],[-76.8858,41.09571],[-76.8875,41.09861],[-76.8896,41.10101],[-76.8914,41.10541],[-76.8919,41.10861],[-76.8928,41.11181],[-76.89529,41.11841],[-76.8958,41.12101],[-76.8958,41.12481],[-76.89709,41.12741],[-76.89799,41.13071],[-76.8983,41.13361],[-76.8977,41.13681],[-76.8967,41.13911],[-76.89529,41.14181],[-76.8938,41.14421],[-76.89169,41.14841],[-76.8902,41.15061],[-76.88889,41.15321],[-76.88519,41.15661],[-76.8802,41.15821],[-76.8718,41.16001],[-76.8587,41.16311],[-76.8293,41.16701],[-76.8099,41.17101],[-76.78999,41.17541],[-76.7772,41.17521],[-76.7695,41.17441],[-76.7327,41.17201]]]}},{"type":"Feature","properties":{"state":"PA","zone":"070","cwa":"PHI","name":"Delaware","state_zone":"PA070"},"geometry":{"type":"Polygon","coordinates":[[[-75.323,40.01921],[-75.31979,40.01681],[-75.31219,40.01931],[-75.3091,40.01661],[-75.3078,40.01461],[-75.3033,40.00991],[-75.2994,40.00541],[-75.29169,39.99551],[-75.2837,39.98701],[-75.2764,39.97691],[-75.2794,39.97481],[-75.2784,39.97211],[-75.2757,39.97031],[-75.2706,39.96831],[-75.2672,39.96611],[-75.2613,39.96601],[-75.25719,39.96431],[-75.2541,39.96511],[-75.2491,39.96431],[-75.2477,39.96211],[-75.25,39.95781],[-75.2491,39.95591],[-75.2512,39.95011],[-75.2502,39.94721],[-75.24699,39.94341],[-75.2431,39.94211],[-75.24,39.94171],[-75.2399,39.93871],[-75.2353,39.93761],[-75.2372,39.93301],[-75.241,39.93331],[-75.2439,39.93021],[-75.24429,39.92711],[-75.24689,39.92221],[-75.2473,39.91781],[-75.2473,39.91421],[-75.2506,39.90911],[-75.2534,39.90191],[-75.2552,39.89911],[-75.2566,39.89541],[-75.2587,39.89251],[-75.2608,39.89151],[-75.2627,39.88841],[-75.26379,39.88621],[-75.26379,39.88261],[-75.2633,39.87901],[-75.2616,39.87641],[-75.25639,39.87591],[-75.2534,39.87591],[-75.2493,39.87621],[-75.241,39.87241],[-75.2362,39.87591],[-75.2335,39.87691],[-75.2203,39.87531],[-75.2159,39.87511],[-75.2158,39.87191],[-75.211,39.86651],[-75.221,39.86111],[-75.235,39.85671],[-75.2447,39.85441],[-75.2561,39.85251],[-75.2724,39.84941],[-75.2764,39.84911],[-75.2792,39.84921],[-75.28709,39.84891],[-75.2941,39.84891],[-75.3082,39.85011],[-75.31129,39.85021],[-75.3232,39.84991],[-75.3304,39.84911],[-75.3419,39.84601],[-75.3444,39.84511],[-75.355,39.83941],[-75.3746,39.82581],[-75.3825,39.82071],[-75.3905,39.81531],[-75.3983,39.81091],[-75.4035,39.80771],[-75.4095,39.80441],[-75.4125,39.80311],[-75.4155,39.80211],[-75.42799,39.80931],[-75.437,39.81331],[-75.44099,39.81531],[-75.4539,39.82041],[-75.4638,39.82411],[-75.4804,39.82891],[-75.4995,39.83351],[-75.507,39.83491],[-75.5151,39.83601],[-75.5364,39.83811],[-75.5477,39.83871],[-75.56509,39.83861],[-75.5705,39.83901],[-75.57639,39.83871],[-75.57998,39.83891],[-75.58213,39.83848],[-75.58443,39.83828],[-75.59273,39.83788],[-75.59617,39.83726],[-75.5975,39.83961],[-75.5963,39.84281],[-75.5947,39.84621],[-75.5938,39.84991],[-75.5925,39.85251],[-75.5953,39.85381],[-75.5985,39.85441],[-75.601,39.85631],[-75.59879,39.85991],[-75.5966,39.86311],[-75.5956,39.86601],[-75.5932,39.86851],[-75.59579,39.87161],[-75.597,39.87441],[-75.5942,39.87611],[-75.5844,39.88091],[-75.5858,39.88461],[-75.5824,39.88571],[-75.5804,39.88371],[-75.57249,39.88751],[-75.57439,39.89171],[-75.5724,39.89381],[-75.5733,39.89631],[-75.56619,39.89981],[-75.559,39.90361],[-75.5591,39.90721],[-75.5555,39.90571],[-75.54759,39.90921],[-75.549,39.91541],[-75.5433,39.91901],[-75.54359,39.92301],[-75.5407,39.92471],[-75.5423,39.92691],[-75.5396,39.92851],[-75.536,39.92991],[-75.5307,39.92311],[-75.52769,39.92331],[-75.5247,39.92281],[-75.5254,39.92571],[-75.5275,39.92841],[-75.52969,39.93171],[-75.5264,39.93441],[-75.52309,39.93231],[-75.5196,39.93391],[-75.51839,39.93651],[-75.5208,39.94071],[-75.5229,39.94381],[-75.51199,39.94971],[-75.5089,39.95121],[-75.5019,39.95431],[-75.4847,39.96241],[-75.4807,39.96411],[-75.46329,39.97231],[-75.4453,39.98051],[-75.4361,39.98521],[-75.436,39.98821],[-75.4376,39.99211],[-75.4404,39.99231],[-75.4432,39.99351],[-75.4516,39.99391],[-75.448,39.99751],[-75.4452,39.99931],[-75.44279,40.00111],[-75.43909,40.00341],[-75.4353,40.00611],[-75.4284,40.01051],[-75.407,40.02551],[-75.40479,40.02691],[-75.40639,40.03041],[-75.408,40.03291],[-75.4126,40.03881],[-75.4135,40.04191],[-75.4097,40.04391],[-75.3911,40.05191],[-75.3875,40.05381],[-75.3737,40.05951],[-75.3592,40.06611],[-75.3565,40.06291],[-75.3526,40.05761],[-75.35059,40.05461],[-75.34679,40.04961],[-75.3451,40.04771],[-75.3376,40.03791],[-75.3361,40.03621],[-75.3343,40.03371],[-75.3285,40.02651],[-75.3266,40.02381],[-75.323,40.01921]]]}},{"type":"Feature","properties":{"state":"PA","zone":"019","cwa":"CTP","name":"Southern Centre","state_zone":"PA019"},"geometry":{"type":"Polygon","coordinates":[[[-77.1438,41.04321],[-77.1503,41.03721],[-77.1954,41.00001],[-77.20399,40.99261],[-77.243,40.94961],[-77.2521,40.93991],[-77.2772,40.91181],[-77.2795,40.90941],[-77.3009,40.89371],[-77.3054,40.89001],[-77.3148,40.88341],[-77.35719,40.85201],[-77.3652,40.84731],[-77.36919,40.84661],[-77.37469,40.84531],[-77.37949,40.84391],[-77.40659,40.83551],[-77.4229,40.83001],[-77.42979,40.82751],[-77.4525,40.81801],[-77.4618,40.81441],[-77.4955,40.80001],[-77.5104,40.79411],[-77.53699,40.78391],[-77.5525,40.77761],[-77.5713,40.76961],[-77.5934,40.76131],[-77.59679,40.76021],[-77.6214,40.75331],[-77.6526,40.74491],[-77.6619,40.73771],[-77.6813,40.72971],[-77.6838,40.72871],[-77.71049,40.71451],[-77.71819,40.72681],[-77.73689,40.72431],[-77.74969,40.72241],[-77.7687,40.71921],[-77.7896,40.72821],[-77.8101,40.73731],[-77.81339,40.73851],[-77.8249,40.74351],[-77.82809,40.74271],[-77.83279,40.74101],[-77.8389,40.73851],[-77.84769,40.73531],[-77.85259,40.73331],[-77.864,40.72901],[-77.8684,40.72701],[-77.88499,40.72051],[-77.8918,40.71741],[-77.9049,40.71081],[-77.9442,40.69161],[-78.1066,40.73671],[-78.1168,40.73901],[-78.12469,40.74161],[-78.1321,40.74341],[-78.23489,40.73901],[-78.2262,40.74391],[-78.1615,40.78681],[-78.1159,40.81181],[-78.05669,40.84941],[-78.0102,40.87691],[-77.9921,40.88851],[-77.85999,40.96711],[-77.7576,41.02521],[-77.63689,41.08331],[-77.62189,41.09111],[-77.6199,41.08901],[-77.61629,41.08761],[-77.61259,41.08591],[-77.6096,41.08411],[-77.604,41.08141],[-77.6009,41.08061],[-77.5975,41.07901],[-77.59499,41.07751],[-77.59209,41.07501],[-77.5908,41.07171],[-77.5861,41.07061],[-77.5834,41.06971],[-77.58179,41.06741],[-77.57629,41.06851],[-77.5741,41.06851],[-77.5683,41.06531],[-77.5648,41.06141],[-77.5629,41.05701],[-77.5747,41.05011],[-77.5784,41.04831],[-77.5787,41.04551],[-77.5477,41.00901],[-77.5235,40.98001],[-77.5088,40.96271],[-77.49969,40.96421],[-77.44379,40.97431],[-77.4352,40.97561],[-77.4157,40.97761],[-77.3903,40.97991],[-77.369,40.98321],[-77.34029,40.98811],[-77.32079,40.99361],[-77.3163,40.99501],[-77.2933,41.00121],[-77.2757,41.00631],[-77.2137,41.02371],[-77.16689,41.03711],[-77.1533,41.04091],[-77.1438,41.04321]]]}},{"type":"Feature","properties":{"state":"PA","zone":"018","cwa":"CTP","name":"Northern Centre","state_zone":"PA018"},"geometry":{"type":"Polygon","coordinates":[[[-77.62189,41.09111],[-77.63689,41.08331],[-77.7576,41.02521],[-77.85999,40.96711],[-77.9921,40.88851],[-78.0102,40.87691],[-78.05669,40.84941],[-78.1159,40.81181],[-78.1615,40.78681],[-78.2262,40.74391],[-78.23489,40.73901],[-78.25639,40.73791],[-78.3629,40.73331],[-78.3653,40.73541],[-78.36729,40.73811],[-78.3708,40.74401],[-78.3718,40.74621],[-78.3732,40.74831],[-78.3745,40.75071],[-78.3765,40.75351],[-78.3745,40.75611],[-78.36729,40.76181],[-78.3652,40.76411],[-78.36069,40.76571],[-78.35899,40.76751],[-78.35609,40.76811],[-78.3536,40.76821],[-78.3518,40.76971],[-78.3511,40.77431],[-78.3484,40.77741],[-78.3462,40.77961],[-78.3427,40.78231],[-78.3428,40.78441],[-78.3425,40.78761],[-78.3434,40.79021],[-78.341,40.79141],[-78.33939,40.79431],[-78.3391,40.79701],[-78.337,40.79931],[-78.3341,40.80031],[-78.33109,40.80101],[-78.3292,40.80321],[-78.32719,40.80501],[-78.3229,40.80591],[-78.3213,40.80651],[-78.3204,40.80811],[-78.3184,40.80831],[-78.31419,40.80921],[-78.3121,40.81221],[-78.3108,40.81461],[-78.3078,40.81641],[-78.306,40.81951],[-78.30109,40.82291],[-78.2997,40.82561],[-78.30009,40.83021],[-78.3018,40.83381],[-78.2989,40.83531],[-78.29539,40.83751],[-78.29369,40.84021],[-78.2915,40.84241],[-78.291,40.84491],[-78.29099,40.84721],[-78.2879,40.84961],[-78.2859,40.84971],[-78.2835,40.85091],[-78.2791,40.85071],[-78.27509,40.84931],[-78.2737,40.84801],[-78.2715,40.84731],[-78.2692,40.84711],[-78.26749,40.84911],[-78.2654,40.85051],[-78.2635,40.85131],[-78.2626,40.85301],[-78.2603,40.85431],[-78.25629,40.85471],[-78.2524,40.85441],[-78.2491,40.85611],[-78.2472,40.85841],[-78.2484,40.86051],[-78.2483,40.86281],[-78.2492,40.86561],[-78.249,40.86901],[-78.2472,40.87161],[-78.2381,40.87261],[-78.23599,40.87411],[-78.237,40.87561],[-78.2409,40.87691],[-78.2445,40.87651],[-78.2465,40.87581],[-78.2481,40.87781],[-78.24439,40.88041],[-78.2422,40.88131],[-78.2398,40.88141],[-78.2338,40.87961],[-78.2316,40.87941],[-78.22919,40.88131],[-78.2278,40.88561],[-78.2252,40.88801],[-78.2211,40.88891],[-78.2214,40.89151],[-78.2242,40.89561],[-78.22549,40.89721],[-78.227,40.89821],[-78.22829,40.89991],[-78.22739,40.90381],[-78.2248,40.90641],[-78.2239,40.90941],[-78.22169,40.91071],[-78.2198,40.91261],[-78.2168,40.91391],[-78.2146,40.91451],[-78.2102,40.91691],[-78.2063,40.91681],[-78.20399,40.91611],[-78.1996,40.91761],[-78.197,40.91871],[-78.1951,40.91991],[-78.1916,40.91981],[-78.1894,40.91911],[-78.1858,40.92121],[-78.1825,40.92261],[-78.17889,40.92551],[-78.1772,40.93031],[-78.17509,40.93191],[-78.1719,40.93351],[-78.1711,40.93651],[-78.1672,40.93681],[-78.1647,40.93881],[-78.1636,40.94031],[-78.16109,40.94201],[-78.1579,40.94131],[-78.15559,40.94231],[-78.1572,40.94561],[-78.15749,40.94841],[-78.159,40.95041],[-78.15929,40.95401],[-78.1625,40.95471],[-78.1669,40.95261],[-78.1691,40.95351],[-78.1698,40.95581],[-78.1683,40.95961],[-78.1643,40.96151],[-78.15939,40.96121],[-78.1552,40.95971],[-78.1514,40.95751],[-78.1493,40.95691],[-78.1465,40.95541],[-78.14729,40.95181],[-78.14709,40.94941],[-78.1441,40.94891],[-78.14079,40.95011],[-78.13979,40.95351],[-78.1396,40.95631],[-78.13889,40.95831],[-78.1362,40.96261],[-78.1358,40.96671],[-78.1325,40.96631],[-78.1301,40.96301],[-78.1315,40.95981],[-78.1358,40.95641],[-78.1344,40.95421],[-78.1311,40.95171],[-78.1329,40.94741],[-78.1309,40.94591],[-78.12769,40.94611],[-78.12389,40.94681],[-78.12099,40.94661],[-78.1223,40.94371],[-78.12099,40.94231],[-78.1179,40.94261],[-78.1114,40.94511],[-78.1105,40.94671],[-78.1091,40.95011],[-78.1067,40.95021],[-78.1039,40.94961],[-78.0992,40.95141],[-78.0947,40.95061],[-78.0909,40.95361],[-78.08469,40.95491],[-78.0788,40.95651],[-78.0785,40.96041],[-78.0808,40.96351],[-78.0833,40.96581],[-78.0845,40.96821],[-78.0871,40.97021],[-78.0924,40.97031],[-78.09409,40.97121],[-78.0965,40.97301],[-78.0928,40.97351],[-78.08939,40.97571],[-78.0901,40.98051],[-78.0853,40.98051],[-78.0836,40.98161],[-78.0823,40.98381],[-78.0826,40.98691],[-78.0843,40.99041],[-78.08649,40.99351],[-78.0843,40.99451],[-78.0803,40.99321],[-78.07719,40.99321],[-78.0742,40.99351],[-78.071,40.99511],[-78.0677,40.99751],[-78.06429,40.99531],[-78.0619,40.99531],[-78.062,40.99801],[-78.0637,40.99941],[-78.06499,41.00101],[-78.06329,41.00451],[-78.0609,41.00431],[-78.0579,41.00381],[-78.056,41.00511],[-78.0561,41.00781],[-78.0583,41.01061],[-78.06049,41.01231],[-78.06329,41.01321],[-78.0667,41.01281],[-78.0693,41.01361],[-78.06979,41.01591],[-78.0685,41.01951],[-78.0709,41.02031],[-78.0756,41.02251],[-78.074,41.02401],[-78.0713,41.02591],[-78.07449,41.02661],[-78.07729,41.02701],[-78.0803,41.02991],[-78.0793,41.03311],[-78.0761,41.03441],[-78.06979,41.03281],[-78.0663,41.03531],[-78.061,41.03611],[-78.0582,41.03681],[-78.0573,41.03921],[-78.0592,41.04141],[-78.06219,41.04321],[-78.0636,41.04591],[-78.06,41.05161],[-78.06229,41.05321],[-78.0646,41.05251],[-78.06899,41.04981],[-78.0722,41.05121],[-78.07339,41.05471],[-78.0738,41.05751],[-78.07639,41.05961],[-78.08549,41.05721],[-78.088,41.05711],[-78.09039,41.05871],[-78.0895,41.06161],[-78.08839,41.06391],[-78.0862,41.06591],[-78.0854,41.06801],[-78.0879,41.06901],[-78.0898,41.06941],[-78.0957,41.07111],[-78.09679,41.07271],[-78.09389,41.07531],[-78.0925,41.07931],[-78.09409,41.08191],[-78.0966,41.08481],[-78.1028,41.09591],[-78.10439,41.09951],[-78.1059,41.10221],[-78.1077,41.10621],[-78.1106,41.11071],[-78.1115,41.11441],[-78.1091,41.11701],[-78.1054,41.11971],[-78.1018,41.12141],[-78.098,41.12141],[-78.0953,41.11941],[-78.0936,41.11601],[-78.0907,41.11531],[-78.0882,41.11641],[-78.08669,41.11831],[-78.0868,41.12071],[-78.0864,41.12311],[-78.084,41.12551],[-78.0803,41.12581],[-78.0731,41.12171],[-78.0704,41.12191],[-78.0687,41.12531],[-78.06979,41.12971],[-78.0662,41.13211],[-78.06219,41.13111],[-78.05959,41.13081],[-78.05689,41.13111],[-78.0551,41.13381],[-78.0542,41.14121],[-78.0536,41.14401],[-78.0517,41.14541],[-78.045,41.14591],[-78.04259,41.14821],[-78.04089,41.15111],[-78.0386,41.15361],[-78.03519,41.15351],[-78.0292,41.15061],[-78.02689,41.15041],[-78.02399,41.15121],[-78.0208,41.15251],[-78.0179,41.15301],[-78.015,41.15181],[-78.01369,41.14951],[-78.0125,41.14641],[-78.01019,41.14371],[-78.0079,41.14331],[-78.00529,41.14391],[-78.0027,41.14571],[-78.00079,41.14831],[-78.0003,41.15091],[-78.00159,41.15851],[-78.001,41.16101],[-77.9985,41.16311],[-77.9958,41.16321],[-77.99059,41.16201],[-77.9873,41.16331],[-77.9846,41.16961],[-77.9817,41.17131],[-77.97839,41.17181],[-77.9716,41.17441],[-77.97079,41.17841],[-77.97359,41.18921],[-77.973,41.20381],[-77.9712,41.20641],[-77.9647,41.21061],[-77.9622,41.21501],[-77.95959,41.21711],[-77.9556,41.21731],[-77.953,41.21581],[-77.94939,41.21321],[-77.9444,41.21081],[-77.9406,41.20961],[-77.9366,41.21081],[-77.93549,41.21421],[-77.939,41.22091],[-77.9387,41.22331],[-77.937,41.22551],[-77.93449,41.22641],[-77.93169,41.22651],[-77.9269,41.22621],[-77.9241,41.22641],[-77.9209,41.22841],[-77.91879,41.23161],[-77.91689,41.23541],[-77.91209,41.24231],[-77.9069,41.24551],[-77.8988,41.25121],[-77.8978,41.24711],[-77.8977,41.24301],[-77.8974,41.19841],[-77.8975,41.19191],[-77.89729,41.18231],[-77.89739,41.17761],[-77.8875,41.17691],[-77.87859,41.17681],[-77.87469,41.17701],[-77.7896,41.17721],[-77.7897,41.17431],[-77.7895,41.14641],[-77.78889,41.14241],[-77.78169,41.14501],[-77.778,41.14651],[-77.7757,41.14431],[-77.7735,41.14121],[-77.7709,41.13811],[-77.76839,41.13461],[-77.7568,41.11951],[-77.7504,41.11151],[-77.74599,41.10661],[-77.74319,41.10751],[-77.7384,41.10781],[-77.7351,41.10911],[-77.7324,41.11051],[-77.72929,41.11111],[-77.7263,41.11061],[-77.7243,41.10771],[-77.7216,41.10601],[-77.7186,41.10501],[-77.7149,41.10561],[-77.7128,41.10781],[-77.7114,41.11081],[-77.7054,41.11351],[-77.6961,41.10791],[-77.69309,41.10671],[-77.6893,41.10681],[-77.68629,41.10841],[-77.6842,41.10931],[-77.6802,41.10871],[-77.6764,41.10681],[-77.6717,41.10561],[-77.6674,41.10811],[-77.6636,41.10871],[-77.6605,41.10581],[-77.6595,41.10201],[-77.65749,41.10031],[-77.6542,41.09891],[-77.6494,41.09781],[-77.6449,41.09751],[-77.6405,41.09681],[-77.6364,41.09531],[-77.6335,41.09501],[-77.63,41.09371],[-77.6243,41.09201],[-77.62189,41.09111]]]}},{"type":"Feature","properties":{"state":"PA","zone":"046","cwa":"CTP","name":"Southern Lycoming","state_zone":"PA046"},"geometry":{"type":"Polygon","coordinates":[[[-76.59299,41.30461],[-76.59029,41.30391],[-76.549,41.29601],[-76.5481,41.29321],[-76.5376,41.29131],[-76.5247,41.28921],[-76.52029,41.28821],[-76.49969,41.28551],[-76.45239,41.27651],[-76.44749,41.27571],[-76.47839,41.25051],[-76.4956,41.23711],[-76.5004,41.23321],[-76.52229,41.21371],[-76.5675,41.17781],[-76.5751,41.17161],[-76.5928,41.15781],[-76.64079,41.15571],[-76.67069,41.15451],[-76.67979,41.15461],[-76.6996,41.16131],[-76.73,41.17191],[-76.7327,41.17201],[-76.7695,41.17441],[-76.7772,41.17521],[-76.78999,41.17541],[-76.8099,41.17101],[-76.8293,41.16701],[-76.8587,41.16311],[-76.8718,41.16001],[-76.8802,41.15821],[-76.88519,41.15661],[-76.88889,41.15321],[-76.8902,41.15061],[-76.89169,41.14841],[-76.8938,41.14421],[-76.89529,41.14181],[-76.8967,41.13911],[-76.96,41.14881],[-76.963,41.13811],[-76.9669,41.12511],[-76.9682,41.12191],[-76.9711,41.11181],[-76.97269,41.10711],[-76.9785,41.08771],[-76.9948,41.08701],[-76.99969,41.08661],[-77.0699,41.08351],[-77.0808,41.08031],[-77.1172,41.06891],[-77.13609,41.06891],[-77.1441,41.06811],[-77.15079,41.06881],[-77.1643,41.06871],[-77.2225,41.12491],[-77.23859,41.14001],[-77.24969,41.15091],[-77.2622,41.16241],[-77.27119,41.17181],[-77.27299,41.17591],[-77.2756,41.17911],[-77.27789,41.18071],[-77.2838,41.18271],[-77.2868,41.18271],[-77.28899,41.18331],[-77.292,41.18561],[-77.2934,41.19051],[-77.2915,41.19411],[-77.29189,41.19681],[-77.2942,41.19851],[-77.2969,41.19971],[-77.2996,41.20151],[-77.3034,41.20521],[-77.3073,41.20871],[-77.313,41.21241],[-77.31609,41.21501],[-77.3204,41.21831],[-77.2742,41.24121],[-77.2082,41.27541],[-77.1273,41.30951],[-77.0202,41.34601],[-76.8732,41.35971],[-76.72739,41.34601],[-76.6122,41.30781],[-76.59299,41.30461]]]}},{"type":"Feature","properties":{"state":"PA","zone":"041","cwa":"CTP","name":"Northern Lycoming","state_zone":"PA041"},"geometry":{"type":"Polygon","coordinates":[[[-76.8046,41.56451],[-76.8028,41.55841],[-76.7981,41.54461],[-76.7868,41.51321],[-76.78159,41.49941],[-76.78049,41.49571],[-76.77599,41.48281],[-76.7686,41.46051],[-76.7552,41.41951],[-76.7503,41.40621],[-76.74429,41.40181],[-76.7073,41.37881],[-76.6663,41.35281],[-76.59299,41.30461],[-76.6122,41.30781],[-76.72739,41.34601],[-76.8732,41.35971],[-77.0202,41.34601],[-77.1273,41.30951],[-77.2082,41.27541],[-77.2742,41.24121],[-77.3204,41.21831],[-77.32629,41.21951],[-77.3294,41.21991],[-77.3321,41.21971],[-77.3349,41.22051],[-77.34389,41.22061],[-77.3471,41.22031],[-77.351,41.22041],[-77.349,41.22381],[-77.3499,41.22831],[-77.3536,41.23021],[-77.35789,41.23071],[-77.36089,41.23271],[-77.3633,41.23341],[-77.3657,41.23271],[-77.3696,41.23331],[-77.37479,41.23671],[-77.3782,41.23851],[-77.3835,41.24201],[-77.3893,41.24671],[-77.3978,41.25211],[-77.40089,41.25451],[-77.40469,41.25881],[-77.40649,41.26221],[-77.4119,41.26721],[-77.4162,41.26991],[-77.42229,41.27171],[-77.4253,41.27391],[-77.42709,41.27861],[-77.4284,41.28091],[-77.43089,41.28321],[-77.43439,41.28451],[-77.43999,41.28551],[-77.4437,41.28681],[-77.4459,41.28821],[-77.45,41.29321],[-77.451,41.29511],[-77.4527,41.29981],[-77.45589,41.30421],[-77.46069,41.30631],[-77.4667,41.30951],[-77.4711,41.31321],[-77.4726,41.31671],[-77.4735,41.32131],[-77.4748,41.32551],[-77.47459,41.33241],[-77.47479,41.33591],[-77.47749,41.33951],[-77.48119,41.34171],[-77.4845,41.34451],[-77.4893,41.34781],[-77.49319,41.35011],[-77.5005,41.35391],[-77.50459,41.35461],[-77.5099,41.35511],[-77.5171,41.35611],[-77.5217,41.35731],[-77.5272,41.35891],[-77.53339,41.36221],[-77.5368,41.36431],[-77.5397,41.36731],[-77.5405,41.37081],[-77.5421,41.38171],[-77.54449,41.38611],[-77.54919,41.39391],[-77.5599,41.40751],[-77.5647,41.41271],[-77.5682,41.41381],[-77.57169,41.41651],[-77.5746,41.41991],[-77.57619,41.42271],[-77.5787,41.43061],[-77.58019,41.43471],[-77.5816,41.43761],[-77.58379,41.44011],[-77.5888,41.44121],[-77.5919,41.44111],[-77.59679,41.44231],[-77.5975,41.44671],[-77.5981,41.47861],[-77.59859,41.50011],[-77.599,41.51101],[-77.5991,41.52651],[-77.59959,41.54231],[-77.5481,41.54291],[-77.5317,41.54291],[-77.5001,41.54321],[-77.37469,41.54381],[-77.2985,41.54441],[-77.29079,41.54421],[-77.2774,41.54461],[-77.2537,41.54461],[-77.2306,41.54511],[-77.21439,41.54511],[-77.18439,41.54561],[-77.1625,41.54641],[-77.1162,41.54711],[-77.07899,41.54791],[-77.0375,41.54901],[-76.9639,41.55131],[-76.96049,41.55331],[-76.9628,41.55541],[-76.9609,41.55771],[-76.95869,41.55881],[-76.9563,41.56101],[-76.9545,41.56301],[-76.9526,41.56481],[-76.95029,41.56601],[-76.94849,41.56721],[-76.9452,41.56881],[-76.9427,41.56931],[-76.93999,41.56941],[-76.9361,41.56901],[-76.9325,41.56931],[-76.9287,41.57061],[-76.9259,41.57221],[-76.92519,41.57491],[-76.9237,41.57811],[-76.9218,41.58091],[-76.9153,41.58221],[-76.91019,41.58151],[-76.90839,41.58161],[-76.9063,41.58241],[-76.9021,41.58321],[-76.8986,41.58451],[-76.89619,41.58571],[-76.89349,41.58581],[-76.88989,41.58671],[-76.8876,41.58681],[-76.88049,41.58951],[-76.8771,41.59111],[-76.87669,41.59341],[-76.87469,41.59691],[-76.8575,41.59491],[-76.8138,41.59021],[-76.8046,41.56451]]]}},{"type":"Feature","properties":{"state":"PA","zone":"072","cwa":"BGM","name":"Southern Wayne","state_zone":"PA072"},"geometry":{"type":"Polygon","coordinates":[[[-75.0702,41.60171],[-75.0746,41.59571],[-75.0808,41.58821],[-75.0853,41.58231],[-75.0877,41.57951],[-75.0915,41.57451],[-75.09879,41.56551],[-75.1084,41.55301],[-75.1151,41.54371],[-75.1246,41.53181],[-75.16669,41.47791],[-75.1691,41.47511],[-75.1709,41.47251],[-75.1738,41.46921],[-75.17799,41.46481],[-75.17879,41.46231],[-75.187,41.45861],[-75.18819,41.45641],[-75.187,41.45331],[-75.18839,41.45091],[-75.18919,41.44871],[-75.18639,41.44331],[-75.18909,41.44171],[-75.1917,41.43931],[-75.19479,41.43821],[-75.1983,41.43741],[-75.2001,41.43401],[-75.20309,41.43201],[-75.2071,41.43091],[-75.21049,41.43041],[-75.21259,41.42771],[-75.2151,41.42661],[-75.2176,41.42441],[-75.2206,41.42441],[-75.22359,41.42481],[-75.22649,41.42481],[-75.229,41.42631],[-75.2304,41.42471],[-75.2334,41.42421],[-75.2344,41.42141],[-75.2383,41.42061],[-75.2426,41.42121],[-75.2465,41.42001],[-75.2492,41.41811],[-75.24619,41.41681],[-75.2491,41.41461],[-75.2511,41.41071],[-75.24879,41.40781],[-75.24719,41.40551],[-75.2473,41.40251],[-75.253,41.40071],[-75.2557,41.39771],[-75.2565,41.39391],[-75.2539,41.39241],[-75.2538,41.38921],[-75.2558,41.38621],[-75.2588,41.38411],[-75.2614,41.38271],[-75.2623,41.37511],[-75.26569,41.37241],[-75.2732,41.37211],[-75.2783,41.37251],[-75.2848,41.37121],[-75.29169,41.36881],[-75.2991,41.36791],[-75.3052,41.37351],[-75.3091,41.37471],[-75.3163,41.36831],[-75.3201,41.36781],[-75.3247,41.36691],[-75.32809,41.36881],[-75.33089,41.36971],[-75.3361,41.37581],[-75.33939,41.37561],[-75.3453,41.37121],[-75.34879,41.36991],[-75.35069,41.36791],[-75.35,41.36431],[-75.3475,41.35961],[-75.34599,41.35731],[-75.34299,41.35521],[-75.34209,41.35181],[-75.33939,41.35061],[-75.3379,41.34921],[-75.3382,41.34611],[-75.3446,41.34071],[-75.3437,41.33711],[-75.34019,41.33611],[-75.3378,41.33631],[-75.33379,41.33621],[-75.3304,41.33541],[-75.32809,41.33841],[-75.32619,41.34041],[-75.3228,41.33981],[-75.3211,41.33811],[-75.3185,41.33621],[-75.31619,41.33401],[-75.3134,41.33221],[-75.31149,41.33121],[-75.3109,41.32801],[-75.31219,41.32441],[-75.3125,41.32151],[-75.31599,41.31941],[-75.31609,41.31651],[-75.3138,41.31251],[-75.3147,41.30981],[-75.3196,41.30391],[-75.322,41.30061],[-75.3267,41.29821],[-75.328,41.29701],[-75.3277,41.29431],[-75.326,41.29241],[-75.3252,41.28971],[-75.3256,41.28771],[-75.32839,41.28671],[-75.3302,41.28391],[-75.3316,41.28121],[-75.3335,41.27811],[-75.3324,41.27461],[-75.335,41.26951],[-75.3391,41.26791],[-75.34399,41.26761],[-75.3473,41.26531],[-75.3474,41.26331],[-75.3483,41.26161],[-75.34969,41.25971],[-75.3474,41.25801],[-75.3446,41.25691],[-75.342,41.25441],[-75.34589,41.24821],[-75.3489,41.24581],[-75.3567,41.24021],[-75.3592,41.23921],[-75.36259,41.23921],[-75.3709,41.23801],[-75.4593,41.23421],[-75.49619,41.23281],[-75.5011,41.23271],[-75.50529,41.23351],[-75.50169,41.23651],[-75.4965,41.24261],[-75.4935,41.24351],[-75.4912,41.24241],[-75.4883,41.24251],[-75.4854,41.24311],[-75.4843,41.24581],[-75.4822,41.24681],[-75.4789,41.24691],[-75.4761,41.24521],[-75.4733,41.24441],[-75.4695,41.24481],[-75.4679,41.24771],[-75.46539,41.24771],[-75.4623,41.24691],[-75.4573,41.25281],[-75.4544,41.25411],[-75.4507,41.25321],[-75.4474,41.25441],[-75.4436,41.25721],[-75.4413,41.25861],[-75.4436,41.30391],[-75.4471,41.36421],[-75.4488,41.40351],[-75.45219,41.46771],[-75.45229,41.47601],[-75.45409,41.50221],[-75.4546,41.50601],[-75.4553,41.52111],[-75.4573,41.54681],[-75.45869,41.57321],[-75.4593,41.58771],[-75.4611,41.61761],[-75.4614,41.62001],[-75.46239,41.64161],[-75.0702,41.60171]]]}},{"type":"Feature","properties":{"state":"PA","zone":"040","cwa":"BGM","name":"Northern Wayne","state_zone":"PA040"},"geometry":{"type":"Polygon","coordinates":[[[-75.1411,41.85251],[-75.1347,41.84801],[-75.13129,41.84531],[-75.1279,41.84491],[-75.1208,41.84591],[-75.1179,41.84571],[-75.1156,41.84461],[-75.114,41.84301],[-75.1133,41.84011],[-75.1134,41.83641],[-75.115,41.82961],[-75.1152,41.82731],[-75.11449,41.82511],[-75.1134,41.82311],[-75.1112,41.82191],[-75.10799,41.82111],[-75.1017,41.81901],[-75.09959,41.81801],[-75.0973,41.81581],[-75.0935,41.81341],[-75.0899,41.81181],[-75.0859,41.81171],[-75.0803,41.81461],[-75.0771,41.81521],[-75.0737,41.81491],[-75.072,41.81281],[-75.072,41.80921],[-75.0741,41.80291],[-75.0757,41.79971],[-75.0776,41.79801],[-75.08199,41.79671],[-75.0869,41.79731],[-75.0907,41.79711],[-75.09399,41.79521],[-75.09689,41.79191],[-75.1,41.78961],[-75.1019,41.78721],[-75.1032,41.78311],[-75.104,41.77901],[-75.1045,41.77351],[-75.10349,41.77121],[-75.1009,41.76921],[-75.0964,41.76851],[-75.0928,41.76831],[-75.089,41.76901],[-75.0807,41.77091],[-75.0761,41.77141],[-75.0742,41.77051],[-75.0727,41.76901],[-75.0693,41.76751],[-75.06519,41.76661],[-75.0611,41.76471],[-75.0581,41.76041],[-75.056,41.75621],[-75.0543,41.75401],[-75.0532,41.75071],[-75.0528,41.74451],[-75.0547,41.73581],[-75.0541,41.72961],[-75.0535,41.72711],[-75.0517,41.72061],[-75.0499,41.71611],[-75.0509,41.71221],[-75.0547,41.71171],[-75.0612,41.71291],[-75.0659,41.71261],[-75.0686,41.70871],[-75.0673,41.70551],[-75.0598,41.69971],[-75.05669,41.69571],[-75.0533,41.68971],[-75.0517,41.68391],[-75.0514,41.68011],[-75.0527,41.67841],[-75.0591,41.67281],[-75.0578,41.66931],[-75.0542,41.66801],[-75.0508,41.66381],[-75.0497,41.66181],[-75.0488,41.65751],[-75.0489,41.64851],[-75.04819,41.64471],[-75.049,41.64021],[-75.04839,41.63291],[-75.0443,41.62491],[-75.044,41.62191],[-75.0444,41.61841],[-75.0463,41.61601],[-75.0487,41.61621],[-75.0523,41.61821],[-75.05679,41.61841],[-75.0611,41.61661],[-75.0608,41.61381],[-75.0601,41.61111],[-75.0625,41.60971],[-75.0684,41.61011],[-75.0723,41.60921],[-75.0747,41.60691],[-75.07339,41.60461],[-75.0702,41.60171],[-75.46239,41.64161],[-75.4627,41.64911],[-75.46609,41.70451],[-75.4673,41.72701],[-75.4702,41.77311],[-75.4741,41.84571],[-75.47449,41.85201],[-75.4769,41.88001],[-75.478,41.90211],[-75.4787,41.92051],[-75.47919,41.92771],[-75.4806,41.95791],[-75.4824,41.98611],[-75.4835,41.99921],[-75.4771,41.99941],[-75.4427,41.99921],[-75.432,41.99941],[-75.3796,41.99921],[-75.3606,41.99971],[-75.35349,41.99711],[-75.3494,41.99591],[-75.3466,41.99531],[-75.3417,41.99311],[-75.339,41.98881],[-75.3377,41.98561],[-75.341,41.97671],[-75.3423,41.97361],[-75.34019,41.97141],[-75.3364,41.97041],[-75.3284,41.96761],[-75.326,41.96471],[-75.3231,41.96241],[-75.32,41.96091],[-75.3176,41.95381],[-75.3116,41.94961],[-75.30679,41.94901],[-75.304,41.94821],[-75.3014,41.94871],[-75.3017,41.95221],[-75.2995,41.95421],[-75.2959,41.95481],[-75.2931,41.95431],[-75.2915,41.95191],[-75.29179,41.94811],[-75.2902,41.94401],[-75.2858,41.94211],[-75.2826,41.94041],[-75.28069,41.93961],[-75.2791,41.93861],[-75.2784,41.93581],[-75.2772,41.93311],[-75.27699,41.92971],[-75.2765,41.92671],[-75.2766,41.92291],[-75.2754,41.91961],[-75.2727,41.91541],[-75.2697,41.91141],[-75.2678,41.90771],[-75.26759,41.90331],[-75.2728,41.89711],[-75.2726,41.89321],[-75.2715,41.88831],[-75.2678,41.88601],[-75.2618,41.88451],[-75.2587,41.88011],[-75.2579,41.87601],[-75.2605,41.87391],[-75.26369,41.87071],[-75.26369,41.86811],[-75.2623,41.86561],[-75.2605,41.86381],[-75.25819,41.86241],[-75.2529,41.86201],[-75.2504,41.86231],[-75.2475,41.86371],[-75.245,41.86561],[-75.2417,41.86701],[-75.23869,41.86571],[-75.2336,41.86091],[-75.23009,41.85931],[-75.2263,41.85781],[-75.2229,41.85811],[-75.2204,41.86021],[-75.2157,41.86671],[-75.2137,41.86781],[-75.2103,41.86901],[-75.2081,41.86951],[-75.2035,41.86961],[-75.1977,41.86871],[-75.1935,41.86681],[-75.19119,41.86491],[-75.1895,41.86191],[-75.1861,41.86011],[-75.1827,41.86181],[-75.18069,41.86511],[-75.1797,41.86861],[-75.1763,41.87221],[-75.17249,41.87221],[-75.16969,41.87081],[-75.1683,41.86791],[-75.1684,41.86421],[-75.1688,41.86101],[-75.1684,41.85821],[-75.1665,41.85481],[-75.1645,41.85191],[-75.1618,41.85001],[-75.159,41.84901],[-75.1562,41.84841],[-75.15269,41.84861],[-75.1497,41.84961],[-75.14429,41.85181],[-75.1411,41.85251]]]}},{"type":"Feature","properties":{"state":"PA","zone":"002","cwa":"CLE","name":"Southern Erie","state_zone":"PA002"},"geometry":{"type":"Polygon","coordinates":[[[-79.7612,41.99941],[-79.75249,41.99911],[-79.64909,41.99931],[-79.625,41.99911],[-79.60999,41.99881],[-79.61079,41.96881],[-79.6111,41.93571],[-79.6112,41.89921],[-79.6114,41.88591],[-79.612,41.87481],[-79.6121,41.85001],[-79.65569,41.85101],[-79.658,41.85131],[-79.6824,41.85171],[-79.69939,41.85151],[-79.7046,41.85121],[-79.7207,41.85121],[-79.75079,41.85081],[-79.8257,41.85091],[-79.88689,41.85081],[-80.0079,41.85041],[-80.048,41.84991],[-80.05389,41.85021],[-80.0705,41.84941],[-80.0881,41.85001],[-80.1026,41.84961],[-80.1068,41.84971],[-80.12479,41.84951],[-80.1288,41.84961],[-80.2065,41.84941],[-80.36169,41.84951],[-80.4796,41.84981],[-80.49889,41.84961],[-80.51939,41.84911],[-80.51929,41.92961],[-80.3874,41.97481],[-80.30679,42.00491],[-79.8549,42.17961],[-79.76199,42.21861],[-79.7618,42.15531],[-79.76189,42.15051],[-79.7621,42.14801],[-79.76199,42.14241],[-79.7621,42.12941],[-79.7617,42.11901],[-79.7618,42.01961],[-79.7612,41.99941]]]}},{"type":"Feature","properties":{"state":"PA","zone":"045","cwa":"CTP","name":"Southern Clinton","state_zone":"PA045"},"geometry":{"type":"Polygon","coordinates":[[[-77.1441,41.06811],[-77.1437,41.04651],[-77.1438,41.04321],[-77.1533,41.04091],[-77.16689,41.03711],[-77.2137,41.02371],[-77.2757,41.00631],[-77.2933,41.00121],[-77.3163,40.99501],[-77.32079,40.99361],[-77.34029,40.98811],[-77.369,40.98321],[-77.3903,40.97991],[-77.4157,40.97761],[-77.4352,40.97561],[-77.44379,40.97431],[-77.49969,40.96421],[-77.5088,40.96271],[-77.5235,40.98001],[-77.5477,41.00901],[-77.5787,41.04551],[-77.5784,41.04831],[-77.5747,41.05011],[-77.5629,41.05701],[-77.5648,41.06141],[-77.5683,41.06531],[-77.5741,41.06851],[-77.57629,41.06851],[-77.58179,41.06741],[-77.5834,41.06971],[-77.5861,41.07061],[-77.5908,41.07171],[-77.59209,41.07501],[-77.59499,41.07751],[-77.5975,41.07901],[-77.6009,41.08061],[-77.604,41.08141],[-77.6096,41.08411],[-77.61259,41.08591],[-77.61629,41.08761],[-77.6199,41.08901],[-77.62189,41.09111],[-77.3223,41.21601],[-77.3204,41.21831],[-77.31609,41.21501],[-77.313,41.21241],[-77.3073,41.20871],[-77.3034,41.20521],[-77.2996,41.20151],[-77.2969,41.19971],[-77.2942,41.19851],[-77.29189,41.19681],[-77.2915,41.19411],[-77.2934,41.19051],[-77.292,41.18561],[-77.28899,41.18331],[-77.2868,41.18271],[-77.2838,41.18271],[-77.27789,41.18071],[-77.2756,41.17911],[-77.27299,41.17591],[-77.27119,41.17181],[-77.2622,41.16241],[-77.24969,41.15091],[-77.23859,41.14001],[-77.2225,41.12491],[-77.1643,41.06871],[-77.15079,41.06881],[-77.1441,41.06811]]]}},{"type":"Feature","properties":{"state":"PA","zone":"012","cwa":"CTP","name":"Northern Clinton","state_zone":"PA012"},"geometry":{"type":"Polygon","coordinates":[[[-77.3204,41.21831],[-77.3223,41.21601],[-77.62189,41.09111],[-77.6243,41.09201],[-77.63,41.09371],[-77.6335,41.09501],[-77.6364,41.09531],[-77.6405,41.09681],[-77.6449,41.09751],[-77.6494,41.09781],[-77.6542,41.09891],[-77.65749,41.10031],[-77.6595,41.10201],[-77.6605,41.10581],[-77.6636,41.10871],[-77.6674,41.10811],[-77.6717,41.10561],[-77.6764,41.10681],[-77.6802,41.10871],[-77.6842,41.10931],[-77.68629,41.10841],[-77.6893,41.10681],[-77.69309,41.10671],[-77.6961,41.10791],[-77.7054,41.11351],[-77.7114,41.11081],[-77.7128,41.10781],[-77.7149,41.10561],[-77.7186,41.10501],[-77.7216,41.10601],[-77.7243,41.10771],[-77.7263,41.11061],[-77.72929,41.11111],[-77.7324,41.11051],[-77.7351,41.10911],[-77.7384,41.10781],[-77.74319,41.10751],[-77.74599,41.10661],[-77.7504,41.11151],[-77.7568,41.11951],[-77.76839,41.13461],[-77.7709,41.13811],[-77.7735,41.14121],[-77.7757,41.14431],[-77.778,41.14651],[-77.78169,41.14501],[-77.78889,41.14241],[-77.7895,41.14641],[-77.7897,41.17431],[-77.7896,41.17721],[-77.87469,41.17701],[-77.87859,41.17681],[-77.8875,41.17691],[-77.89739,41.17761],[-77.89729,41.18231],[-77.8975,41.19191],[-77.8974,41.19841],[-77.8977,41.24301],[-77.8978,41.24711],[-77.8988,41.25121],[-77.9069,41.24551],[-77.91209,41.24231],[-77.91689,41.23541],[-77.91879,41.23161],[-77.9209,41.22841],[-77.9241,41.22641],[-77.9269,41.22621],[-77.93169,41.22651],[-77.93449,41.22641],[-77.937,41.22551],[-77.9387,41.22331],[-77.939,41.22091],[-77.93549,41.21421],[-77.9366,41.21081],[-77.9406,41.20961],[-77.9444,41.21081],[-77.94939,41.21321],[-77.953,41.21581],[-77.9556,41.21731],[-77.95959,41.21711],[-77.9622,41.21501],[-77.9647,41.21061],[-77.9712,41.20641],[-77.973,41.20381],[-77.97359,41.18921],[-77.97079,41.17841],[-77.9716,41.17441],[-77.97839,41.17181],[-77.9817,41.17131],[-77.9846,41.16961],[-77.9873,41.16331],[-77.99059,41.16201],[-77.9958,41.16321],[-77.9985,41.16311],[-78.001,41.16101],[-78.00159,41.15851],[-78.0003,41.15091],[-78.00079,41.14831],[-78.0027,41.14571],[-78.00529,41.14391],[-78.0079,41.14331],[-78.01019,41.14371],[-78.0125,41.14641],[-78.01369,41.14951],[-78.015,41.15181],[-78.0179,41.15301],[-78.0208,41.15251],[-78.02399,41.15121],[-78.02689,41.15041],[-78.0292,41.15061],[-78.03519,41.15351],[-78.0386,41.15361],[-78.04089,41.15611],[-78.0609,41.17451],[-78.06779,41.18331],[-78.0935,41.21691],[-78.0759,41.24181],[-78.06889,41.25221],[-78.06239,41.26101],[-78.05219,41.27571],[-78.0489,41.28081],[-78.0432,41.28841],[-78.0133,41.33101],[-78.0079,41.33941],[-78.00549,41.34261],[-77.9888,41.36741],[-77.98849,41.37611],[-77.98849,41.38861],[-77.98879,41.44131],[-77.9892,41.47481],[-77.9518,41.47561],[-77.9217,41.47591],[-77.9107,41.47581],[-77.8613,41.47621],[-77.8424,41.47671],[-77.8325,41.47681],[-77.8285,41.47701],[-77.81599,41.47701],[-77.8089,41.47721],[-77.78059,41.47731],[-77.7723,41.47751],[-77.7614,41.47741],[-77.75069,41.47761],[-77.7418,41.47751],[-77.6709,41.47801],[-77.6663,41.47821],[-77.6548,41.47811],[-77.5981,41.47861],[-77.5975,41.44671],[-77.59679,41.44231],[-77.5919,41.44111],[-77.5888,41.44121],[-77.58379,41.44011],[-77.5816,41.43761],[-77.58019,41.43471],[-77.5787,41.43061],[-77.57619,41.42271],[-77.5746,41.41991],[-77.57169,41.41651],[-77.5682,41.41381],[-77.5647,41.41271],[-77.5599,41.40751],[-77.54919,41.39391],[-77.54449,41.38611],[-77.5421,41.38171],[-77.5405,41.37081],[-77.5397,41.36731],[-77.5368,41.36431],[-77.53339,41.36221],[-77.5272,41.35891],[-77.5217,41.35731],[-77.5171,41.35611],[-77.5099,41.35511],[-77.50459,41.35461],[-77.5005,41.35391],[-77.49319,41.35011],[-77.4893,41.34781],[-77.4845,41.34451],[-77.48119,41.34171],[-77.47749,41.33951],[-77.47479,41.33591],[-77.47459,41.33241],[-77.4748,41.32551],[-77.4735,41.32131],[-77.4726,41.31671],[-77.4711,41.31321],[-77.4667,41.30951],[-77.46069,41.30631],[-77.45589,41.30421],[-77.4527,41.29981],[-77.451,41.29511],[-77.45,41.29321],[-77.4459,41.28821],[-77.4437,41.28681],[-77.43999,41.28551],[-77.43439,41.28451],[-77.43089,41.28321],[-77.4284,41.28091],[-77.42709,41.27861],[-77.4253,41.27391],[-77.42229,41.27171],[-77.4162,41.26991],[-77.4119,41.26721],[-77.40649,41.26221],[-77.40469,41.25881],[-77.40089,41.25451],[-77.3978,41.25211],[-77.3893,41.24671],[-77.3835,41.24201],[-77.3782,41.23851],[-77.37479,41.23671],[-77.3696,41.23331],[-77.3657,41.23271],[-77.3633,41.23341],[-77.36089,41.23271],[-77.35789,41.23071],[-77.3536,41.23021],[-77.3499,41.22831],[-77.349,41.22381],[-77.351,41.22041],[-77.3471,41.22031],[-77.34389,41.22061],[-77.3349,41.22051],[-77.3321,41.21971],[-77.3294,41.21991],[-77.32629,41.21951],[-77.3204,41.21831]]]}},{"type":"Feature","properties":{"state":"PA","zone":"062","cwa":"PHI","name":"Northampton","state_zone":"PA062"},"geometry":{"type":"Polygon","coordinates":[[[-75.19669,40.60831],[-75.1988,40.60771],[-75.2141,40.60121],[-75.2315,40.59321],[-75.23959,40.59021],[-75.24339,40.58811],[-75.2459,40.58701],[-75.24879,40.58601],[-75.25249,40.58411],[-75.2579,40.58211],[-75.2682,40.57701],[-75.2819,40.56911],[-75.2934,40.56231],[-75.3019,40.55701],[-75.30849,40.55321],[-75.3317,40.53821],[-75.3341,40.53691],[-75.35159,40.54831],[-75.3596,40.55341],[-75.3629,40.55531],[-75.3687,40.55921],[-75.379,40.56551],[-75.3911,40.57321],[-75.3987,40.57771],[-75.40379,40.58111],[-75.4026,40.58331],[-75.3938,40.59451],[-75.3918,40.59781],[-75.3909,40.60031],[-75.3896,40.61051],[-75.389,40.61341],[-75.3847,40.61491],[-75.37849,40.61531],[-75.3761,40.61631],[-75.3793,40.61731],[-75.38339,40.61831],[-75.3844,40.62071],[-75.3838,40.62331],[-75.38499,40.62511],[-75.3884,40.62821],[-75.3877,40.63301],[-75.392,40.63371],[-75.4032,40.64311],[-75.4045,40.64451],[-75.4061,40.64581],[-75.4138,40.65321],[-75.4182,40.65781],[-75.42059,40.65971],[-75.42889,40.66781],[-75.4303,40.67241],[-75.4452,40.66871],[-75.4601,40.66301],[-75.4807,40.65601],[-75.4837,40.66031],[-75.4838,40.66811],[-75.4854,40.67201],[-75.4873,40.67451],[-75.4901,40.67661],[-75.4959,40.67791],[-75.499,40.68181],[-75.5033,40.69011],[-75.5105,40.69511],[-75.51559,40.70231],[-75.5226,40.71351],[-75.5256,40.72101],[-75.52599,40.72981],[-75.5265,40.73321],[-75.5284,40.73531],[-75.5312,40.73671],[-75.5359,40.73761],[-75.5394,40.73681],[-75.54089,40.73411],[-75.5413,40.73071],[-75.5421,40.72771],[-75.5441,40.72541],[-75.5472,40.72351],[-75.5533,40.72131],[-75.5574,40.72101],[-75.56129,40.72191],[-75.5637,40.72321],[-75.5672,40.72551],[-75.5693,40.72861],[-75.5711,40.73281],[-75.574,40.73491],[-75.57619,40.73551],[-75.5794,40.73531],[-75.585,40.73421],[-75.5889,40.73421],[-75.5919,40.73561],[-75.5937,40.73811],[-75.59669,40.74371],[-75.5989,40.74611],[-75.6012,40.74901],[-75.603,40.75431],[-75.60339,40.75791],[-75.6028,40.76231],[-75.6027,40.76511],[-75.6039,40.76821],[-75.6063,40.77221],[-75.6049,40.77561],[-75.6049,40.77831],[-75.606,40.78201],[-75.6084,40.78751],[-75.60259,40.78811],[-75.5984,40.79011],[-75.5954,40.79331],[-75.58549,40.79691],[-75.5776,40.79941],[-75.5739,40.79931],[-75.56499,40.80111],[-75.5575,40.80131],[-75.55119,40.80471],[-75.5415,40.80691],[-75.5284,40.80671],[-75.519,40.80891],[-75.508,40.80911],[-75.4958,40.81111],[-75.4853,40.81251],[-75.4785,40.81311],[-75.4742,40.81481],[-75.458,40.81771],[-75.4555,40.81801],[-75.44199,40.81851],[-75.43909,40.81901],[-75.42039,40.82331],[-75.417,40.82591],[-75.4137,40.82641],[-75.3877,40.82941],[-75.38419,40.83041],[-75.3791,40.83251],[-75.3391,40.84641],[-75.3196,40.85591],[-75.3022,40.85921],[-75.2947,40.86231],[-75.29169,40.86381],[-75.2878,40.86401],[-75.28429,40.86581],[-75.2795,40.86991],[-75.2733,40.87331],[-75.26749,40.88201],[-75.2496,40.89101],[-75.24789,40.89151],[-75.24529,40.89331],[-75.2429,40.89551],[-75.23969,40.89721],[-75.2323,40.89991],[-75.241,40.90941],[-75.2222,40.91941],[-75.2206,40.92311],[-75.2188,40.92651],[-75.2166,40.92901],[-75.2145,40.93081],[-75.21159,40.93211],[-75.2062,40.93391],[-75.1988,40.93581],[-75.19189,40.93681],[-75.1879,40.93721],[-75.184,40.93801],[-75.18,40.93921],[-75.1783,40.94021],[-75.1765,40.94571],[-75.1735,40.94701],[-75.17049,40.94791],[-75.1597,40.94851],[-75.1507,40.94961],[-75.1477,40.95041],[-75.1293,40.95871],[-75.12759,40.96031],[-75.12379,40.96451],[-75.1209,40.96801],[-75.12,40.96601],[-75.12,40.96221],[-75.11909,40.95791],[-75.118,40.95391],[-75.1159,40.95151],[-75.11259,40.94881],[-75.11,40.94581],[-75.10609,40.93911],[-75.10509,40.93581],[-75.1,40.92981],[-75.09769,40.92671],[-75.0955,40.92411],[-75.0881,40.91931],[-75.0835,40.91671],[-75.0786,40.91301],[-75.0769,40.90991],[-75.0761,40.90711],[-75.07529,40.89921],[-75.0756,40.89501],[-75.0739,40.89231],[-75.0703,40.88931],[-75.0648,40.88511],[-75.062,40.88231],[-75.05859,40.87771],[-75.0546,40.87441],[-75.05199,40.87121],[-75.0508,40.86811],[-75.0514,40.86441],[-75.05389,40.85941],[-75.059,40.85601],[-75.0602,40.85361],[-75.06329,40.85041],[-75.06509,40.84801],[-75.0682,40.84751],[-75.07079,40.84751],[-75.0729,40.84861],[-75.076,40.84981],[-75.0882,40.84951],[-75.0916,40.84911],[-75.09419,40.84811],[-75.09599,40.84671],[-75.0974,40.84391],[-75.0976,40.84091],[-75.0966,40.83901],[-75.09489,40.83711],[-75.09229,40.83531],[-75.0896,40.83311],[-75.0871,40.83151],[-75.0844,40.82861],[-75.0839,40.82451],[-75.0896,40.81691],[-75.0952,40.81301],[-75.0982,40.81031],[-75.1003,40.80771],[-75.10049,40.80421],[-75.10049,40.80051],[-75.1021,40.79831],[-75.10519,40.79521],[-75.10789,40.79171],[-75.111,40.79011],[-75.11559,40.78971],[-75.12,40.78821],[-75.12389,40.78601],[-75.1258,40.78411],[-75.1316,40.77571],[-75.1338,40.77391],[-75.1402,40.77381],[-75.1449,40.77451],[-75.1506,40.77511],[-75.15829,40.77741],[-75.16389,40.77851],[-75.1662,40.77871],[-75.16949,40.77851],[-75.17239,40.77701],[-75.1749,40.77391],[-75.1769,40.76871],[-75.1775,40.76431],[-75.17899,40.76191],[-75.1822,40.75981],[-75.1905,40.75651],[-75.19569,40.75261],[-75.1968,40.75011],[-75.1964,40.74761],[-75.1951,40.74541],[-75.1912,40.74181],[-75.1881,40.73971],[-75.18539,40.73691],[-75.183,40.73381],[-75.1824,40.73041],[-75.1842,40.72801],[-75.1861,40.72481],[-75.1859,40.72151],[-75.18739,40.71921],[-75.1903,40.71751],[-75.1926,40.71591],[-75.1944,40.71391],[-75.19569,40.71031],[-75.1983,40.70591],[-75.2028,40.69501],[-75.2034,40.69051],[-75.20139,40.68651],[-75.1969,40.68131],[-75.1917,40.67991],[-75.18269,40.67981],[-75.17889,40.67891],[-75.1772,40.67731],[-75.17699,40.67451],[-75.17799,40.67191],[-75.1815,40.66761],[-75.1834,40.66581],[-75.19009,40.66251],[-75.19209,40.66081],[-75.1959,40.65601],[-75.198,40.65281],[-75.20029,40.64861],[-75.19849,40.64561],[-75.1955,40.64331],[-75.19279,40.64171],[-75.1913,40.63881],[-75.1888,40.62531],[-75.1889,40.62261],[-75.1908,40.62011],[-75.1942,40.61991],[-75.1971,40.61951],[-75.201,40.61761],[-75.2009,40.61421],[-75.19849,40.61141],[-75.19669,40.60831]]]}},{"type":"Feature","properties":{"state":"PA","zone":"101","cwa":"PHI","name":"Western Chester","state_zone":"PA101"},"geometry":{"type":"Polygon","coordinates":[[[-75.658,40.24181],[-75.654,40.24171],[-75.65099,40.24211],[-75.64819,40.24071],[-75.6461,40.24001],[-75.6383,40.23671],[-75.6328,40.23511],[-75.62849,40.23301],[-75.6246,40.23141],[-75.6216,40.23091],[-75.61919,40.22971],[-75.61729,40.22681],[-75.61449,40.22391],[-75.61169,40.22331],[-75.6087,40.22371],[-75.6048,40.22571],[-75.6031,40.22831],[-75.6049,40.23061],[-75.60719,40.23251],[-75.6076,40.23521],[-75.6055,40.23751],[-75.6013,40.23801],[-75.59869,40.23761],[-75.5965,40.23621],[-75.5927,40.22551],[-75.5898,40.22011],[-75.5872,40.21341],[-75.58179,40.20751],[-75.58009,40.20321],[-75.5761,40.19751],[-75.57159,40.19411],[-75.5662,40.19471],[-75.56339,40.19681],[-75.5648,40.20551],[-75.5647,40.20841],[-75.5625,40.20991],[-75.5601,40.20961],[-75.5572,40.20771],[-75.5537,40.20111],[-75.5481,40.18831],[-75.54469,40.18191],[-75.5407,40.17561],[-75.53159,40.17061],[-75.5292,40.16861],[-75.5276,40.16611],[-75.5266,40.15941],[-75.52689,40.15611],[-75.5276,40.15351],[-75.5274,40.15111],[-75.52329,40.14711],[-75.5191,40.14781],[-75.5172,40.15041],[-75.5163,40.15331],[-75.5117,40.15891],[-75.5062,40.16011],[-75.5024,40.15931],[-75.5004,40.15611],[-75.5022,40.15211],[-75.50919,40.14441],[-75.5105,40.14071],[-75.5098,40.13761],[-75.5084,40.13511],[-75.5032,40.13151],[-75.4995,40.12951],[-75.4956,40.12711],[-75.4909,40.12541],[-75.4825,40.12631],[-75.4781,40.12711],[-75.47269,40.12911],[-75.4677,40.12751],[-75.4613,40.12361],[-75.4623,40.11931],[-75.4695,40.11561],[-75.4714,40.11131],[-75.46899,40.10691],[-75.4656,40.10411],[-75.4645,40.10352],[-75.46149,40.10191],[-75.462,40.09821],[-75.45799,40.09491],[-75.46947,40.0906],[-75.4913,40.08494],[-75.51654,40.07813],[-75.54137,40.07239],[-75.55207,40.06976],[-75.60411,40.05346],[-75.61525,40.05319],[-75.62001,40.04842],[-75.63838,40.04274],[-75.65185,40.03889],[-75.66222,40.03561],[-75.67354,40.03235],[-75.69,40.03031],[-75.69908,40.02935],[-75.70741,40.03038],[-75.70778,40.02595],[-75.70935,40.02155],[-75.7053,40.01963],[-75.70148,40.0137],[-75.71674,40.01254],[-75.7171,40.00714],[-75.71974,40.00353],[-75.72704,39.9987],[-75.72081,39.9942],[-75.72631,39.99323],[-75.72969,39.99241],[-75.74179,39.99135],[-75.75567,39.98766],[-75.77108,39.98516],[-75.76898,39.97977],[-75.76662,39.97032],[-75.76666,39.96465],[-75.769,39.95822],[-75.77519,39.95213],[-75.78233,39.92997],[-75.78492,39.92284],[-75.79256,39.91728],[-75.80075,39.92068],[-75.80372,39.92169],[-75.80909,39.92555],[-75.81236,39.92992],[-75.81925,39.93053],[-75.82408,39.92955],[-75.83486,39.92889],[-75.84364,39.92408],[-75.84439,39.91704],[-75.84214,39.90961],[-75.83782,39.90278],[-75.83841,39.89865],[-75.84886,39.89178],[-75.85201,39.88362],[-75.84986,39.8704],[-75.84888,39.86554],[-75.85271,39.85549],[-75.85204,39.85047],[-75.85534,39.85043],[-75.86884,39.84931],[-75.88416,39.84751],[-75.88754,39.8466],[-75.90018,39.84132],[-75.9008,39.84183],[-75.90036,39.83755],[-75.9012,39.83298],[-75.89819,39.82344],[-75.89761,39.81889],[-75.90148,39.81133],[-75.90454,39.80314],[-75.90562,39.79638],[-75.90831,39.78621],[-75.9119,39.7815],[-75.91349,39.77496],[-75.91807,39.76728],[-75.92179,39.76538],[-75.91545,39.75663],[-75.91965,39.7536],[-75.96203,39.73616],[-75.9644,39.7327],[-75.96507,39.72876],[-75.96581,39.72297],[-75.96354,39.72195],[-75.96358,39.72171],[-76.031,39.72191],[-76.0859,39.72151],[-76.12439,39.72151],[-76.1357,39.72221],[-76.1349,39.72631],[-76.1299,39.72761],[-76.1256,39.72691],[-76.1227,39.72391],[-76.1188,39.72421],[-76.119,39.72751],[-76.12019,39.73031],[-76.12009,39.73321],[-76.1197,39.73621],[-76.1171,39.73651],[-76.1144,39.73711],[-76.1112,39.73621],[-76.1092,39.73361],[-76.11009,39.73031],[-76.111,39.72861],[-76.10889,39.72631],[-76.10619,39.72431],[-76.10329,39.72401],[-76.1007,39.72651],[-76.0973,39.72871],[-76.09489,39.73091],[-76.09309,39.73491],[-76.098,39.73801],[-76.101,39.74171],[-76.1002,39.74561],[-76.0955,39.74291],[-76.0928,39.74281],[-76.0909,39.74351],[-76.0889,39.74451],[-76.0862,39.74631],[-76.0844,39.74941],[-76.08289,39.75261],[-76.08479,39.75561],[-76.08389,39.75881],[-76.0811,39.76141],[-76.07719,39.76191],[-76.0741,39.76121],[-76.0715,39.76041],[-76.06789,39.76011],[-76.0646,39.76221],[-76.0629,39.76511],[-76.06409,39.76831],[-76.0645,39.77081],[-76.06039,39.77571],[-76.0589,39.77881],[-76.0547,39.78091],[-76.0514,39.78221],[-76.0496,39.78451],[-76.04919,39.78651],[-76.04829,39.78891],[-76.046,39.79031],[-76.0441,39.79221],[-76.0425,39.79591],[-76.0441,39.79881],[-76.04559,39.80061],[-76.0479,39.80151],[-76.0497,39.80271],[-76.0485,39.80391],[-76.04649,39.80381],[-76.0406,39.80161],[-76.0379,39.80281],[-76.03609,39.80601],[-76.0351,39.81131],[-76.03159,39.81401],[-76.0319,39.81861],[-76.0351,39.82141],[-76.0367,39.82381],[-76.0357,39.82691],[-76.0332,39.82631],[-76.03059,39.82451],[-76.0281,39.82401],[-76.02509,39.82521],[-76.0233,39.82881],[-76.02049,39.83081],[-76.0173,39.83161],[-76.01749,39.83551],[-76.0182,39.83851],[-76.01929,39.84071],[-76.0205,39.84701],[-76.022,39.84961],[-76.0209,39.85211],[-76.0182,39.85381],[-76.00819,39.85211],[-76.00719,39.85391],[-76.00739,39.85631],[-76.00549,39.86691],[-76.00449,39.86901],[-76.0043,39.87181],[-76.00249,39.87411],[-75.9996,39.87431],[-75.9977,39.87271],[-75.9962,39.87081],[-75.9921,39.86941],[-75.99,39.87131],[-75.988,39.87241],[-75.987,39.87461],[-75.9879,39.87691],[-75.99139,39.88201],[-75.99129,39.88631],[-75.9872,39.89341],[-75.9899,39.89641],[-75.99409,39.89891],[-75.9946,39.90191],[-75.99599,39.90481],[-75.99709,39.90901],[-75.9955,39.91211],[-75.9957,39.91471],[-75.99509,39.91731],[-75.9963,39.92021],[-75.9968,39.92801],[-75.9944,39.92741],[-75.99149,39.92761],[-75.98849,39.92971],[-75.98569,39.93121],[-75.98209,39.93031],[-75.98119,39.93321],[-75.9834,39.93671],[-75.9884,39.94071],[-75.9894,39.94391],[-75.99159,39.94691],[-75.9925,39.94981],[-75.99419,39.95301],[-75.9919,39.95581],[-75.98959,39.95981],[-75.98679,39.96341],[-75.9866,39.96731],[-75.9838,39.97181],[-75.9743,39.98481],[-75.9649,39.99731],[-75.95789,40.00741],[-75.9359,40.03821],[-75.9349,40.04121],[-75.9351,40.04891],[-75.93549,40.05461],[-75.93559,40.05961],[-75.9367,40.08131],[-75.9433,40.10751],[-75.9415,40.10921],[-75.9322,40.11331],[-75.9201,40.11851],[-75.8779,40.13521],[-75.8746,40.13721],[-75.8709,40.13871],[-75.86819,40.14051],[-75.8419,40.15641],[-75.79259,40.18771],[-75.7621,40.20741],[-75.738,40.22001],[-75.7345,40.22171],[-75.7314,40.22351],[-75.7009,40.23961],[-75.69659,40.24171],[-75.6942,40.24021],[-75.6912,40.23781],[-75.68539,40.23651],[-75.6812,40.23931],[-75.6745,40.24311],[-75.6716,40.24431],[-75.66859,40.24491],[-75.6651,40.24491],[-75.661,40.24331],[-75.658,40.24181]]]}},{"type":"Feature","properties":{"state":"PA","zone":"001","cwa":"CLE","name":"Northern Erie","state_zone":"PA001"},"geometry":{"type":"MultiPolygon","coordinates":[[[[-80.10298,42.15566],[-80.10345,42.15584],[-80.10337,42.15635],[-80.1028,42.15615],[-80.10272,42.156],[-80.10298,42.15566]]],[[[-80.10502,42.15819],[-80.10455,42.15824],[-80.10443,42.15854],[-80.10419,42.15862],[-80.10398,42.15846],[-80.10397,42.15825],[-80.10458,42.15728],[-80.10461,42.1564],[-80.10495,42.15675],[-80.10548,42.15896],[-80.10533,42.15901],[-80.10502,42.15819]]],[[[-79.762,42.25191],[-79.7621,42.22621],[-79.76199,42.21861],[-79.8549,42.17961],[-80.30679,42.00491],[-80.3874,41.97481],[-80.51929,41.92961],[-80.51929,41.93171],[-80.51939,41.96811],[-80.51909,41.97761],[-80.51652,41.97815],[-80.51505,41.97863],[-80.51029,41.981],[-80.50591,41.98219],[-80.5021,41.98416],[-80.49979,41.98504],[-80.49877,41.9856],[-80.49791,41.98551],[-80.49687,41.98569],[-80.49583,41.98626],[-80.49487,41.98709],[-80.49423,41.98732],[-80.49156,41.98784],[-80.48963,41.98775],[-80.48807,41.98812],[-80.48411,41.98943],[-80.48261,41.99009],[-80.48009,41.99048],[-80.47544,41.99229],[-80.47372,41.99247],[-80.47185,41.99298],[-80.47004,41.99373],[-80.46658,41.99463],[-80.464,41.99566],[-80.46191,41.99604],[-80.45572,41.99801],[-80.45137,41.9997],[-80.45081,42.00006],[-80.45066,42.0004],[-80.45008,42.00051],[-80.44781,42.00172],[-80.44395,42.00277],[-80.43701,42.00584],[-80.43609,42.00586],[-80.43545,42.00561],[-80.43303,42.00582],[-80.43113,42.00623],[-80.42459,42.00815],[-80.42216,42.00927],[-80.42082,42.0097],[-80.41794,42.01041],[-80.41257,42.01133],[-80.40977,42.01158],[-80.40502,42.01309],[-80.403,42.01336],[-80.40063,42.01414],[-80.39919,42.01482],[-80.39361,42.01647],[-80.38925,42.01798],[-80.3883,42.01846],[-80.38612,42.01912],[-80.38416,42.02015],[-80.38032,42.02145],[-80.37835,42.02252],[-80.37749,42.02282],[-80.37639,42.02353],[-80.37402,42.02438],[-80.37353,42.02438],[-80.37306,42.02401],[-80.37504,42.02237],[-80.37496,42.02202],[-80.37429,42.02119],[-80.37113,42.01882],[-80.37009,42.01774],[-80.36895,42.01731],[-80.36821,42.01733],[-80.36766,42.01759],[-80.3676,42.01779],[-80.37002,42.01818],[-80.37199,42.0201],[-80.37325,42.02111],[-80.37401,42.02209],[-80.37398,42.02243],[-80.37365,42.02277],[-80.37263,42.02317],[-80.37218,42.02314],[-80.37202,42.02296],[-80.37177,42.02305],[-80.37165,42.02332],[-80.37135,42.02326],[-80.37113,42.02289],[-80.37162,42.0225],[-80.37168,42.02209],[-80.37122,42.02239],[-80.3703,42.02223],[-80.3707,42.02298],[-80.3707,42.02351],[-80.36969,42.02438],[-80.36972,42.02461],[-80.36993,42.0247],[-80.37022,42.02456],[-80.37083,42.02394],[-80.37187,42.0239],[-80.37095,42.02486],[-80.36908,42.02527],[-80.36745,42.02635],[-80.36325,42.02797],[-80.36089,42.02825],[-80.3597,42.02861],[-80.35801,42.02871],[-80.35494,42.02958],[-80.35122,42.02979],[-80.34917,42.03024],[-80.34822,42.03068],[-80.34684,42.03098],[-80.34512,42.03178],[-80.34322,42.03214],[-80.33978,42.03315],[-80.33874,42.03324],[-80.33775,42.03363],[-80.33653,42.03439],[-80.33447,42.03519],[-80.33089,42.03587],[-80.32367,42.03841],[-80.31947,42.04063],[-80.31889,42.04068],[-80.31772,42.04125],[-80.31474,42.04214],[-80.31256,42.04306],[-80.3118,42.04354],[-80.30848,42.04459],[-80.30596,42.04585],[-80.304,42.04628],[-80.29977,42.04818],[-80.299,42.04827],[-80.29676,42.04908],[-80.29491,42.05001],[-80.29111,42.05232],[-80.28607,42.05429],[-80.28362,42.05502],[-80.27797,42.05719],[-80.27656,42.05756],[-80.27342,42.05891],[-80.27306,42.05893],[-80.27299,42.05907],[-80.26765,42.06048],[-80.26578,42.06124],[-80.26483,42.06179],[-80.26265,42.06348],[-80.26028,42.06458],[-80.25786,42.06606],[-80.24817,42.07055],[-80.24411,42.07279],[-80.24051,42.07599],[-80.24008,42.07653],[-80.24013,42.07697],[-80.23998,42.07695],[-80.23848,42.07492],[-80.23805,42.07477],[-80.23779,42.07486],[-80.23825,42.075],[-80.23862,42.07543],[-80.23929,42.07634],[-80.23947,42.07687],[-80.2392,42.07669],[-80.23878,42.07682],[-80.23656,42.07774],[-80.23619,42.07811],[-80.23511,42.07752],[-80.23389,42.07747],[-80.23379,42.07726],[-80.23048,42.07796],[-80.22729,42.07946],[-80.22359,42.08006],[-80.21729,42.08206],[-80.20918,42.08606],[-80.20458,42.08876],[-80.19839,42.08986],[-80.19358,42.09236],[-80.18808,42.09426],[-80.18308,42.09656],[-80.17448,42.10176],[-80.16588,42.10586],[-80.16508,42.10676],[-80.16088,42.10956],[-80.16068,42.11006],[-80.16018,42.10976],[-80.15848,42.11056],[-80.15688,42.11246],[-80.15648,42.11246],[-80.15408,42.11476],[-80.15202,42.12045],[-80.14947,42.12439],[-80.14113,42.14147],[-80.14055,42.14165],[-80.13965,42.14161],[-80.13621,42.14994],[-80.13347,42.15236],[-80.13043,42.15633],[-80.12851,42.15725],[-80.12727,42.15844],[-80.11737,42.16634],[-80.1144,42.16655],[-80.10833,42.16884],[-80.10511,42.16875],[-80.09608,42.17206],[-80.08851,42.17318],[-80.07739,42.17126],[-80.07357,42.16923],[-80.07338,42.16866],[-80.07966,42.16458],[-80.08003,42.16363],[-80.07898,42.16186],[-80.07538,42.15886],[-80.07198,42.15536],[-80.08036,42.152],[-80.08042,42.15248],[-80.08128,42.15359],[-80.08164,42.15433],[-80.0815,42.15488],[-80.08193,42.15519],[-80.08204,42.1549],[-80.08234,42.15504],[-80.0826,42.1559],[-80.08324,42.15712],[-80.08278,42.15746],[-80.08306,42.15771],[-80.08422,42.15744],[-80.08486,42.15808],[-80.08502,42.15854],[-80.08428,42.15889],[-80.0843,42.15914],[-80.08554,42.15941],[-80.08554,42.15928],[-80.08523,42.15919],[-80.08551,42.15909],[-80.08649,42.15963],[-80.08652,42.15984],[-80.08802,42.16141],[-80.08975,42.16143],[-80.09098,42.16106],[-80.09283,42.1598],[-80.09318,42.1567],[-80.09344,42.15629],[-80.09387,42.15655],[-80.09411,42.157],[-80.09416,42.15749],[-80.09396,42.15805],[-80.09457,42.15859],[-80.09472,42.15892],[-80.09463,42.1597],[-80.09426,42.16005],[-80.09386,42.16142],[-80.09409,42.16167],[-80.09436,42.16146],[-80.0948,42.16141],[-80.0948,42.16086],[-80.09608,42.16086],[-80.09794,42.1606],[-80.09809,42.16063],[-80.09793,42.16138],[-80.09811,42.16157],[-80.09851,42.1615],[-80.09889,42.16167],[-80.09866,42.16005],[-80.09886,42.16001],[-80.09925,42.16004],[-80.09925,42.16019],[-80.09957,42.16031],[-80.09979,42.16076],[-80.09971,42.1612],[-80.10051,42.16164],[-80.10327,42.16163],[-80.10394,42.16146],[-80.10394,42.16136],[-80.10118,42.16072],[-80.0998,42.15994],[-80.09941,42.1596],[-80.09959,42.1592],[-80.09999,42.15915],[-80.10055,42.15987],[-80.10114,42.16011],[-80.1016,42.15998],[-80.1024,42.16021],[-80.10264,42.16007],[-80.10344,42.16043],[-80.10516,42.16071],[-80.10571,42.16056],[-80.10876,42.16057],[-80.109,42.16086],[-80.10937,42.16085],[-80.10921,42.16058],[-80.10983,42.16047],[-80.10978,42.16026],[-80.10484,42.16003],[-80.10132,42.15964],[-80.10049,42.15921],[-80.10039,42.15888],[-80.10235,42.15785],[-80.10225,42.15798],[-80.10244,42.15831],[-80.10213,42.15856],[-80.10192,42.15839],[-80.10173,42.15869],[-80.10179,42.15902],[-80.10226,42.15915],[-80.10263,42.15897],[-80.10283,42.15814],[-80.10324,42.15775],[-80.10313,42.15855],[-80.10328,42.15883],[-80.10473,42.15933],[-80.10556,42.15953],[-80.10617,42.15936],[-80.10582,42.15883],[-80.10626,42.15873],[-80.10715,42.15893],[-80.10471,42.15601],[-80.10411,42.15601],[-80.10383,42.15572],[-80.10363,42.15541],[-80.10434,42.15479],[-80.10604,42.15636],[-80.10637,42.15639],[-80.10681,42.15722],[-80.1076,42.15757],[-80.10793,42.15808],[-80.10847,42.15836],[-80.10861,42.15808],[-80.10818,42.15735],[-80.10831,42.15691],[-80.10855,42.15703],[-80.10887,42.15824],[-80.11123,42.15851],[-80.11132,42.15873],[-80.11106,42.15891],[-80.11145,42.15899],[-80.11132,42.15923],[-80.11148,42.15944],[-80.11386,42.15986],[-80.11433,42.15975],[-80.11488,42.15993],[-80.11621,42.15978],[-80.1163,42.15965],[-80.1137,42.1591],[-80.11283,42.15918],[-80.112,42.15883],[-80.11195,42.15866],[-80.11661,42.15915],[-80.11649,42.15895],[-80.11464,42.15858],[-80.1116,42.15819],[-80.1104,42.15761],[-80.10993,42.15705],[-80.11392,42.15812],[-80.11429,42.15812],[-80.11427,42.1579],[-80.11473,42.15794],[-80.11493,42.15816],[-80.11763,42.15887],[-80.11772,42.15857],[-80.11798,42.15858],[-80.11899,42.15913],[-80.12007,42.15879],[-80.11963,42.15867],[-80.11969,42.15841],[-80.12193,42.15735],[-80.12469,42.15786],[-80.12512,42.15775],[-80.12532,42.15751],[-80.12488,42.15731],[-80.12134,42.15669],[-80.12161,42.15716],[-80.11912,42.15838],[-80.11729,42.1579],[-80.11513,42.15659],[-80.11188,42.15656],[-80.11138,42.15596],[-80.10985,42.15519],[-80.10751,42.15445],[-80.10727,42.15467],[-80.10748,42.1547],[-80.10754,42.15488],[-80.10735,42.15504],[-80.1071,42.1548],[-80.10688,42.15508],[-80.10674,42.15496],[-80.10658,42.15506],[-80.10489,42.15428],[-80.10484,42.15405],[-80.10182,42.15297],[-80.1012,42.15291],[-80.10353,42.15448],[-80.1036,42.1546],[-80.10319,42.15455],[-80.10319,42.15487],[-80.1026,42.1546],[-80.10072,42.15297],[-80.10036,42.15285],[-80.10047,42.15328],[-80.1022,42.15555],[-80.10228,42.15687],[-80.10197,42.15742],[-80.10166,42.15763],[-80.10152,42.15757],[-80.1018,42.1567],[-80.10179,42.15608],[-80.10127,42.15563],[-80.10139,42.15537],[-80.1007,42.1547],[-80.10002,42.15366],[-80.10026,42.15367],[-80.09968,42.15279],[-80.09948,42.15303],[-80.09949,42.15346],[-80.09936,42.15348],[-80.09918,42.15329],[-80.0987,42.15345],[-80.0979,42.15346],[-80.09747,42.15295],[-80.09608,42.15366],[-80.09458,42.15386],[-80.09521,42.15503],[-80.09557,42.15521],[-80.09559,42.15577],[-80.09608,42.15636],[-80.09736,42.15506],[-80.09733,42.15486],[-80.09778,42.15486],[-80.09893,42.15639],[-80.09957,42.15865],[-80.09914,42.15905],[-80.09695,42.15995],[-80.09608,42.16056],[-80.09553,42.16053],[-80.09494,42.1602],[-80.09527,42.15838],[-80.09519,42.15783],[-80.09342,42.15568],[-80.09263,42.15569],[-80.0921,42.15496],[-80.09158,42.15468],[-80.0894,42.15528],[-80.0892,42.15511],[-80.09033,42.1545],[-80.08996,42.15445],[-80.08907,42.15481],[-80.08888,42.15474],[-80.08888,42.15446],[-80.0924,42.15399],[-80.09399,42.15363],[-80.09608,42.15306],[-80.0968,42.15263],[-80.09783,42.15231],[-80.10258,42.15216],[-80.10618,42.1515],[-80.11038,42.15196],[-80.11079,42.15178],[-80.11317,42.15196],[-80.11835,42.15138],[-80.1272,42.14981],[-80.12856,42.14904],[-80.12866,42.14856],[-80.12947,42.14803],[-80.13031,42.14701],[-80.13089,42.14708],[-80.13084,42.14679],[-80.13014,42.14656],[-80.13049,42.14641],[-80.13171,42.1445],[-80.13229,42.14381],[-80.13278,42.14351],[-80.13306,42.14281],[-80.13644,42.14025],[-80.13675,42.14026],[-80.13772,42.13974],[-80.1403,42.1396],[-80.14125,42.13892],[-80.14111,42.13882],[-80.14015,42.13913],[-80.13995,42.13798],[-80.1409,42.13707],[-80.14087,42.13677],[-80.14203,42.13492],[-80.14198,42.13346],[-80.14243,42.13276],[-80.14116,42.13131],[-80.14014,42.13098],[-80.13907,42.12992],[-80.13857,42.13008],[-80.13797,42.12941],[-80.13826,42.12901],[-80.13873,42.12877],[-80.13878,42.12852],[-80.13907,42.12847],[-80.13908,42.12817],[-80.14001,42.12742],[-80.14032,42.12798],[-80.14264,42.12617],[-80.14569,42.12573],[-80.1458,42.12531],[-80.14656,42.12509],[-80.14809,42.12332],[-80.1492,42.12133],[-80.14978,42.11881],[-80.15053,42.11852],[-80.15074,42.11787],[-80.15105,42.11772],[-80.15175,42.11662],[-80.1523,42.11438],[-80.15234,42.11364],[-80.15308,42.11336],[-80.15379,42.11266],[-80.15359,42.11236],[-80.15278,42.11246],[-80.15258,42.11296],[-80.15128,42.11266],[-80.14578,42.11416],[-80.14568,42.11476],[-80.14418,42.11516],[-80.14359,42.11506],[-80.14069,42.11596],[-80.13978,42.11656],[-80.13848,42.11666],[-80.13728,42.11706],[-80.13718,42.11756],[-80.13648,42.11746],[-80.13168,42.11926],[-80.13178,42.12016],[-80.13238,42.12116],[-80.13198,42.12186],[-80.13118,42.12196],[-80.12988,42.12056],[-80.12908,42.12046],[-80.12708,42.12136],[-80.12569,42.12156],[-80.12248,42.12266],[-80.11988,42.12316],[-80.11718,42.12436],[-80.11618,42.12496],[-80.11358,42.12556],[-80.11318,42.12626],[-80.11268,42.12636],[-80.11218,42.12776],[-80.11328,42.12976],[-80.11258,42.12995],[-80.11108,42.12766],[-80.11058,42.12776],[-80.10995,42.12727],[-80.11048,42.13016],[-80.10948,42.13036],[-80.10908,42.12766],[-80.10758,42.12836],[-80.10888,42.13086],[-80.10698,42.13146],[-80.10558,42.12906],[-80.10508,42.12906],[-80.10388,42.12966],[-80.10338,42.12946],[-80.10208,42.13006],[-80.10208,42.13036],[-80.10028,42.13036],[-80.10058,42.13086],[-80.09988,42.13096],[-80.09938,42.13056],[-80.09778,42.13186],[-80.09848,42.13296],[-80.09758,42.13356],[-80.09598,42.13366],[-80.09548,42.13406],[-80.09508,42.13416],[-80.09598,42.13526],[-80.09558,42.13596],[-80.09558,42.13646],[-80.09518,42.13676],[-80.09528,42.13706],[-80.09408,42.13756],[-80.09338,42.13686],[-80.09158,42.13766],[-80.09208,42.13886],[-80.09178,42.13906],[-80.09138,42.13916],[-80.09058,42.13816],[-80.08848,42.13886],[-80.08728,42.14006],[-80.08568,42.13766],[-80.08518,42.13786],[-80.08678,42.14016],[-80.08588,42.14046],[-80.08368,42.13786],[-80.08328,42.13796],[-80.08538,42.14146],[-80.08478,42.14156],[-80.08228,42.13806],[-80.08158,42.13826],[-80.08428,42.14216],[-80.08308,42.14276],[-80.08168,42.14306],[-80.08038,42.14296],[-80.07788,42.13916],[-80.07748,42.13936],[-80.07938,42.14316],[-80.08458,42.14586],[-80.07878,42.15146],[-80.07628,42.14786],[-80.07198,42.14606],[-80.06818,42.14536],[-80.06328,42.14486],[-80.06108,42.14486],[-80.05738,42.14646],[-80.05588,42.14686],[-80.05268,42.14906],[-80.05048,42.14966],[-80.04778,42.15066],[-80.04528,42.15206],[-80.04408,42.15326],[-80.04168,42.15366],[-80.04018,42.15446],[-80.03728,42.15526],[-80.03228,42.15806],[-80.03088,42.15916],[-80.03048,42.16006],[-80.02827,42.15996],[-80.02438,42.16176],[-80.01588,42.16636],[-80.01498,42.16666],[-80.01368,42.16616],[-80.01257,42.16646],[-80.00708,42.16986],[-80.00631,42.16991],[-80.00461,42.1709],[-80.00413,42.17103],[-80.00397,42.17086],[-80.00284,42.17121],[-80.00139,42.17219],[-80.00077,42.1721],[-79.99981,42.17265],[-79.9982,42.17293],[-79.99633,42.17392],[-79.99463,42.17451],[-79.99375,42.17454],[-79.99332,42.17508],[-79.98926,42.17701],[-79.98868,42.1777],[-79.98624,42.17904],[-79.98595,42.17934],[-79.9858,42.17989],[-79.98593,42.18097],[-79.98571,42.18094],[-79.98475,42.17917],[-79.98456,42.17917],[-79.98519,42.18086],[-79.98351,42.18106],[-79.98269,42.18186],[-79.98128,42.18244],[-79.98048,42.18316],[-79.97997,42.18322],[-79.97803,42.18406],[-79.97629,42.18417],[-79.97515,42.18496],[-79.97376,42.18528],[-79.97327,42.1857],[-79.96988,42.18756],[-79.96674,42.18869],[-79.96314,42.19066],[-79.96213,42.19163],[-79.96114,42.1916],[-79.95479,42.19407],[-79.94839,42.19838],[-79.94811,42.19895],[-79.94324,42.20157],[-79.93915,42.20266],[-79.93457,42.20479],[-79.93132,42.20674],[-79.92858,42.20728],[-79.92635,42.20713],[-79.92392,42.20755],[-79.91878,42.21086],[-79.91707,42.21072],[-79.9151,42.21214],[-79.91368,42.21231],[-79.91057,42.21349],[-79.90727,42.21566],[-79.90338,42.21573],[-79.90105,42.2167],[-79.89723,42.21912],[-79.89528,42.21968],[-79.89395,42.22039],[-79.884,42.22627],[-79.88348,42.22684],[-79.87321,42.23209],[-79.87257,42.23207],[-79.87066,42.23102],[-79.86995,42.23082],[-79.86798,42.231],[-79.86546,42.23191],[-79.8629,42.23251],[-79.85998,42.2324],[-79.85865,42.23251],[-79.85382,42.23373],[-79.8521,42.23432],[-79.84936,42.23478],[-79.84759,42.23486],[-79.84466,42.23549],[-79.83922,42.23795],[-79.83591,42.23991],[-79.83308,42.24222],[-79.83264,42.24278],[-79.83234,42.2429],[-79.82911,42.24334],[-79.82668,42.24334],[-79.82557,42.2435],[-79.8232,42.24435],[-79.82135,42.24464],[-79.81855,42.24547],[-79.81482,42.24782],[-79.81371,42.24869],[-79.81347,42.24871],[-79.81338,42.24913],[-79.813,42.24938],[-79.80901,42.25088],[-79.8054,42.25276],[-79.80285,42.25443],[-79.80183,42.25548],[-79.80143,42.25571],[-79.80072,42.25596],[-79.79959,42.25585],[-79.79845,42.25594],[-79.79725,42.25617],[-79.79644,42.25651],[-79.79524,42.25735],[-79.79176,42.25912],[-79.78831,42.26124],[-79.78656,42.26209],[-79.78545,42.26278],[-79.78486,42.26335],[-79.78391,42.26342],[-79.78311,42.26419],[-79.78246,42.26447],[-79.778,42.26566],[-79.77729,42.26552],[-79.77492,42.26458],[-79.77387,42.26458],[-79.77298,42.26483],[-79.77048,42.26595],[-79.7694,42.26618],[-79.76842,42.26673],[-79.76589,42.26764],[-79.7653,42.26833],[-79.76352,42.26947],[-79.76222,42.26982],[-79.762,42.25191]]]]}},{"type":"Feature","properties":{"state":"PA","zone":"076","cwa":"PBZ","name":"Fayette Ridges","state_zone":"PA076"},"geometry":{"type":"Polygon","coordinates":[[[-79.41299,40.10381],[-79.40649,40.10241],[-79.4023,40.10261],[-79.3983,40.09621],[-79.3956,40.09231],[-79.393,40.09031],[-79.3909,40.08921],[-79.379,40.08421],[-79.3734,40.08141],[-79.3677,40.07991],[-79.36349,40.07801],[-79.3611,40.07641],[-79.35809,40.07501],[-79.3557,40.07411],[-79.35429,40.07241],[-79.352,40.06871],[-79.35,40.06431],[-79.3428,40.04631],[-79.34209,40.04351],[-79.339,40.04221],[-79.3354,40.04191],[-79.3284,40.04051],[-79.3251,40.04051],[-79.3221,40.04131],[-79.31619,40.04361],[-79.3138,40.04401],[-79.3112,40.04361],[-79.30569,40.04241],[-79.29379,40.04041],[-79.29549,40.03771],[-79.3007,40.03091],[-79.3027,40.02861],[-79.3131,40.01511],[-79.3255,39.99961],[-79.34389,39.97411],[-79.37299,39.93541],[-79.37479,39.93321],[-79.3987,39.90061],[-79.4143,39.86181],[-79.417,39.85381],[-79.4107,39.85001],[-79.4078,39.84881],[-79.40569,39.84821],[-79.3979,39.84501],[-79.3957,39.84431],[-79.3929,39.84251],[-79.3895,39.83981],[-79.3856,39.83851],[-79.3825,39.83701],[-79.3818,39.83411],[-79.3829,39.82931],[-79.3807,39.82721],[-79.3753,39.82801],[-79.3724,39.82751],[-79.3689,39.82441],[-79.3671,39.82251],[-79.36549,39.81921],[-79.3651,39.81161],[-79.36449,39.80931],[-79.3643,39.80671],[-79.36629,39.80391],[-79.3685,39.80191],[-79.3689,39.79831],[-79.3677,39.79461],[-79.36539,39.79061],[-79.3614,39.78831],[-79.3575,39.78821],[-79.35439,39.78851],[-79.3518,39.78711],[-79.3529,39.78401],[-79.3554,39.78211],[-79.3597,39.78201],[-79.3625,39.78401],[-79.3709,39.78611],[-79.3737,39.78781],[-79.3768,39.78941],[-79.3801,39.78971],[-79.38129,39.78591],[-79.38329,39.78271],[-79.3866,39.78311],[-79.3892,39.78401],[-79.3922,39.78441],[-79.3949,39.78291],[-79.39339,39.77981],[-79.3905,39.77741],[-79.38609,39.77561],[-79.3799,39.77261],[-79.37869,39.76961],[-79.3801,39.76681],[-79.3847,39.76371],[-79.3864,39.76201],[-79.389,39.76141],[-79.3987,39.75801],[-79.3997,39.75521],[-79.3983,39.75251],[-79.3959,39.75021],[-79.39449,39.74791],[-79.3938,39.74451],[-79.39719,39.74281],[-79.4005,39.74271],[-79.40359,39.74301],[-79.4061,39.74261],[-79.40839,39.74161],[-79.40939,39.73951],[-79.4098,39.73731],[-79.40929,39.73461],[-79.4068,39.73381],[-79.40109,39.73401],[-79.39819,39.73361],[-79.3948,39.73371],[-79.3922,39.73211],[-79.39059,39.72991],[-79.38969,39.72771],[-79.38989,39.72481],[-79.3921,39.72191],[-79.402,39.72161],[-79.4315,39.72151],[-79.476,39.72111],[-79.5481,39.72081],[-79.5839,39.72131],[-79.59859,39.72111],[-79.6094,39.72121],[-79.6224,39.72091],[-79.64459,39.72081],[-79.68258,39.7209],[-79.7203,39.72101],[-79.7478,39.72081],[-79.78454,39.72081],[-79.76086,39.75808],[-79.67774,39.86419],[-79.63435,39.94484],[-79.58045,39.98474],[-79.5717,40.00559],[-79.55081,40.02473],[-79.50368,40.09542],[-79.48662,40.13299],[-79.47825,40.1419],[-79.4704,40.13851],[-79.4683,40.13681],[-79.466,40.13611],[-79.4586,40.13551],[-79.4556,40.13421],[-79.45229,40.13221],[-79.4491,40.13071],[-79.4477,40.12951],[-79.44749,40.12631],[-79.44559,40.12361],[-79.4422,40.11961],[-79.4379,40.11591],[-79.4348,40.11471],[-79.4297,40.11341],[-79.4262,40.11211],[-79.423,40.11061],[-79.4172,40.10561],[-79.41299,40.10381]]]}},{"type":"Feature","properties":{"state":"PA","zone":"074","cwa":"PBZ","name":"Westmoreland Ridges","state_zone":"PA074"},"geometry":{"type":"Polygon","coordinates":[[[-78.97469,40.39601],[-78.98209,40.38341],[-78.9968,40.35941],[-78.9996,40.35561],[-79.0032,40.35271],[-79.0051,40.35181],[-79.007,40.34981],[-79.0079,40.34701],[-79.0102,40.34411],[-79.0097,40.34061],[-79.0164,40.33861],[-79.02039,40.33511],[-79.0228,40.33031],[-79.0235,40.32821],[-79.0256,40.32581],[-79.02879,40.32381],[-79.0309,40.32131],[-79.0311,40.31841],[-79.0345,40.31611],[-79.03729,40.31371],[-79.03619,40.31081],[-79.03709,40.30811],[-79.04089,40.30331],[-79.0453,40.29971],[-79.0463,40.29641],[-79.04929,40.29381],[-79.05099,40.29021],[-79.0544,40.28921],[-79.0559,40.28531],[-79.057,40.27831],[-79.0591,40.27611],[-79.0654,40.27371],[-79.06799,40.27251],[-79.0737,40.26521],[-79.0756,40.26231],[-79.0784,40.25861],[-79.07809,40.25481],[-79.07809,40.25261],[-79.0795,40.25071],[-79.0824,40.24991],[-79.08559,40.24601],[-79.08649,40.24301],[-79.0886,40.24131],[-79.0917,40.23981],[-79.0947,40.23651],[-79.0957,40.23321],[-79.1008,40.23151],[-79.09859,40.22871],[-79.0991,40.22581],[-79.1011,40.22331],[-79.103,40.21961],[-79.1047,40.21701],[-79.10789,40.21731],[-79.10699,40.21451],[-79.10789,40.21301],[-79.1102,40.21161],[-79.1131,40.21101],[-79.114,40.20821],[-79.1144,40.20541],[-79.1166,40.20381],[-79.1197,40.20331],[-79.1222,40.20241],[-79.1256,40.20011],[-79.1253,40.19741],[-79.1244,40.19511],[-79.1241,40.19261],[-79.1259,40.19061],[-79.1272,40.18811],[-79.12669,40.18451],[-79.1302,40.18071],[-79.1353,40.17871],[-79.1405,40.18001],[-79.143,40.17891],[-79.14159,40.17531],[-79.1413,40.17171],[-79.1401,40.16461],[-79.142,40.16301],[-79.1494,40.16061],[-79.1534,40.16081],[-79.1568,40.16051],[-79.161,40.16051],[-79.1607,40.15731],[-79.1625,40.15391],[-79.1626,40.14811],[-79.16309,40.14571],[-79.1629,40.14171],[-79.1656,40.13891],[-79.1663,40.13521],[-79.1674,40.13161],[-79.16769,40.12881],[-79.16969,40.12711],[-79.1722,40.12591],[-79.1731,40.12281],[-79.1755,40.11971],[-79.1786,40.11751],[-79.18079,40.11561],[-79.1822,40.11331],[-79.1832,40.11111],[-79.1861,40.10971],[-79.1906,40.10981],[-79.1946,40.11251],[-79.19659,40.11501],[-79.197,40.11811],[-79.2001,40.11831],[-79.2029,40.11621],[-79.2057,40.11671],[-79.2108,40.11871],[-79.2145,40.11731],[-79.2167,40.11501],[-79.2201,40.11301],[-79.22179,40.10881],[-79.222,40.10631],[-79.2226,40.10421],[-79.2241,40.10241],[-79.2261,40.09961],[-79.2289,40.09781],[-79.2382,40.09571],[-79.2403,40.09371],[-79.24329,40.09261],[-79.2468,40.09351],[-79.2521,40.09071],[-79.2561,40.08781],[-79.2571,40.08591],[-79.2588,40.08021],[-79.26109,40.07921],[-79.2641,40.07871],[-79.2655,40.07731],[-79.2674,40.07451],[-79.2679,40.07161],[-79.26759,40.06861],[-79.2706,40.06461],[-79.2727,40.06221],[-79.2763,40.05861],[-79.2785,40.05581],[-79.2888,40.04581],[-79.29379,40.04041],[-79.30569,40.04241],[-79.3112,40.04361],[-79.3138,40.04401],[-79.31619,40.04361],[-79.3221,40.04131],[-79.3251,40.04051],[-79.3284,40.04051],[-79.3354,40.04191],[-79.339,40.04221],[-79.34209,40.04351],[-79.3428,40.04631],[-79.35,40.06431],[-79.352,40.06871],[-79.35429,40.07241],[-79.3557,40.07411],[-79.35809,40.07501],[-79.3611,40.07641],[-79.36349,40.07801],[-79.3677,40.07991],[-79.3734,40.08141],[-79.379,40.08421],[-79.3909,40.08921],[-79.393,40.09031],[-79.3956,40.09231],[-79.3983,40.09621],[-79.4023,40.10261],[-79.40649,40.10241],[-79.41299,40.10381],[-79.4172,40.10561],[-79.423,40.11061],[-79.4262,40.11211],[-79.4297,40.11341],[-79.4348,40.11471],[-79.4379,40.11591],[-79.4422,40.11961],[-79.44559,40.12361],[-79.44749,40.12631],[-79.4477,40.12951],[-79.4491,40.13071],[-79.45229,40.13221],[-79.4556,40.13421],[-79.4586,40.13551],[-79.466,40.13611],[-79.4683,40.13681],[-79.4704,40.13851],[-79.47825,40.1419],[-79.3143,40.31888],[-79.29739,40.3167],[-79.20975,40.40906],[-79.20671,40.41547],[-79.2008,40.41121],[-79.19669,40.41221],[-79.1942,40.41411],[-79.1915,40.41511],[-79.1841,40.41381],[-79.17509,40.41131],[-79.1634,40.41051],[-79.15839,40.41171],[-79.15469,40.41131],[-79.1525,40.40941],[-79.15189,40.40731],[-79.1535,40.40051],[-79.1495,40.39801],[-79.1461,40.39781],[-79.1377,40.39861],[-79.13499,40.39831],[-79.1235,40.39511],[-79.11649,40.39391],[-79.1158,40.38931],[-79.118,40.38971],[-79.12119,40.38971],[-79.12579,40.38771],[-79.12859,40.38501],[-79.12849,40.38181],[-79.1281,40.37821],[-79.1273,40.37551],[-79.12469,40.37291],[-79.12109,40.37061],[-79.1148,40.37241],[-79.10979,40.37331],[-79.10419,40.36941],[-79.1008,40.36881],[-79.09679,40.37131],[-79.09499,40.37561],[-79.0923,40.37831],[-79.0901,40.38121],[-79.08739,40.38771],[-79.0821,40.38951],[-79.0795,40.38881],[-79.07629,40.38711],[-79.07359,40.38491],[-79.0695,40.38051],[-79.0648,40.37911],[-79.0599,40.38001],[-79.0573,40.38401],[-79.05109,40.38961],[-79.0477,40.39061],[-79.045,40.39111],[-79.0413,40.39241],[-79.03999,40.39581],[-79.036,40.39631],[-79.03329,40.39881],[-79.0318,40.40241],[-79.02859,40.40571],[-79.03159,40.40821],[-79.0338,40.40931],[-79.03419,40.41211],[-79.03249,40.41741],[-79.03,40.41901],[-79.02679,40.41961],[-79.02129,40.41991],[-79.01769,40.42031],[-79.01189,40.41941],[-79.00919,40.41791],[-78.99599,40.41311],[-78.9907,40.41241],[-78.988,40.41151],[-78.9861,40.40991],[-78.9823,40.40581],[-78.98109,40.40351],[-78.97919,40.40071],[-78.97669,40.39791],[-78.97469,40.39601]]]}},{"type":"Feature","properties":{"state":"PA","zone":"106","cwa":"PHI","name":"Lower Bucks","state_zone":"PA106"},"geometry":{"type":"Polygon","coordinates":[[[-74.9823,40.40431],[-74.973,40.40081],[-74.96889,40.39951],[-74.9655,40.39741],[-74.9638,40.39521],[-74.963,40.39271],[-74.9619,40.39011],[-74.96059,40.38761],[-74.9538,40.37651],[-74.94849,40.36441],[-74.94669,40.35951],[-74.946,40.35671],[-74.9451,40.34881],[-74.9441,40.34411],[-74.9425,40.34181],[-74.9397,40.33811],[-74.9338,40.33371],[-74.9265,40.32931],[-74.9174,40.32251],[-74.9078,40.31681],[-74.90199,40.31561],[-74.8968,40.31521],[-74.89249,40.31351],[-74.8867,40.31011],[-74.8817,40.30651],[-74.86819,40.29531],[-74.8647,40.29071],[-74.85989,40.28361],[-74.8565,40.27751],[-74.85229,40.26851],[-74.8499,40.26451],[-74.848,40.26191],[-74.8466,40.25891],[-74.84209,40.25051],[-74.8363,40.24631],[-74.825,40.24201],[-74.8195,40.23851],[-74.8102,40.23511],[-74.8052,40.23351],[-74.7963,40.22991],[-74.78799,40.22561],[-74.7849,40.22371],[-74.7812,40.22171],[-74.771,40.21521],[-74.7671,40.20831],[-74.7642,40.20371],[-74.76109,40.19961],[-74.75919,40.19621],[-74.7568,40.18931],[-74.7549,40.18611],[-74.75169,40.18361],[-74.7491,40.18241],[-74.74409,40.18111],[-74.7372,40.17771],[-74.7342,40.17491],[-74.7328,40.17331],[-74.72649,40.16591],[-74.7223,40.16071],[-74.7215,40.15801],[-74.7216,40.15391],[-74.7226,40.15011],[-74.7231,40.14711],[-74.7287,40.14331],[-74.7333,40.14081],[-74.7399,40.13591],[-74.7418,40.13491],[-74.7459,40.13431],[-74.7493,40.13471],[-74.7541,40.13471],[-74.7575,40.13441],[-74.7612,40.13331],[-74.7636,40.13231],[-74.76939,40.12911],[-74.77579,40.12531],[-74.7821,40.12091],[-74.7857,40.12041],[-74.78979,40.12071],[-74.8006,40.12291],[-74.8128,40.12691],[-74.8163,40.12771],[-74.8195,40.12741],[-74.8223,40.12671],[-74.8251,40.12461],[-74.8287,40.11961],[-74.8302,40.11711],[-74.83279,40.11171],[-74.8339,40.10711],[-74.8351,40.10391],[-74.838,40.10091],[-74.8407,40.09911],[-74.8434,40.09771],[-74.8516,40.09471],[-74.85529,40.09231],[-74.8578,40.08931],[-74.8603,40.08431],[-74.8632,40.08261],[-74.8802,40.07891],[-74.88779,40.07591],[-74.909,40.07031],[-74.9119,40.06991],[-74.9213,40.07111],[-74.9247,40.07081],[-74.92799,40.06991],[-74.9361,40.06691],[-74.9435,40.06371],[-74.9533,40.05871],[-74.9668,40.05271],[-74.97459,40.04871],[-74.9772,40.05141],[-74.97939,40.05341],[-74.9818,40.05391],[-74.9835,40.05511],[-74.9837,40.05781],[-74.98029,40.06101],[-74.9805,40.06461],[-74.97639,40.06881],[-74.97269,40.07201],[-74.97079,40.07501],[-74.9669,40.07671],[-74.9646,40.07711],[-74.9626,40.07811],[-74.9585,40.08421],[-74.9576,40.08841],[-74.9555,40.09591],[-74.95799,40.09671],[-74.9604,40.09771],[-74.9613,40.09951],[-74.96069,40.10221],[-74.96239,40.10511],[-74.9641,40.10741],[-74.96329,40.11071],[-74.963,40.11391],[-74.9631,40.11651],[-74.9659,40.11801],[-74.9694,40.11711],[-74.9723,40.11951],[-74.976,40.12001],[-74.9789,40.11961],[-74.9822,40.12031],[-74.98309,40.12311],[-74.98489,40.12391],[-74.98769,40.12391],[-74.98969,40.12601],[-74.993,40.12641],[-74.9926,40.12961],[-74.9943,40.13121],[-74.9986,40.12821],[-75.001,40.12951],[-75.00629,40.13301],[-75.0136,40.13711],[-75.0154,40.13741],[-75.0179,40.13971],[-75.0227,40.14251],[-75.0256,40.14441],[-75.0309,40.14731],[-75.03339,40.14901],[-75.0432,40.15461],[-75.0564,40.16261],[-75.0676,40.16911],[-75.071,40.17091],[-75.07639,40.17431],[-75.0844,40.17891],[-75.0871,40.18071],[-75.10439,40.19071],[-75.11259,40.19571],[-75.11559,40.19771],[-75.1224,40.20171],[-75.12479,40.20291],[-75.1385,40.21121],[-75.1433,40.21431],[-75.1469,40.21631],[-75.1645,40.22691],[-75.196,40.24671],[-75.21715,40.25935],[-75.21308,40.2617],[-75.19994,40.27127],[-75.19511,40.27598],[-75.19142,40.28064],[-75.19707,40.29003],[-75.19586,40.29728],[-75.18328,40.30705],[-75.18176,40.31505],[-75.17645,40.31819],[-75.16742,40.32488],[-75.16173,40.3306],[-75.15515,40.33477],[-75.1492,40.33721],[-75.1451,40.33716],[-75.13498,40.3313],[-75.12655,40.32266],[-75.12821,40.33012],[-75.12721,40.33229],[-75.12397,40.33769],[-75.11591,40.3456],[-75.11079,40.3521],[-75.0975,40.36555],[-75.0941,40.36967],[-75.08974,40.37459],[-75.08379,40.37739],[-75.07866,40.38001],[-75.06939,40.38834],[-75.05875,40.39284],[-75.05426,40.40032],[-75.04269,40.4093],[-75.04113,40.41002],[-75.0358,40.40661],[-75.03139,40.40491],[-75.0272,40.40371],[-75.0237,40.40361],[-75.0163,40.40491],[-75.00829,40.40711],[-75.00259,40.40821],[-75.0004,40.40941],[-74.9975,40.41041],[-74.9948,40.41041],[-74.99229,40.40971],[-74.98969,40.40921],[-74.98479,40.40561],[-74.9823,40.40431]]]}},{"type":"Feature","properties":{"state":"PA","zone":"104","cwa":"PHI","name":"Eastern Montgomery","state_zone":"PA104"},"geometry":{"type":"Polygon","coordinates":[[[-75.21715,40.25935],[-75.196,40.24671],[-75.1645,40.22691],[-75.1469,40.21631],[-75.1433,40.21431],[-75.1385,40.21121],[-75.12479,40.20291],[-75.1224,40.20171],[-75.11559,40.19771],[-75.11259,40.19571],[-75.10439,40.19071],[-75.0871,40.18071],[-75.0844,40.17891],[-75.07639,40.17431],[-75.071,40.17091],[-75.0676,40.16911],[-75.0564,40.16261],[-75.0432,40.15461],[-75.03339,40.14901],[-75.0309,40.14731],[-75.0256,40.14441],[-75.0227,40.14251],[-75.0179,40.13971],[-75.0154,40.13741],[-75.0172,40.13551],[-75.02329,40.13021],[-75.0433,40.11611],[-75.05759,40.10631],[-75.061,40.10321],[-75.0653,40.09881],[-75.0714,40.09251],[-75.0761,40.08731],[-75.07829,40.08531],[-75.0816,40.08371],[-75.0844,40.08111],[-75.0895,40.07581],[-75.0917,40.07391],[-75.0934,40.07201],[-75.0955,40.06921],[-75.0924,40.06651],[-75.08929,40.06481],[-75.08859,40.06241],[-75.0929,40.05781],[-75.0961,40.05521],[-75.1027,40.05151],[-75.1045,40.05031],[-75.10809,40.04731],[-75.112,40.04741],[-75.1318,40.05901],[-75.1365,40.06191],[-75.1412,40.06441],[-75.1452,40.06691],[-75.1474,40.06801],[-75.16319,40.07691],[-75.1747,40.08371],[-75.1785,40.08231],[-75.18539,40.07541],[-75.1881,40.07321],[-75.1906,40.07391],[-75.2222,40.09221],[-75.2277,40.08871],[-75.2298,40.08641],[-75.238,40.07851],[-75.2456,40.07091],[-75.25529,40.06171],[-75.2603,40.05771],[-75.26369,40.05411],[-75.25809,40.04791],[-75.2552,40.04571],[-75.25069,40.04311],[-75.24609,40.03871],[-75.2402,40.03361],[-75.2325,40.02851],[-75.2229,40.02311],[-75.21899,40.02121],[-75.21519,40.01841],[-75.21339,40.01651],[-75.21069,40.01451],[-75.20779,40.01291],[-75.2065,40.01071],[-75.2103,40.00841],[-75.2503,39.98991],[-75.2561,39.98691],[-75.2596,39.98451],[-75.2644,39.98201],[-75.2764,39.97691],[-75.2837,39.98701],[-75.29169,39.99551],[-75.2994,40.00541],[-75.3033,40.00991],[-75.3078,40.01461],[-75.3091,40.01661],[-75.31219,40.01931],[-75.31979,40.01681],[-75.323,40.01921],[-75.3266,40.02381],[-75.3285,40.02651],[-75.3343,40.03371],[-75.3361,40.03621],[-75.3376,40.03791],[-75.3451,40.04771],[-75.34679,40.04961],[-75.35059,40.05461],[-75.3526,40.05761],[-75.3565,40.06291],[-75.3592,40.06611],[-75.36349,40.06921],[-75.3662,40.07211],[-75.3703,40.07051],[-75.3734,40.06891],[-75.3812,40.06591],[-75.38709,40.06301],[-75.3913,40.06161],[-75.3959,40.06541],[-75.39989,40.07071],[-75.4014,40.07371],[-75.4032,40.07591],[-75.4069,40.08111],[-75.4107,40.08591],[-75.4124,40.08851],[-75.4143,40.09051],[-75.41869,40.09591],[-75.433,40.09131],[-75.43719,40.08941],[-75.4406,40.09341],[-75.448,40.09091],[-75.4556,40.08751],[-75.4562,40.09311],[-75.45799,40.09491],[-75.462,40.09821],[-75.46149,40.10191],[-75.4645,40.10352],[-75.45744,40.10403],[-75.44747,40.1081],[-75.43704,40.11014],[-75.42856,40.10963],[-75.42259,40.11042],[-75.39575,40.13633],[-75.3842,40.14794],[-75.37282,40.1546],[-75.38365,40.16027],[-75.39312,40.16582],[-75.40879,40.17808],[-75.41191,40.17684],[-75.4059,40.18092],[-75.37303,40.21328],[-75.36437,40.22146],[-75.3558,40.22919],[-75.34276,40.22137],[-75.32837,40.21548],[-75.30696,40.23681],[-75.30264,40.24441],[-75.29965,40.24734],[-75.29316,40.25559],[-75.287,40.26134],[-75.27888,40.25599],[-75.27773,40.2511],[-75.27242,40.24697],[-75.26662,40.25133],[-75.25594,40.26185],[-75.24699,40.27691],[-75.238,40.27151],[-75.2338,40.26931],[-75.2309,40.26731],[-75.21715,40.25935]]]}},{"type":"Feature","properties":{"state":"PA","zone":"102","cwa":"PHI","name":"Eastern Chester","state_zone":"PA102"},"geometry":{"type":"Polygon","coordinates":[[[-75.4143,40.09051],[-75.4124,40.08851],[-75.4107,40.08591],[-75.4069,40.08111],[-75.4032,40.07591],[-75.4014,40.07371],[-75.39989,40.07071],[-75.3959,40.06541],[-75.3913,40.06161],[-75.38709,40.06301],[-75.3812,40.06591],[-75.3734,40.06891],[-75.3703,40.07051],[-75.3662,40.07211],[-75.36349,40.06921],[-75.3592,40.06611],[-75.3737,40.05951],[-75.3875,40.05381],[-75.3911,40.05191],[-75.4097,40.04391],[-75.4135,40.04191],[-75.4126,40.03881],[-75.408,40.03291],[-75.40639,40.03041],[-75.40479,40.02691],[-75.407,40.02551],[-75.4284,40.01051],[-75.4353,40.00611],[-75.43909,40.00341],[-75.44279,40.00111],[-75.4452,39.99931],[-75.448,39.99751],[-75.4516,39.99391],[-75.4432,39.99351],[-75.4404,39.99231],[-75.4376,39.99211],[-75.436,39.98821],[-75.4361,39.98521],[-75.4453,39.98051],[-75.46329,39.97231],[-75.4807,39.96411],[-75.4847,39.96241],[-75.5019,39.95431],[-75.5089,39.95121],[-75.51199,39.94971],[-75.5229,39.94381],[-75.5208,39.94071],[-75.51839,39.93651],[-75.5196,39.93391],[-75.52309,39.93231],[-75.5264,39.93441],[-75.52969,39.93171],[-75.5275,39.92841],[-75.5254,39.92571],[-75.5247,39.92281],[-75.52769,39.92331],[-75.5307,39.92311],[-75.536,39.92991],[-75.5396,39.92851],[-75.5423,39.92691],[-75.5407,39.92471],[-75.54359,39.92301],[-75.5433,39.91901],[-75.549,39.91541],[-75.54759,39.90921],[-75.5555,39.90571],[-75.5591,39.90721],[-75.559,39.90361],[-75.56619,39.89981],[-75.5733,39.89631],[-75.5724,39.89381],[-75.57439,39.89171],[-75.57249,39.88751],[-75.5804,39.88371],[-75.5824,39.88571],[-75.5858,39.88461],[-75.5844,39.88091],[-75.5942,39.87611],[-75.597,39.87441],[-75.59579,39.87161],[-75.5932,39.86851],[-75.5956,39.86601],[-75.5966,39.86311],[-75.59879,39.85991],[-75.601,39.85631],[-75.5985,39.85441],[-75.5953,39.85381],[-75.5925,39.85251],[-75.5938,39.84991],[-75.5947,39.84621],[-75.5963,39.84281],[-75.5975,39.83961],[-75.59617,39.83726],[-75.62033,39.83348],[-75.63813,39.82938],[-75.64223,39.82828],[-75.64963,39.82558],[-75.66283,39.82128],[-75.68053,39.81368],[-75.69143,39.80828],[-75.70113,39.80268],[-75.70993,39.79698],[-75.71623,39.79268],[-75.72173,39.78848],[-75.73223,39.77968],[-75.73553,39.77668],[-75.741,39.77131],[-75.74573,39.76638],[-75.74963,39.76198],[-75.75373,39.75658],[-75.75923,39.74878],[-75.76613,39.73758],[-75.76883,39.73268],[-75.77353,39.72268],[-75.78433,39.72188],[-75.7883,39.7209],[-75.79069,39.72211],[-75.7942,39.72191],[-75.84139,39.72191],[-75.86549,39.72211],[-75.90639,39.72211],[-75.90939,39.72191],[-75.9549,39.72191],[-75.96358,39.72171],[-75.96354,39.72195],[-75.96581,39.72297],[-75.96507,39.72876],[-75.9644,39.7327],[-75.96203,39.73616],[-75.91965,39.7536],[-75.91545,39.75663],[-75.92179,39.76538],[-75.91807,39.76728],[-75.91349,39.77496],[-75.9119,39.7815],[-75.90831,39.78621],[-75.90562,39.79638],[-75.90454,39.80314],[-75.90148,39.81133],[-75.89761,39.81889],[-75.89819,39.82344],[-75.9012,39.83298],[-75.90036,39.83755],[-75.9008,39.84183],[-75.90018,39.84132],[-75.88754,39.8466],[-75.88416,39.84751],[-75.86884,39.84931],[-75.85534,39.85043],[-75.85204,39.85047],[-75.85271,39.85549],[-75.84888,39.86554],[-75.84986,39.8704],[-75.85201,39.88362],[-75.84886,39.89178],[-75.83841,39.89865],[-75.83782,39.90278],[-75.84214,39.90961],[-75.84439,39.91704],[-75.84364,39.92408],[-75.83486,39.92889],[-75.82408,39.92955],[-75.81925,39.93053],[-75.81236,39.92992],[-75.80909,39.92555],[-75.80372,39.92169],[-75.80075,39.92068],[-75.79256,39.91728],[-75.78492,39.92284],[-75.78233,39.92997],[-75.77519,39.95213],[-75.769,39.95822],[-75.76666,39.96465],[-75.76662,39.97032],[-75.76898,39.97977],[-75.77108,39.98516],[-75.75567,39.98766],[-75.74179,39.99135],[-75.72969,39.99241],[-75.72631,39.99323],[-75.72081,39.9942],[-75.72704,39.9987],[-75.71974,40.00353],[-75.7171,40.00714],[-75.71674,40.01254],[-75.70148,40.0137],[-75.7053,40.01963],[-75.70935,40.02155],[-75.70778,40.02595],[-75.70741,40.03038],[-75.69908,40.02935],[-75.69,40.03031],[-75.67354,40.03235],[-75.66222,40.03561],[-75.65185,40.03889],[-75.63838,40.04274],[-75.62001,40.04842],[-75.61525,40.05319],[-75.60411,40.05346],[-75.55207,40.06976],[-75.54137,40.07239],[-75.51654,40.07813],[-75.4913,40.08494],[-75.46947,40.0906],[-75.45799,40.09491],[-75.4562,40.09311],[-75.4556,40.08751],[-75.448,40.09091],[-75.4406,40.09341],[-75.43719,40.08941],[-75.433,40.09131],[-75.41869,40.09591],[-75.4143,40.09051]]]}},{"type":"Feature","properties":{"state":"PA","zone":"078","cwa":"PBZ","name":"Higher Elevations of Indiana","state_zone":"PA078"},"geometry":{"type":"Polygon","coordinates":[[[-79.20673,40.41548],[-79.19494,40.44103],[-79.1904,40.44916],[-79.16451,40.47631],[-79.15849,40.48685],[-79.15228,40.4995],[-79.14709,40.51365],[-79.13236,40.54322],[-79.11742,40.56566],[-79.10772,40.56615],[-79.10182,40.56798],[-79.09867,40.57204],[-79.09772,40.57776],[-79.08574,40.58921],[-79.08068,40.61077],[-79.07296,40.61539],[-79.06261,40.61845],[-79.04682,40.62193],[-79.03898,40.62998],[-79.0288,40.64757],[-79.02238,40.65399],[-79.01675,40.65801],[-79.012,40.6628],[-79.00557,40.66407],[-79.00294,40.66713],[-78.99971,40.66818],[-78.99584,40.66876],[-78.99399,40.66669],[-78.98244,40.65774],[-78.97686,40.65538],[-78.97004,40.65319],[-78.96271,40.65629],[-78.96005,40.66184],[-78.95689,40.66652],[-78.94811,40.6661],[-78.93849,40.667],[-78.92401,40.6713],[-78.91638,40.67159],[-78.90367,40.66822],[-78.89732,40.66758],[-78.89059,40.67092],[-78.8808,40.67512],[-78.86865,40.6819],[-78.86198,40.70226],[-78.85635,40.71162],[-78.84895,40.71471],[-78.83444,40.71268],[-78.80811,40.72059],[-78.8163,40.70351],[-78.8323,40.66711],[-78.83929,40.65081],[-78.84319,40.64321],[-78.85059,40.62701],[-78.8512,40.62511],[-78.85419,40.61791],[-78.8597,40.60561],[-78.87199,40.58121],[-78.897,40.53301],[-78.9101,40.50721],[-78.9137,40.49951],[-78.9404,40.45311],[-78.97469,40.39601],[-78.97669,40.39791],[-78.97919,40.40071],[-78.98109,40.40351],[-78.9823,40.40581],[-78.9861,40.40991],[-78.988,40.41151],[-78.9907,40.41241],[-78.99599,40.41311],[-79.00919,40.41791],[-79.01189,40.41941],[-79.01769,40.42031],[-79.02129,40.41991],[-79.02679,40.41961],[-79.03,40.41901],[-79.03249,40.41741],[-79.03419,40.41211],[-79.0338,40.40931],[-79.03159,40.40821],[-79.02859,40.40571],[-79.0318,40.40241],[-79.03329,40.39881],[-79.036,40.39631],[-79.03999,40.39581],[-79.0413,40.39241],[-79.045,40.39111],[-79.0477,40.39061],[-79.05109,40.38961],[-79.0573,40.38401],[-79.0599,40.38001],[-79.0648,40.37911],[-79.0695,40.38051],[-79.07359,40.38491],[-79.07629,40.38711],[-79.0795,40.38881],[-79.0821,40.38951],[-79.08739,40.38771],[-79.0901,40.38121],[-79.0923,40.37831],[-79.09499,40.37561],[-79.09679,40.37131],[-79.1008,40.36881],[-79.10419,40.36941],[-79.10979,40.37331],[-79.1148,40.37241],[-79.12109,40.37061],[-79.12469,40.37291],[-79.1273,40.37551],[-79.1281,40.37821],[-79.12849,40.38181],[-79.12859,40.38501],[-79.12579,40.38771],[-79.12119,40.38971],[-79.118,40.38971],[-79.1158,40.38931],[-79.11649,40.39391],[-79.1235,40.39511],[-79.13499,40.39831],[-79.1377,40.39861],[-79.1461,40.39781],[-79.1495,40.39801],[-79.1535,40.40051],[-79.15189,40.40731],[-79.1525,40.40941],[-79.15469,40.41131],[-79.15839,40.41171],[-79.1634,40.41051],[-79.17509,40.41131],[-79.1841,40.41381],[-79.1915,40.41511],[-79.1942,40.41411],[-79.19669,40.41221],[-79.2008,40.41121],[-79.20671,40.41547],[-79.20673,40.41548]]]}},{"type":"Feature","properties":{"state":"PA","cwa":"CTP","countyname":"Adams","fips":"42001"},"geometry":{"type":"Polygon","coordinates":[[[-76.9705,39.94121],[-76.9674,39.93561],[-76.96999,39.93671],[-76.9722,39.93431],[-76.9714,39.93171],[-76.9721,39.92541],[-76.9698,39.92211],[-76.9659,39.92191],[-76.9675,39.91911],[-76.9678,39.91581],[-76.972,39.91401],[-76.9733,39.91111],[-76.9796,39.90601],[-76.9838,39.90051],[-76.9825,39.89741],[-76.9838,39.89421],[-76.9822,39.89181],[-76.9805,39.88851],[-76.97739,39.88521],[-76.9779,39.88121],[-76.97459,39.87561],[-76.9726,39.87311],[-76.9678,39.87371],[-76.96349,39.87261],[-76.962,39.86561],[-76.95869,39.86141],[-76.9554,39.85631],[-76.9581,39.85541],[-76.9612,39.85321],[-76.9654,39.85051],[-76.9743,39.84981],[-76.97829,39.84781],[-76.9813,39.84411],[-76.98299,39.84171],[-76.991,39.83431],[-76.9984,39.83171],[-76.9994,39.82701],[-76.9995,39.82381],[-76.9994,39.75371],[-76.99969,39.74761],[-76.9996,39.71991],[-77.006,39.72011],[-77.0471,39.72001],[-77.05849,39.72021],[-77.0665,39.72001],[-77.1554,39.72011],[-77.21709,39.71991],[-77.30579,39.72011],[-77.4594,39.72001],[-77.4604,39.74621],[-77.46069,39.76031],[-77.4622,39.79451],[-77.46259,39.81121],[-77.4629,39.81411],[-77.4632,39.82351],[-77.46449,39.83911],[-77.46519,39.85151],[-77.4656,39.85531],[-77.46799,39.88981],[-77.4698,39.91711],[-77.4704,39.92861],[-77.47079,39.93211],[-77.47079,39.94541],[-77.44769,39.96201],[-77.41859,39.98321],[-77.4026,39.99431],[-77.3977,39.99511],[-77.36009,40.00221],[-77.34679,40.00451],[-77.31599,40.01031],[-77.2831,40.01621],[-77.2762,40.01721],[-77.24619,40.02251],[-77.2417,40.02281],[-77.2327,40.02381],[-77.22919,40.02441],[-77.187,40.02971],[-77.1781,40.03701],[-77.16949,40.04491],[-77.1551,40.05671],[-77.13989,40.06771],[-77.1363,40.06951],[-77.1321,40.06901],[-77.127,40.06801],[-77.1246,40.06661],[-77.1069,40.06001],[-77.10429,40.05821],[-77.1017,40.05711],[-77.0929,40.05401],[-77.0892,40.05161],[-77.0845,40.04661],[-77.0808,40.04311],[-77.078,40.03741],[-77.073,40.03471],[-77.0713,40.03261],[-77.06989,40.03011],[-77.0676,40.02841],[-77.0639,40.02741],[-77.0599,40.02571],[-77.0574,40.02411],[-77.0537,40.02291],[-77.0466,40.02231],[-77.0434,40.02181],[-77.0327,40.01851],[-77.0263,40.01801],[-77.02029,40.01441],[-77.016,40.00961],[-77.0067,39.99461],[-76.99979,39.98421],[-76.9705,39.94121]]]}},{"type":"Feature","properties":{"state":"PA","cwa":"PBZ","countyname":"Allegheny","fips":"42003"},"geometry":{"type":"Polygon","coordinates":[[[-80.1456,40.67441],[-80.1365,40.67401],[-80.1299,40.67431],[-80.12109,40.67431],[-80.1171,40.67411],[-80.1116,40.67421],[-80.06339,40.67401],[-80.0554,40.67411],[-80.0225,40.67361],[-79.9897,40.67361],[-79.96079,40.67231],[-79.9153,40.67321],[-79.869,40.67211],[-79.8517,40.67251],[-79.8445,40.67221],[-79.839,40.67171],[-79.8286,40.67111],[-79.81609,40.67181],[-79.8118,40.67221],[-79.80019,40.67181],[-79.7979,40.67191],[-79.7613,40.67051],[-79.7344,40.66921],[-79.7309,40.66921],[-79.7214,40.66971],[-79.7141,40.66991],[-79.6988,40.66991],[-79.6927,40.66951],[-79.6952,40.66521],[-79.6954,40.66161],[-79.6944,40.65861],[-79.69279,40.65641],[-79.6909,40.65331],[-79.6895,40.65031],[-79.6889,40.64751],[-79.6893,40.64251],[-79.6914,40.63831],[-79.6937,40.63511],[-79.6997,40.62861],[-79.7048,40.62581],[-79.709,40.62311],[-79.7111,40.62171],[-79.7137,40.61951],[-79.7157,40.61671],[-79.71709,40.61341],[-79.7215,40.60791],[-79.73309,40.60321],[-79.7411,40.60071],[-79.75459,40.59711],[-79.7575,40.59601],[-79.76289,40.59341],[-79.7705,40.58571],[-79.7744,40.56981],[-79.77209,40.56361],[-79.7655,40.55021],[-79.7615,40.55051],[-79.7587,40.55021],[-79.7513,40.55131],[-79.7485,40.55091],[-79.74239,40.54851],[-79.7389,40.54941],[-79.7355,40.54891],[-79.7315,40.54551],[-79.7214,40.54091],[-79.7192,40.53791],[-79.71539,40.53371],[-79.7103,40.53221],[-79.7084,40.53091],[-79.70699,40.52821],[-79.7018,40.52501],[-79.70219,40.51871],[-79.7021,40.48961],[-79.70229,40.48691],[-79.7025,40.47621],[-79.7037,40.44931],[-79.7039,40.43841],[-79.7044,40.43131],[-79.7049,40.42681],[-79.70679,40.42371],[-79.71,40.42081],[-79.7123,40.41911],[-79.71519,40.41771],[-79.7168,40.41511],[-79.71899,40.41441],[-79.7222,40.41501],[-79.7272,40.41311],[-79.7242,40.41111],[-79.722,40.40931],[-79.7277,40.40841],[-79.73,40.40781],[-79.73219,40.40011],[-79.7354,40.39901],[-79.7381,40.39851],[-79.73859,40.39581],[-79.7429,40.39691],[-79.74889,40.39131],[-79.75079,40.38881],[-79.754,40.38851],[-79.7607,40.39221],[-79.765,40.38971],[-79.7636,40.38641],[-79.7673,40.38121],[-79.7692,40.37801],[-79.7706,40.37491],[-79.77309,40.36321],[-79.77399,40.35811],[-79.7781,40.34111],[-79.78,40.33201],[-79.7857,40.30891],[-79.7878,40.29831],[-79.77489,40.28771],[-79.7754,40.28561],[-79.77859,40.28251],[-79.783,40.28161],[-79.7878,40.28181],[-79.7921,40.28161],[-79.7959,40.28041],[-79.79659,40.27811],[-79.7958,40.27431],[-79.7944,40.27121],[-79.78809,40.26351],[-79.78889,40.26011],[-79.79539,40.25381],[-79.797,40.25111],[-79.7981,40.24871],[-79.80009,40.24531],[-79.8035,40.24171],[-79.8055,40.24071],[-79.8064,40.23911],[-79.807,40.23711],[-79.80589,40.23341],[-79.7996,40.23081],[-79.78809,40.22841],[-79.7846,40.22741],[-79.78799,40.22561],[-79.7943,40.22341],[-79.8061,40.21931],[-79.8397,40.20831],[-79.85979,40.20121],[-79.86649,40.19771],[-79.8774,40.19711],[-79.8811,40.19671],[-79.8889,40.19491],[-79.8921,40.19441],[-79.8964,40.19451],[-79.9001,40.19511],[-79.91,40.19711],[-79.9138,40.19831],[-79.91679,40.19981],[-79.9241,40.20501],[-79.9276,40.20671],[-79.9371,40.20951],[-79.9402,40.21011],[-79.9442,40.21031],[-79.95,40.21151],[-79.953,40.21241],[-79.9556,40.21361],[-79.9593,40.21591],[-79.962,40.21811],[-79.9658,40.22151],[-79.9697,40.22591],[-79.97079,40.22891],[-79.9707,40.23141],[-79.9696,40.23361],[-79.9678,40.23551],[-79.9649,40.23761],[-79.9594,40.23971],[-79.95599,40.24051],[-79.9519,40.24091],[-79.9423,40.24141],[-79.9352,40.24201],[-79.92999,40.24331],[-79.9274,40.24421],[-79.9238,40.24581],[-79.92039,40.24751],[-79.9182,40.24881],[-79.9155,40.25141],[-79.9182,40.25371],[-79.95699,40.26541],[-79.9632,40.26701],[-79.97079,40.26921],[-79.9846,40.27351],[-80.0224,40.28451],[-80.0332,40.28791],[-80.047,40.29181],[-80.06799,40.29831],[-80.07259,40.29941],[-80.0808,40.30181],[-80.08289,40.30261],[-80.0869,40.30361],[-80.111,40.31061],[-80.1153,40.31211],[-80.14989,40.32241],[-80.182,40.33221],[-80.2011,40.34751],[-80.2288,40.37061],[-80.25919,40.39561],[-80.26399,40.39931],[-80.27689,40.41001],[-80.2864,40.41751],[-80.2916,40.42141],[-80.3143,40.44001],[-80.3511,40.46971],[-80.3615,40.47751],[-80.3582,40.47941],[-80.3243,40.50381],[-80.3044,40.51851],[-80.24609,40.55991],[-80.2333,40.56931],[-80.2269,40.57431],[-80.2242,40.57601],[-80.2223,40.57801],[-80.2194,40.57971],[-80.2177,40.58161],[-80.21359,40.58151],[-80.20969,40.58611],[-80.20679,40.58841],[-80.2009,40.59161],[-80.1946,40.59661],[-80.1879,40.59611],[-80.18539,40.59721],[-80.1878,40.60001],[-80.18449,40.60181],[-80.18379,40.60441],[-80.18159,40.60651],[-80.1794,40.60891],[-80.1747,40.60801],[-80.17239,40.60811],[-80.1703,40.60721],[-80.1672,40.60641],[-80.1645,40.60741],[-80.1617,40.60931],[-80.15839,40.60911],[-80.155,40.60841],[-80.1523,40.61031],[-80.15019,40.61211],[-80.1476,40.61241],[-80.1455,40.61351],[-80.14539,40.62161],[-80.1487,40.67381],[-80.1456,40.67441]]]}},{"type":"Feature","properties":{"state":"PA","cwa":"PBZ","countyname":"Armstrong","fips":"42005"},"geometry":{"type":"Polygon","coordinates":[[[-79.619,41.03351],[-79.61549,41.03331],[-79.6097,41.03471],[-79.60519,41.03691],[-79.602,41.03701],[-79.5993,41.03531],[-79.5989,41.03271],[-79.5991,41.03011],[-79.6008,41.02511],[-79.6026,41.02091],[-79.60419,41.01811],[-79.6064,41.01581],[-79.6086,41.01261],[-79.6097,41.00971],[-79.6093,41.00701],[-79.6068,41.00521],[-79.5998,41.00531],[-79.59489,41.00481],[-79.5889,41.00351],[-79.5869,41.00261],[-79.58379,41.00011],[-79.5824,40.99851],[-79.5814,40.99551],[-79.5833,40.99241],[-79.5868,40.99141],[-79.59589,40.99411],[-79.6001,40.99461],[-79.6041,40.99461],[-79.60789,40.99391],[-79.61179,40.99251],[-79.6162,40.99051],[-79.6204,40.98761],[-79.62299,40.98541],[-79.62399,40.98241],[-79.624,40.97881],[-79.6227,40.97681],[-79.62019,40.97511],[-79.6181,40.97421],[-79.6128,40.97321],[-79.6065,40.97101],[-79.6018,40.96961],[-79.597,40.96851],[-79.59489,40.96851],[-79.5924,40.96901],[-79.59029,40.97001],[-79.58829,40.97221],[-79.5843,40.97711],[-79.5816,40.97991],[-79.57729,40.98311],[-79.57529,40.98421],[-79.5722,40.98541],[-79.5703,40.98571],[-79.5656,40.98581],[-79.5608,40.98531],[-79.55679,40.98361],[-79.55399,40.98181],[-79.55209,40.98031],[-79.5499,40.98191],[-79.5444,40.98311],[-79.5421,40.98451],[-79.5397,40.98441],[-79.5378,40.98171],[-79.53519,40.98011],[-79.531,40.97931],[-79.5279,40.97811],[-79.52499,40.97591],[-79.5225,40.97521],[-79.5154,40.97811],[-79.5154,40.98111],[-79.51759,40.98351],[-79.5154,40.98671],[-79.5122,40.98641],[-79.5102,40.98511],[-79.5074,40.98381],[-79.5065,40.98041],[-79.50449,40.97701],[-79.5006,40.97701],[-79.49799,40.97721],[-79.49339,40.97881],[-79.49319,40.98141],[-79.49429,40.98611],[-79.4909,40.99181],[-79.4898,40.99401],[-79.488,40.99571],[-79.4847,40.99491],[-79.47929,40.99461],[-79.4753,40.99521],[-79.4714,40.99441],[-79.4682,40.99311],[-79.4647,40.99071],[-79.4617,40.99031],[-79.4571,40.99161],[-79.4553,40.98971],[-79.45699,40.98691],[-79.4593,40.98611],[-79.4612,40.98361],[-79.45509,40.98241],[-79.451,40.98201],[-79.4489,40.98281],[-79.4461,40.98551],[-79.4434,40.98721],[-79.4405,40.98751],[-79.43719,40.98721],[-79.42979,40.98591],[-79.4267,40.98721],[-79.42509,40.98931],[-79.4238,40.99181],[-79.42259,40.99541],[-79.42159,40.99961],[-79.421,41.00351],[-79.41869,41.00481],[-79.416,41.00591],[-79.41309,41.00821],[-79.4099,41.00671],[-79.4116,41.00361],[-79.4143,41.00011],[-79.41209,40.99861],[-79.4081,40.99931],[-79.4035,40.99861],[-79.4039,40.99121],[-79.40179,40.98951],[-79.3992,40.98931],[-79.3974,40.99071],[-79.3969,40.99291],[-79.3939,40.99461],[-79.38989,40.99381],[-79.3845,40.99531],[-79.3819,40.99551],[-79.3782,40.99421],[-79.37869,40.99061],[-79.382,40.99041],[-79.3857,40.98891],[-79.38519,40.98621],[-79.3821,40.98531],[-79.3791,40.98571],[-79.37669,40.98571],[-79.3746,40.98431],[-79.3768,40.98221],[-79.3798,40.98051],[-79.3816,40.97801],[-79.382,40.97451],[-79.3816,40.97051],[-79.37859,40.96871],[-79.37479,40.96891],[-79.37209,40.97141],[-79.3699,40.97671],[-79.3714,40.98141],[-79.3722,40.98501],[-79.37199,40.98691],[-79.37129,40.99011],[-79.37,40.99261],[-79.3686,40.99451],[-79.3671,40.99821],[-79.36539,41.00161],[-79.36279,41.00331],[-79.36089,41.00361],[-79.35899,41.00261],[-79.35699,41.00041],[-79.3528,40.99971],[-79.3473,40.99801],[-79.3444,40.99911],[-79.34119,41.00171],[-79.33929,41.00231],[-79.33659,41.00181],[-79.3344,40.99971],[-79.3322,40.99991],[-79.3303,41.00041],[-79.3241,41.00101],[-79.31979,41.00181],[-79.31699,41.00271],[-79.31229,41.00671],[-79.3069,41.01011],[-79.30379,41.01271],[-79.3008,41.01281],[-79.2988,41.01171],[-79.2952,41.01161],[-79.2924,41.01031],[-79.2857,41.00921],[-79.2835,41.00961],[-79.2812,41.01071],[-79.2773,41.01451],[-79.27509,41.01691],[-79.2717,41.01821],[-79.2691,41.01941],[-79.26659,41.02191],[-79.2641,41.02501],[-79.2624,41.02751],[-79.2599,41.02981],[-79.2566,41.03101],[-79.2511,41.03261],[-79.24799,41.03401],[-79.2455,41.03491],[-79.2419,41.03581],[-79.2375,41.04111],[-79.2352,41.04321],[-79.23209,41.04501],[-79.23019,41.04591],[-79.2259,41.04701],[-79.2226,41.04751],[-79.2195,41.04841],[-79.2176,41.04961],[-79.21529,41.05041],[-79.2102,41.04861],[-79.2121,40.98731],[-79.2126,40.96621],[-79.21249,40.96231],[-79.2137,40.95231],[-79.2156,40.93961],[-79.21529,40.91181],[-79.21529,40.87511],[-79.2149,40.80541],[-79.2149,40.78881],[-79.21519,40.77601],[-79.2378,40.75191],[-79.24419,40.74551],[-79.2623,40.72621],[-79.2698,40.71851],[-79.3799,40.60181],[-79.3984,40.58311],[-79.4099,40.57121],[-79.4128,40.56841],[-79.42889,40.55181],[-79.4444,40.53611],[-79.45039,40.53081],[-79.4542,40.53371],[-79.45689,40.53431],[-79.4614,40.53421],[-79.4649,40.53391],[-79.4697,40.53261],[-79.47639,40.52991],[-79.4776,40.53211],[-79.47729,40.53571],[-79.48119,40.53701],[-79.4833,40.53621],[-79.4847,40.53451],[-79.48489,40.53061],[-79.4861,40.52791],[-79.48869,40.52611],[-79.4935,40.52501],[-79.4977,40.52641],[-79.4974,40.52911],[-79.4984,40.53121],[-79.5006,40.53311],[-79.5071,40.53721],[-79.51089,40.54171],[-79.51369,40.54261],[-79.5169,40.54211],[-79.51929,40.54151],[-79.5218,40.54131],[-79.5253,40.54201],[-79.52769,40.54331],[-79.5294,40.54541],[-79.5337,40.54861],[-79.5369,40.55071],[-79.5471,40.55551],[-79.55219,40.55841],[-79.55769,40.56121],[-79.56059,40.56341],[-79.5643,40.57141],[-79.5666,40.57491],[-79.5675,40.57781],[-79.5704,40.58391],[-79.5692,40.58691],[-79.56689,40.59181],[-79.56509,40.59431],[-79.5592,40.59741],[-79.5568,40.59921],[-79.5546,40.60061],[-79.5523,40.60161],[-79.5513,40.60391],[-79.5554,40.60511],[-79.5584,40.60511],[-79.5609,40.60591],[-79.5631,40.60711],[-79.56599,40.60791],[-79.5693,40.60721],[-79.5721,40.60511],[-79.575,40.60251],[-79.57899,40.60171],[-79.58199,40.60331],[-79.584,40.60731],[-79.584,40.61071],[-79.58549,40.61311],[-79.5888,40.61571],[-79.5892,40.61861],[-79.5888,40.62161],[-79.5886,40.62511],[-79.5871,40.62751],[-79.5849,40.63011],[-79.583,40.63391],[-79.5848,40.63681],[-79.5873,40.63651],[-79.5906,40.63481],[-79.5934,40.63231],[-79.5965,40.62831],[-79.59889,40.62611],[-79.6018,40.62471],[-79.6055,40.62471],[-79.6088,40.62601],[-79.60989,40.62831],[-79.6101,40.63051],[-79.6094,40.63351],[-79.60909,40.63811],[-79.6111,40.64201],[-79.6142,40.64401],[-79.6223,40.64581],[-79.62569,40.64731],[-79.62859,40.64871],[-79.6326,40.65161],[-79.63589,40.65451],[-79.6372,40.65931],[-79.637,40.66201],[-79.63779,40.66501],[-79.64069,40.66731],[-79.644,40.66881],[-79.6478,40.67001],[-79.65359,40.67241],[-79.65839,40.67601],[-79.6616,40.67781],[-79.66479,40.67911],[-79.66759,40.67981],[-79.67149,40.67821],[-79.6747,40.67491],[-79.6792,40.67211],[-79.6821,40.67131],[-79.6852,40.67101],[-79.6886,40.67011],[-79.6927,40.66951],[-79.6925,40.67301],[-79.6927,40.68081],[-79.6923,40.71681],[-79.68999,40.74021],[-79.6916,40.75131],[-79.69189,40.76371],[-79.69199,40.78761],[-79.69199,40.82061],[-79.6917,40.87511],[-79.6899,40.95701],[-79.6899,41.00281],[-79.69009,41.00971],[-79.6902,41.04061],[-79.6903,41.12021],[-79.6907,41.12501],[-79.6906,41.17061],[-79.6868,41.16711],[-79.683,41.16431],[-79.6805,41.16211],[-79.6795,41.15931],[-79.6803,41.15561],[-79.683,41.15201],[-79.6859,41.14891],[-79.6862,41.14521],[-79.6842,41.14231],[-79.68,41.13771],[-79.67899,41.13551],[-79.6785,41.13101],[-79.6797,41.12391],[-79.6791,41.11651],[-79.6796,41.11341],[-79.6805,41.11051],[-79.681,41.10611],[-79.68089,41.10271],[-79.6797,41.09311],[-79.67809,41.08841],[-79.6757,41.08431],[-79.674,41.08261],[-79.6712,41.08161],[-79.66399,41.07741],[-79.6615,41.07501],[-79.6591,41.07331],[-79.6561,41.06961],[-79.65559,41.06641],[-79.6581,41.06311],[-79.6635,41.06001],[-79.6655,41.05831],[-79.6669,41.05621],[-79.66699,41.05381],[-79.66669,41.05111],[-79.66579,41.04931],[-79.6634,41.04771],[-79.65939,41.04661],[-79.6545,41.04571],[-79.64999,41.04461],[-79.6448,41.04201],[-79.6395,41.03961],[-79.6365,41.03791],[-79.632,41.03701],[-79.62479,41.03491],[-79.619,41.03351]]]}},{"type":"Feature","properties":{"state":"PA","cwa":"PBZ","countyname":"Beaver","fips":"42007"},"geometry":{"type":"Polygon","coordinates":[[[-80.15849,40.85421],[-80.1577,40.83691],[-80.1573,40.83251],[-80.1566,40.81861],[-80.1568,40.81481],[-80.155,40.78721],[-80.1544,40.77641],[-80.1544,40.77181],[-80.15279,40.74821],[-80.1511,40.71311],[-80.1504,40.70681],[-80.14999,40.69631],[-80.1487,40.67381],[-80.14539,40.62161],[-80.1455,40.61351],[-80.1476,40.61241],[-80.15019,40.61211],[-80.1523,40.61031],[-80.155,40.60841],[-80.15839,40.60911],[-80.1617,40.60931],[-80.1645,40.60741],[-80.1672,40.60641],[-80.1703,40.60721],[-80.17239,40.60811],[-80.1747,40.60801],[-80.1794,40.60891],[-80.18159,40.60651],[-80.18379,40.60441],[-80.18449,40.60181],[-80.1878,40.60001],[-80.18539,40.59721],[-80.1879,40.59611],[-80.1946,40.59661],[-80.2009,40.59161],[-80.20679,40.58841],[-80.20969,40.58611],[-80.21359,40.58151],[-80.2177,40.58161],[-80.2194,40.57971],[-80.2223,40.57801],[-80.2242,40.57601],[-80.2269,40.57431],[-80.2333,40.56931],[-80.24609,40.55991],[-80.3044,40.51851],[-80.3243,40.50381],[-80.3582,40.47941],[-80.3615,40.47751],[-80.3937,40.47731],[-80.4426,40.47781],[-80.4665,40.47731],[-80.491,40.47751],[-80.519,40.47741],[-80.5189,40.51461],[-80.5191,40.51771],[-80.5189,40.52101],[-80.5192,40.53371],[-80.5191,40.55191],[-80.5189,40.55931],[-80.5191,40.59011],[-80.519,40.63431],[-80.5202,40.63791],[-80.519,40.64271],[-80.519,40.85001],[-80.5095,40.85151],[-80.4861,40.85161],[-80.4225,40.85231],[-80.4166,40.85221],[-80.40829,40.85241],[-80.37309,40.85271],[-80.3642,40.85261],[-80.3305,40.85291],[-80.32639,40.85311],[-80.2922,40.85361],[-80.2119,40.85441],[-80.17979,40.85461],[-80.15849,40.85421]]]}},{"type":"Feature","properties":{"state":"PA","cwa":"CTP","countyname":"Bedford","fips":"42009"},"geometry":{"type":"Polygon","coordinates":[[[-78.44759,40.24481],[-78.44469,40.25201],[-78.4437,40.25531],[-78.44299,40.25901],[-78.4424,40.26561],[-78.4423,40.27521],[-78.44199,40.27861],[-78.4407,40.28191],[-78.43999,40.28471],[-78.4379,40.29081],[-78.4366,40.29401],[-78.43459,40.30131],[-78.42619,40.29881],[-78.3745,40.27691],[-78.29169,40.24491],[-78.2877,40.24581],[-78.2864,40.24941],[-78.2847,40.25321],[-78.2831,40.25571],[-78.2799,40.25921],[-78.27499,40.26571],[-78.2729,40.26901],[-78.2702,40.27451],[-78.26749,40.27841],[-78.2598,40.29461],[-78.2586,40.29651],[-78.2567,40.29881],[-78.2533,40.28361],[-78.24899,40.26791],[-78.244,40.25011],[-78.23689,40.22681],[-78.2361,40.22461],[-78.2305,40.22121],[-78.22739,40.21951],[-78.1814,40.19251],[-78.14059,40.16881],[-78.1372,40.16681],[-78.1346,40.16491],[-78.13969,40.15611],[-78.1569,40.12511],[-78.15829,40.12221],[-78.18829,40.10181],[-78.1974,40.09431],[-78.20509,40.08581],[-78.2036,40.08251],[-78.2036,40.07921],[-78.20429,40.07581],[-78.2047,40.07261],[-78.2029,40.06951],[-78.19939,40.06771],[-78.19659,40.06701],[-78.1934,40.06681],[-78.1896,40.06611],[-78.187,40.06421],[-78.1853,40.06081],[-78.183,40.05931],[-78.1813,40.05841],[-78.1822,40.05461],[-78.1839,40.05081],[-78.18719,40.04781],[-78.19099,40.04681],[-78.1972,40.04641],[-78.19939,40.04571],[-78.2026,40.04341],[-78.2047,40.04101],[-78.2055,40.03671],[-78.2049,40.03261],[-78.20319,40.03031],[-78.2027,40.02711],[-78.2029,40.02401],[-78.2035,40.02091],[-78.2036,40.01731],[-78.2016,40.01411],[-78.2091,40.00501],[-78.21339,40.00011],[-78.2159,39.99761],[-78.21899,39.99401],[-78.22369,39.98641],[-78.22549,39.98321],[-78.2309,39.97141],[-78.23389,39.96591],[-78.2353,39.96281],[-78.2372,39.95831],[-78.2382,39.95531],[-78.2392,39.95091],[-78.241,39.94791],[-78.2434,39.94591],[-78.24969,39.93611],[-78.2673,39.90331],[-78.2689,39.90001],[-78.2702,39.89341],[-78.271,39.89131],[-78.2719,39.88921],[-78.27579,39.88231],[-78.27699,39.87981],[-78.27789,39.87741],[-78.2794,39.87191],[-78.281,39.86731],[-78.28439,39.85931],[-78.2873,39.85141],[-78.28989,39.84601],[-78.291,39.84261],[-78.29269,39.83861],[-78.299,39.82521],[-78.3173,39.80001],[-78.3201,39.79671],[-78.322,39.79481],[-78.323,39.79211],[-78.3257,39.78701],[-78.3275,39.78411],[-78.3286,39.78131],[-78.334,39.77551],[-78.3373,39.77161],[-78.3416,39.76541],[-78.3436,39.76171],[-78.346,39.75911],[-78.3489,39.75661],[-78.3519,39.75371],[-78.3632,39.74141],[-78.37119,39.73141],[-78.3744,39.72781],[-78.38029,39.72271],[-78.40749,39.72281],[-78.4257,39.72251],[-78.43749,39.72251],[-78.4454,39.72281],[-78.4683,39.72291],[-78.50809,39.72281],[-78.5181,39.72261],[-78.5377,39.72251],[-78.5466,39.72291],[-78.5759,39.72251],[-78.62469,39.72291],[-78.66599,39.72301],[-78.7958,39.72291],[-78.808,39.72321],[-78.8064,39.72641],[-78.80479,39.72891],[-78.8034,39.73191],[-78.8019,39.73461],[-78.7989,39.73841],[-78.797,39.74121],[-78.7953,39.74481],[-78.7923,39.74951],[-78.7914,39.75161],[-78.781,39.77161],[-78.77129,39.78931],[-78.7692,39.79141],[-78.767,39.79541],[-78.7653,39.79991],[-78.75729,39.82351],[-78.7584,39.85951],[-78.758,39.86661],[-78.75839,39.87511],[-78.7585,39.88261],[-78.7594,39.90321],[-78.75919,39.91091],[-78.7596,39.93261],[-78.76099,39.98671],[-78.76089,39.99981],[-78.7614,40.00411],[-78.7615,40.01181],[-78.7623,40.01461],[-78.76299,40.03671],[-78.7632,40.05681],[-78.76199,40.05901],[-78.7562,40.06841],[-78.75079,40.07451],[-78.7411,40.07021],[-78.73759,40.07471],[-78.72279,40.10781],[-78.7212,40.11181],[-78.69869,40.16141],[-78.67699,40.21121],[-78.66109,40.23211],[-78.6582,40.24331],[-78.644,40.25941],[-78.65189,40.28171],[-78.643,40.28341],[-78.63879,40.29741],[-78.6354,40.30951],[-78.6252,40.32001],[-78.62029,40.32721],[-78.6149,40.32491],[-78.53159,40.29291],[-78.52889,40.29201],[-78.50529,40.28701],[-78.49969,40.28301],[-78.4537,40.24801],[-78.44759,40.24481]]]}},{"type":"Feature","properties":{"state":"PA","cwa":"CTP","countyname":"Blair","fips":"42013"},"geometry":{"type":"Polygon","coordinates":[[[-78.1168,40.73901],[-78.1189,40.73721],[-78.1215,40.73571],[-78.127,40.73171],[-78.13799,40.72491],[-78.1451,40.72131],[-78.1487,40.71991],[-78.1524,40.71871],[-78.15569,40.71711],[-78.1557,40.71441],[-78.1581,40.71241],[-78.1608,40.71181],[-78.1628,40.71201],[-78.16409,40.71351],[-78.1688,40.71281],[-78.1746,40.71011],[-78.18279,40.70571],[-78.18919,40.70131],[-78.19119,40.70031],[-78.19579,40.69711],[-78.1999,40.69851],[-78.2024,40.69761],[-78.2049,40.69551],[-78.2071,40.69321],[-78.2095,40.69141],[-78.2148,40.68581],[-78.2178,40.68171],[-78.22169,40.67511],[-78.2207,40.67311],[-78.2138,40.66551],[-78.2074,40.65681],[-78.20589,40.65501],[-78.2027,40.65291],[-78.19849,40.64841],[-78.1972,40.64481],[-78.1963,40.64141],[-78.1963,40.63891],[-78.19189,40.63821],[-78.1902,40.63561],[-78.18909,40.63291],[-78.186,40.63181],[-78.1833,40.63031],[-78.18169,40.62881],[-78.1784,40.62711],[-78.17519,40.62811],[-78.1726,40.62741],[-78.17149,40.62411],[-78.1698,40.62121],[-78.16779,40.61921],[-78.16869,40.61631],[-78.18369,40.59531],[-78.1801,40.59351],[-78.1786,40.59041],[-78.17789,40.58751],[-78.1783,40.58381],[-78.1833,40.57691],[-78.186,40.57371],[-78.1878,40.57071],[-78.19109,40.56611],[-78.19379,40.56271],[-78.1965,40.55881],[-78.1945,40.55611],[-78.19289,40.55441],[-78.18999,40.55181],[-78.18739,40.54841],[-78.186,40.54491],[-78.1823,40.54161],[-78.18069,40.53961],[-78.1785,40.53741],[-78.1762,40.53451],[-78.17339,40.53451],[-78.17049,40.53371],[-78.16689,40.53171],[-78.1637,40.53521],[-78.1618,40.53701],[-78.1579,40.53801],[-78.155,40.54031],[-78.1523,40.54071],[-78.15009,40.54131],[-78.1492,40.54351],[-78.1492,40.54611],[-78.1461,40.54801],[-78.145,40.55051],[-78.1448,40.55361],[-78.1418,40.55611],[-78.14,40.55841],[-78.1375,40.56581],[-78.1357,40.56931],[-78.133,40.57021],[-78.1307,40.56921],[-78.1289,40.56791],[-78.1325,40.56301],[-78.1344,40.55911],[-78.1391,40.55111],[-78.1403,40.54531],[-78.1455,40.53681],[-78.1468,40.53411],[-78.14809,40.52961],[-78.1493,40.52391],[-78.15079,40.50951],[-78.1521,40.50481],[-78.15359,40.49691],[-78.15379,40.49301],[-78.15359,40.48931],[-78.15099,40.48691],[-78.1452,40.48991],[-78.1405,40.49321],[-78.1357,40.49611],[-78.13319,40.49541],[-78.1318,40.49311],[-78.1308,40.49081],[-78.12949,40.48921],[-78.12949,40.48571],[-78.1301,40.48271],[-78.13419,40.47321],[-78.1423,40.45971],[-78.14899,40.44891],[-78.15189,40.44501],[-78.15549,40.43851],[-78.157,40.43621],[-78.16019,40.43271],[-78.16859,40.42141],[-78.17139,40.41721],[-78.1738,40.41431],[-78.17799,40.40861],[-78.1819,40.40471],[-78.18629,40.39991],[-78.1889,40.39581],[-78.1912,40.39151],[-78.1969,40.38351],[-78.1992,40.38051],[-78.2039,40.37501],[-78.2055,40.37271],[-78.2067,40.37001],[-78.209,40.36711],[-78.21049,40.36371],[-78.2113,40.36141],[-78.21249,40.35891],[-78.2142,40.35631],[-78.21629,40.35391],[-78.2196,40.35071],[-78.2223,40.34831],[-78.2241,40.34701],[-78.2316,40.33891],[-78.236,40.33321],[-78.2457,40.31861],[-78.2475,40.31611],[-78.2502,40.31161],[-78.2567,40.29881],[-78.2586,40.29651],[-78.2598,40.29461],[-78.26749,40.27841],[-78.2702,40.27451],[-78.2729,40.26901],[-78.27499,40.26571],[-78.2799,40.25921],[-78.2831,40.25571],[-78.2847,40.25321],[-78.2864,40.24941],[-78.2877,40.24581],[-78.29169,40.24491],[-78.3745,40.27691],[-78.42619,40.29881],[-78.43459,40.30131],[-78.4366,40.29401],[-78.4379,40.29081],[-78.43999,40.28471],[-78.4407,40.28191],[-78.44199,40.27861],[-78.4423,40.27521],[-78.4424,40.26561],[-78.44299,40.25901],[-78.4437,40.25531],[-78.44469,40.25201],[-78.44759,40.24481],[-78.4537,40.24801],[-78.49969,40.28301],[-78.50529,40.28701],[-78.52889,40.29201],[-78.53159,40.29291],[-78.6149,40.32491],[-78.62029,40.32721],[-78.60249,40.35281],[-78.56409,40.37061],[-78.55309,40.42981],[-78.5591,40.43811],[-78.5547,40.44921],[-78.5515,40.45591],[-78.54919,40.45971],[-78.54819,40.46201],[-78.5462,40.46421],[-78.5435,40.46671],[-78.542,40.46971],[-78.5412,40.47291],[-78.5403,40.47561],[-78.542,40.47911],[-78.5444,40.48281],[-78.54469,40.48561],[-78.544,40.48951],[-78.5412,40.49841],[-78.5396,40.50641],[-78.5303,40.51901],[-78.5225,40.52361],[-78.5181,40.52891],[-78.51199,40.53141],[-78.49879,40.53871],[-78.4958,40.54021],[-78.48669,40.54081],[-78.48479,40.54221],[-78.47459,40.55431],[-78.472,40.55771],[-78.46339,40.56971],[-78.44959,40.58851],[-78.44109,40.60071],[-78.44669,40.62081],[-78.4474,40.62391],[-78.4454,40.62751],[-78.44199,40.63021],[-78.4407,40.63451],[-78.4403,40.63851],[-78.4414,40.64141],[-78.4398,40.64481],[-78.43719,40.64661],[-78.43439,40.64721],[-78.43159,40.64761],[-78.4282,40.64701],[-78.42429,40.64761],[-78.4201,40.64681],[-78.41669,40.64551],[-78.41129,40.64471],[-78.4087,40.64471],[-78.40199,40.65291],[-78.38419,40.67581],[-78.3484,40.72341],[-78.3507,40.72501],[-78.3629,40.73331],[-78.25639,40.73791],[-78.2036,40.74041],[-78.1321,40.74341],[-78.12469,40.74161],[-78.1168,40.73901]]]}},{"type":"Feature","properties":{"state":"PA","cwa":"BGM","countyname":"Bradford","fips":"42015"},"geometry":{"type":"Polygon","coordinates":[[[-76.8699,42.00191],[-76.8211,42.00181],[-76.8128,42.00161],[-76.7474,42.00171],[-76.6414,42.00081],[-76.6218,42.00051],[-76.5728,42.00021],[-76.55849,42.00031],[-76.52419,41.99971],[-76.4864,41.99941],[-76.4454,41.99871],[-76.3788,41.99841],[-76.24969,41.99831],[-76.1469,41.99871],[-76.14629,41.99381],[-76.1449,41.97851],[-76.13789,41.91221],[-76.13589,41.89161],[-76.1344,41.88021],[-76.13309,41.85971],[-76.1318,41.84691],[-76.12469,41.76981],[-76.1242,41.76611],[-76.1228,41.75081],[-76.1218,41.73871],[-76.1215,41.73221],[-76.1193,41.70621],[-76.119,41.69971],[-76.1177,41.68371],[-76.11549,41.65221],[-76.1358,41.65071],[-76.18649,41.64771],[-76.1989,41.64681],[-76.20049,41.64441],[-76.2016,41.64171],[-76.2018,41.63881],[-76.2016,41.63531],[-76.2006,41.63231],[-76.201,41.62871],[-76.2019,41.62511],[-76.2026,41.62091],[-76.2184,41.54881],[-76.22079,41.54211],[-76.2425,41.54361],[-76.3612,41.55321],[-76.4231,41.55791],[-76.4946,41.56371],[-76.5795,41.57011],[-76.61929,41.57341],[-76.74969,41.58321],[-76.8138,41.59021],[-76.8575,41.59491],[-76.87469,41.59691],[-76.8777,41.62041],[-76.8792,41.63411],[-76.8806,41.64441],[-76.8836,41.66911],[-76.884,41.67381],[-76.88789,41.70421],[-76.8899,41.71861],[-76.891,41.72911],[-76.89359,41.74521],[-76.8938,41.74961],[-76.8952,41.76421],[-76.8967,41.77491],[-76.89809,41.78771],[-76.89899,41.79901],[-76.8994,41.80721],[-76.9021,41.82451],[-76.90369,41.83351],[-76.9051,41.84561],[-76.9161,41.92381],[-76.92599,41.99581],[-76.9266,42.00121],[-76.9219,42.00171],[-76.8699,42.00191]]]}},{"type":"Feature","properties":{"state":"PA","cwa":"PBZ","countyname":"Butler","fips":"42019"},"geometry":{"type":"Polygon","coordinates":[[[-79.6946,41.17291],[-79.6927,41.17221],[-79.6906,41.17061],[-79.6907,41.12501],[-79.6903,41.12021],[-79.6902,41.04061],[-79.69009,41.00971],[-79.6899,41.00281],[-79.6899,40.95701],[-79.6917,40.87511],[-79.69199,40.82061],[-79.69199,40.78761],[-79.69189,40.76371],[-79.6916,40.75131],[-79.68999,40.74021],[-79.6923,40.71681],[-79.6927,40.68081],[-79.6925,40.67301],[-79.6927,40.66951],[-79.6988,40.66991],[-79.7141,40.66991],[-79.7214,40.66971],[-79.7309,40.66921],[-79.7344,40.66921],[-79.7613,40.67051],[-79.7979,40.67191],[-79.80019,40.67181],[-79.8118,40.67221],[-79.81609,40.67181],[-79.8286,40.67111],[-79.839,40.67171],[-79.8445,40.67221],[-79.8517,40.67251],[-79.869,40.67211],[-79.9153,40.67321],[-79.96079,40.67231],[-79.9897,40.67361],[-80.0225,40.67361],[-80.0554,40.67411],[-80.06339,40.67401],[-80.1116,40.67421],[-80.1171,40.67411],[-80.12109,40.67431],[-80.1299,40.67431],[-80.1365,40.67401],[-80.1456,40.67441],[-80.1487,40.67381],[-80.14999,40.69631],[-80.1504,40.70681],[-80.1511,40.71311],[-80.15279,40.74821],[-80.1544,40.77181],[-80.1544,40.77641],[-80.155,40.78721],[-80.1568,40.81481],[-80.1566,40.81861],[-80.1573,40.83251],[-80.1577,40.83691],[-80.15849,40.85421],[-80.1595,40.87271],[-80.1597,40.88121],[-80.1624,40.93501],[-80.16489,40.99591],[-80.1652,41.00001],[-80.16119,41.00451],[-80.1261,41.03891],[-80.1,41.06631],[-80.09769,41.06941],[-80.08739,41.07911],[-80.08199,41.08501],[-80.07439,41.09231],[-80.0681,41.09901],[-80.0471,41.12061],[-79.99979,41.17181],[-79.98769,41.17191],[-79.9584,41.17161],[-79.9544,41.17181],[-79.93459,41.17181],[-79.9058,41.17211],[-79.8639,41.17281],[-79.80479,41.17321],[-79.7678,41.17271],[-79.7188,41.17261],[-79.70519,41.17281],[-79.69759,41.17341],[-79.6946,41.17291]]]}},{"type":"Feature","properties":{"state":"PA","cwa":"CTP","countyname":"Cambria","fips":"42021"},"geometry":{"type":"Polygon","coordinates":[[[-78.417,40.72541],[-78.4051,40.72521],[-78.3839,40.72521],[-78.3669,40.72481],[-78.35419,40.72481],[-78.3507,40.72501],[-78.3484,40.72341],[-78.38419,40.67581],[-78.40199,40.65291],[-78.4087,40.64471],[-78.41129,40.64471],[-78.41669,40.64551],[-78.4201,40.64681],[-78.42429,40.64761],[-78.4282,40.64701],[-78.43159,40.64761],[-78.43439,40.64721],[-78.43719,40.64661],[-78.4398,40.64481],[-78.4414,40.64141],[-78.4403,40.63851],[-78.4407,40.63451],[-78.44199,40.63021],[-78.4454,40.62751],[-78.4474,40.62391],[-78.44669,40.62081],[-78.44109,40.60071],[-78.44959,40.58851],[-78.46339,40.56971],[-78.472,40.55771],[-78.47459,40.55431],[-78.48479,40.54221],[-78.48669,40.54081],[-78.4958,40.54021],[-78.49879,40.53871],[-78.51199,40.53141],[-78.5181,40.52891],[-78.5225,40.52361],[-78.5303,40.51901],[-78.5396,40.50641],[-78.5412,40.49841],[-78.544,40.48951],[-78.54469,40.48561],[-78.5444,40.48281],[-78.542,40.47911],[-78.5403,40.47561],[-78.5412,40.47291],[-78.542,40.46971],[-78.5435,40.46671],[-78.5462,40.46421],[-78.54819,40.46201],[-78.54919,40.45971],[-78.5515,40.45591],[-78.5547,40.44921],[-78.5591,40.43811],[-78.55309,40.42981],[-78.56409,40.37061],[-78.60249,40.35281],[-78.62029,40.32721],[-78.6252,40.32001],[-78.6354,40.30951],[-78.63879,40.29741],[-78.643,40.28341],[-78.65189,40.28171],[-78.644,40.25941],[-78.6582,40.24331],[-78.674,40.24301],[-78.7603,40.24321],[-78.7915,40.24421],[-78.7996,40.24401],[-78.836,40.24521],[-78.84309,40.24521],[-78.8461,40.24551],[-78.8483,40.24621],[-78.852,40.24581],[-78.8549,40.24441],[-78.85899,40.24341],[-78.861,40.24551],[-78.8644,40.24571],[-78.86729,40.24841],[-78.8751,40.24841],[-78.8778,40.24771],[-78.8802,40.24681],[-78.8816,40.24481],[-78.8844,40.24491],[-78.88799,40.24781],[-78.89069,40.24961],[-78.8919,40.25371],[-78.89269,40.25801],[-78.8947,40.26161],[-78.897,40.26381],[-78.8959,40.26661],[-78.8945,40.26891],[-78.8985,40.27191],[-78.90099,40.27331],[-78.9054,40.27541],[-78.91109,40.27641],[-78.918,40.27731],[-78.92509,40.27951],[-78.92699,40.28451],[-78.92979,40.28501],[-78.9667,40.28511],[-78.9808,40.28541],[-78.99989,40.28521],[-79.00259,40.28501],[-79.0228,40.28511],[-79.0457,40.28491],[-79.05299,40.28491],[-79.0559,40.28531],[-79.0544,40.28921],[-79.05099,40.29021],[-79.04929,40.29381],[-79.0463,40.29641],[-79.0453,40.29971],[-79.04089,40.30331],[-79.03709,40.30811],[-79.03619,40.31081],[-79.03729,40.31371],[-79.0345,40.31611],[-79.0311,40.31841],[-79.0309,40.32131],[-79.02879,40.32381],[-79.0256,40.32581],[-79.0235,40.32821],[-79.0228,40.33031],[-79.02039,40.33511],[-79.0164,40.33861],[-79.0097,40.34061],[-79.0102,40.34411],[-79.0079,40.34701],[-79.007,40.34981],[-79.0051,40.35181],[-79.0032,40.35271],[-78.9996,40.35561],[-78.9968,40.35941],[-78.98209,40.38341],[-78.97469,40.39601],[-78.9404,40.45311],[-78.9137,40.49951],[-78.9101,40.50721],[-78.897,40.53301],[-78.87199,40.58121],[-78.8597,40.60561],[-78.85419,40.61791],[-78.8512,40.62511],[-78.85059,40.62701],[-78.84319,40.64321],[-78.83929,40.65081],[-78.8323,40.66711],[-78.8163,40.70351],[-78.8081,40.72061],[-78.8018,40.71791],[-78.7998,40.71731],[-78.8017,40.72451],[-78.7587,40.72471],[-78.7445,40.72451],[-78.69189,40.72471],[-78.5107,40.72601],[-78.417,40.72541]]]}},{"type":"Feature","properties":{"state":"PA","cwa":"CTP","countyname":"Cameron","fips":"42023"},"geometry":{"type":"Polygon","coordinates":[[[-78.0508,41.47581],[-78.03819,41.47541],[-78.02509,41.47541],[-77.9892,41.47481],[-77.98879,41.44131],[-77.98849,41.38861],[-77.98849,41.37611],[-77.9888,41.36741],[-78.00549,41.34261],[-78.0079,41.33941],[-78.0133,41.33101],[-78.0432,41.28841],[-78.0489,41.28081],[-78.05219,41.27571],[-78.06239,41.26101],[-78.06889,41.25221],[-78.0759,41.24181],[-78.0935,41.21691],[-78.17999,41.22521],[-78.2364,41.23041],[-78.23669,41.23791],[-78.23579,41.25111],[-78.23579,41.26051],[-78.2351,41.29801],[-78.23499,41.31711],[-78.2352,41.32291],[-78.2401,41.32321],[-78.24969,41.32321],[-78.25439,41.32361],[-78.2543,41.38011],[-78.254,41.40391],[-78.25739,41.40471],[-78.29369,41.40461],[-78.3549,41.40481],[-78.37119,41.40501],[-78.42,41.40491],[-78.4202,41.41821],[-78.4198,41.44051],[-78.42,41.44671],[-78.41969,41.46841],[-78.4211,41.47891],[-78.4202,41.50021],[-78.4203,41.52811],[-78.4194,41.54391],[-78.4185,41.55491],[-78.4191,41.60221],[-78.4193,41.61681],[-78.37469,41.61751],[-78.32639,41.61751],[-78.2911,41.61771],[-78.2821,41.61801],[-78.2644,41.61811],[-78.2075,41.61821],[-78.2034,41.61811],[-78.141,41.56001],[-78.12469,41.54461],[-78.1214,41.54131],[-78.11649,41.53701],[-78.1029,41.52451],[-78.0803,41.50311],[-78.0508,41.47581]]]}},{"type":"Feature","properties":{"state":"PA","cwa":"PBZ","countyname":"Clarion","fips":"42031"},"geometry":{"type":"Polygon","coordinates":[[[-79.3578,41.43611],[-79.3578,41.43291],[-79.35509,41.43241],[-79.2736,41.43161],[-79.2248,41.43091],[-79.21719,41.43101],[-79.2072,41.43071],[-79.2071,41.41761],[-79.20869,41.36841],[-79.2089,41.33401],[-79.2084,41.33171],[-79.2089,41.32721],[-79.20879,41.31701],[-79.2089,41.28331],[-79.21,41.25011],[-79.21,41.23531],[-79.21049,41.21561],[-79.2104,41.20561],[-79.2107,41.18561],[-79.211,41.13201],[-79.2113,41.11171],[-79.2112,41.07991],[-79.21449,41.07891],[-79.2148,41.06351],[-79.21529,41.05041],[-79.2176,41.04961],[-79.2195,41.04841],[-79.2226,41.04751],[-79.2259,41.04701],[-79.23019,41.04591],[-79.23209,41.04501],[-79.2352,41.04321],[-79.2375,41.04111],[-79.2419,41.03581],[-79.2455,41.03491],[-79.24799,41.03401],[-79.2511,41.03261],[-79.2566,41.03101],[-79.2599,41.02981],[-79.2624,41.02751],[-79.2641,41.02501],[-79.26659,41.02191],[-79.2691,41.01941],[-79.2717,41.01821],[-79.27509,41.01691],[-79.2773,41.01451],[-79.2812,41.01071],[-79.2835,41.00961],[-79.2857,41.00921],[-79.2924,41.01031],[-79.2952,41.01161],[-79.2988,41.01171],[-79.3008,41.01281],[-79.30379,41.01271],[-79.3069,41.01011],[-79.31229,41.00671],[-79.31699,41.00271],[-79.31979,41.00181],[-79.3241,41.00101],[-79.3303,41.00041],[-79.3322,40.99991],[-79.3344,40.99971],[-79.33659,41.00181],[-79.33929,41.00231],[-79.34119,41.00171],[-79.3444,40.99911],[-79.3473,40.99801],[-79.3528,40.99971],[-79.35699,41.00041],[-79.35899,41.00261],[-79.36089,41.00361],[-79.36279,41.00331],[-79.36539,41.00161],[-79.3671,40.99821],[-79.3686,40.99451],[-79.37,40.99261],[-79.37129,40.99011],[-79.37199,40.98691],[-79.3722,40.98501],[-79.3714,40.98141],[-79.3699,40.97671],[-79.37209,40.97141],[-79.37479,40.96891],[-79.37859,40.96871],[-79.3816,40.97051],[-79.382,40.97451],[-79.3816,40.97801],[-79.3798,40.98051],[-79.3768,40.98221],[-79.3746,40.98431],[-79.37669,40.98571],[-79.3791,40.98571],[-79.3821,40.98531],[-79.38519,40.98621],[-79.3857,40.98891],[-79.382,40.99041],[-79.37869,40.99061],[-79.3782,40.99421],[-79.3819,40.99551],[-79.3845,40.99531],[-79.38989,40.99381],[-79.3939,40.99461],[-79.3969,40.99291],[-79.3974,40.99071],[-79.3992,40.98931],[-79.40179,40.98951],[-79.4039,40.99121],[-79.4035,40.99861],[-79.4081,40.99931],[-79.41209,40.99861],[-79.4143,41.00011],[-79.4116,41.00361],[-79.4099,41.00671],[-79.41309,41.00821],[-79.416,41.00591],[-79.41869,41.00481],[-79.421,41.00351],[-79.42159,40.99961],[-79.42259,40.99541],[-79.4238,40.99181],[-79.42509,40.98931],[-79.4267,40.98721],[-79.42979,40.98591],[-79.43719,40.98721],[-79.4405,40.98751],[-79.4434,40.98721],[-79.4461,40.98551],[-79.4489,40.98281],[-79.451,40.98201],[-79.45509,40.98241],[-79.4612,40.98361],[-79.4593,40.98611],[-79.45699,40.98691],[-79.4553,40.98971],[-79.4571,40.99161],[-79.4617,40.99031],[-79.4647,40.99071],[-79.4682,40.99311],[-79.4714,40.99441],[-79.4753,40.99521],[-79.47929,40.99461],[-79.4847,40.99491],[-79.488,40.99571],[-79.4898,40.99401],[-79.4909,40.99181],[-79.49429,40.98611],[-79.49319,40.98141],[-79.49339,40.97881],[-79.49799,40.97721],[-79.5006,40.97701],[-79.50449,40.97701],[-79.5065,40.98041],[-79.5074,40.98381],[-79.5102,40.98511],[-79.5122,40.98641],[-79.5154,40.98671],[-79.51759,40.98351],[-79.5154,40.98111],[-79.5154,40.97811],[-79.5225,40.97521],[-79.52499,40.97591],[-79.5279,40.97811],[-79.531,40.97931],[-79.53519,40.98011],[-79.5378,40.98171],[-79.5397,40.98441],[-79.5421,40.98451],[-79.5444,40.98311],[-79.5499,40.98191],[-79.55209,40.98031],[-79.55399,40.98181],[-79.55679,40.98361],[-79.5608,40.98531],[-79.5656,40.98581],[-79.5703,40.98571],[-79.5722,40.98541],[-79.57529,40.98421],[-79.57729,40.98311],[-79.5816,40.97991],[-79.5843,40.97711],[-79.58829,40.97221],[-79.59029,40.97001],[-79.5924,40.96901],[-79.59489,40.96851],[-79.597,40.96851],[-79.6018,40.96961],[-79.6065,40.97101],[-79.6128,40.97321],[-79.6181,40.97421],[-79.62019,40.97511],[-79.6227,40.97681],[-79.624,40.97881],[-79.62399,40.98241],[-79.62299,40.98541],[-79.6204,40.98761],[-79.6162,40.99051],[-79.61179,40.99251],[-79.60789,40.99391],[-79.6041,40.99461],[-79.6001,40.99461],[-79.59589,40.99411],[-79.5868,40.99141],[-79.5833,40.99241],[-79.5814,40.99551],[-79.5824,40.99851],[-79.58379,41.00011],[-79.5869,41.00261],[-79.5889,41.00351],[-79.59489,41.00481],[-79.5998,41.00531],[-79.6068,41.00521],[-79.6093,41.00701],[-79.6097,41.00971],[-79.6086,41.01261],[-79.6064,41.01581],[-79.60419,41.01811],[-79.6026,41.02091],[-79.6008,41.02511],[-79.5991,41.03011],[-79.5989,41.03271],[-79.5993,41.03531],[-79.602,41.03701],[-79.60519,41.03691],[-79.6097,41.03471],[-79.61549,41.03331],[-79.619,41.03351],[-79.62479,41.03491],[-79.632,41.03701],[-79.6365,41.03791],[-79.6395,41.03961],[-79.6448,41.04201],[-79.64999,41.04461],[-79.6545,41.04571],[-79.65939,41.04661],[-79.6634,41.04771],[-79.66579,41.04931],[-79.66669,41.05111],[-79.66699,41.05381],[-79.6669,41.05621],[-79.6655,41.05831],[-79.6635,41.06001],[-79.6581,41.06311],[-79.65559,41.06641],[-79.6561,41.06961],[-79.6591,41.07331],[-79.6615,41.07501],[-79.66399,41.07741],[-79.6712,41.08161],[-79.674,41.08261],[-79.6757,41.08431],[-79.67809,41.08841],[-79.6797,41.09311],[-79.68089,41.10271],[-79.681,41.10611],[-79.6805,41.11051],[-79.6796,41.11341],[-79.6791,41.11651],[-79.6797,41.12391],[-79.6785,41.13101],[-79.67899,41.13551],[-79.68,41.13771],[-79.6842,41.14231],[-79.6862,41.14521],[-79.6859,41.14891],[-79.683,41.15201],[-79.6803,41.15561],[-79.6795,41.15931],[-79.6805,41.16211],[-79.683,41.16431],[-79.6868,41.16711],[-79.6906,41.17061],[-79.6927,41.17221],[-79.6946,41.17291],[-79.69759,41.17341],[-79.7001,41.17541],[-79.69959,41.17741],[-79.7001,41.18071],[-79.6961,41.18431],[-79.6933,41.18351],[-79.69009,41.18191],[-79.6865,41.18271],[-79.683,41.18381],[-79.67979,41.18341],[-79.6773,41.18401],[-79.6702,41.18371],[-79.6684,41.18621],[-79.6655,41.18891],[-79.6689,41.19171],[-79.6708,41.19301],[-79.6665,41.19651],[-79.6685,41.19881],[-79.6627,41.20501],[-79.6497,41.21801],[-79.65009,41.23661],[-79.64989,41.24021],[-79.6503,41.25001],[-79.6497,41.25371],[-79.6329,41.25361],[-79.6328,41.26131],[-79.6325,41.26661],[-79.62769,41.26781],[-79.6262,41.27701],[-79.62189,41.27721],[-79.6045,41.27711],[-79.6041,41.31861],[-79.6038,41.32151],[-79.5415,41.32091],[-79.5415,41.33031],[-79.5412,41.33541],[-79.53349,41.33591],[-79.47919,41.33561],[-79.4781,41.33951],[-79.478,41.36821],[-79.4778,41.37531],[-79.4779,41.38531],[-79.47269,41.38631],[-79.4556,41.38651],[-79.4004,41.38661],[-79.4003,41.40311],[-79.4005,41.41291],[-79.4003,41.42641],[-79.39999,41.43551],[-79.3789,41.43621],[-79.3578,41.43611]]]}},{"type":"Feature","properties":{"state":"PA","cwa":"CTP","countyname":"Clearfield","fips":"42033"},"geometry":{"type":"Polygon","coordinates":[[[-78.06779,41.18331],[-78.0609,41.17451],[-78.04089,41.15611],[-78.0386,41.15361],[-78.04089,41.15111],[-78.04259,41.14821],[-78.045,41.14591],[-78.0517,41.14541],[-78.0536,41.14401],[-78.0542,41.14121],[-78.0551,41.13381],[-78.05689,41.13111],[-78.05959,41.13081],[-78.06219,41.13111],[-78.0662,41.13211],[-78.06979,41.12971],[-78.0687,41.12531],[-78.0704,41.12191],[-78.0731,41.12171],[-78.0803,41.12581],[-78.084,41.12551],[-78.0864,41.12311],[-78.0868,41.12071],[-78.08669,41.11831],[-78.0882,41.11641],[-78.0907,41.11531],[-78.0936,41.11601],[-78.0953,41.11941],[-78.098,41.12141],[-78.1018,41.12141],[-78.1054,41.11971],[-78.1091,41.11701],[-78.1115,41.11441],[-78.1106,41.11071],[-78.1077,41.10621],[-78.1059,41.10221],[-78.10439,41.09951],[-78.1028,41.09591],[-78.0966,41.08481],[-78.09409,41.08191],[-78.0925,41.07931],[-78.09389,41.07531],[-78.09679,41.07271],[-78.0957,41.07111],[-78.0898,41.06941],[-78.0879,41.06901],[-78.0854,41.06801],[-78.0862,41.06591],[-78.08839,41.06391],[-78.0895,41.06161],[-78.09039,41.05871],[-78.088,41.05711],[-78.08549,41.05721],[-78.07639,41.05961],[-78.0738,41.05751],[-78.07339,41.05471],[-78.0722,41.05121],[-78.06899,41.04981],[-78.0646,41.05251],[-78.06229,41.05321],[-78.06,41.05161],[-78.0636,41.04591],[-78.06219,41.04321],[-78.0592,41.04141],[-78.0573,41.03921],[-78.0582,41.03681],[-78.061,41.03611],[-78.0663,41.03531],[-78.06979,41.03281],[-78.0761,41.03441],[-78.0793,41.03311],[-78.0803,41.02991],[-78.07729,41.02701],[-78.07449,41.02661],[-78.0713,41.02591],[-78.074,41.02401],[-78.0756,41.02251],[-78.0709,41.02031],[-78.0685,41.01951],[-78.06979,41.01591],[-78.0693,41.01361],[-78.0667,41.01281],[-78.06329,41.01321],[-78.06049,41.01231],[-78.0583,41.01061],[-78.0561,41.00781],[-78.056,41.00511],[-78.0579,41.00381],[-78.0609,41.00431],[-78.06329,41.00451],[-78.06499,41.00101],[-78.0637,40.99941],[-78.062,40.99801],[-78.0619,40.99531],[-78.06429,40.99531],[-78.0677,40.99751],[-78.071,40.99511],[-78.0742,40.99351],[-78.07719,40.99321],[-78.0803,40.99321],[-78.0843,40.99451],[-78.08649,40.99351],[-78.0843,40.99041],[-78.0826,40.98691],[-78.0823,40.98381],[-78.0836,40.98161],[-78.0853,40.98051],[-78.0901,40.98051],[-78.08939,40.97571],[-78.0928,40.97351],[-78.0965,40.97301],[-78.09409,40.97121],[-78.0924,40.97031],[-78.0871,40.97021],[-78.0845,40.96821],[-78.0833,40.96581],[-78.0808,40.96351],[-78.0785,40.96041],[-78.0788,40.95651],[-78.08469,40.95491],[-78.0909,40.95361],[-78.0947,40.95061],[-78.0992,40.95141],[-78.1039,40.94961],[-78.1067,40.95021],[-78.1091,40.95011],[-78.1105,40.94671],[-78.1114,40.94511],[-78.1179,40.94261],[-78.12099,40.94231],[-78.1223,40.94371],[-78.12099,40.94661],[-78.12389,40.94681],[-78.12769,40.94611],[-78.1309,40.94591],[-78.1329,40.94741],[-78.1311,40.95171],[-78.1344,40.95421],[-78.1358,40.95641],[-78.1315,40.95981],[-78.1301,40.96301],[-78.1325,40.96631],[-78.1358,40.96671],[-78.1362,40.96261],[-78.13889,40.95831],[-78.1396,40.95631],[-78.13979,40.95351],[-78.14079,40.95011],[-78.1441,40.94891],[-78.14709,40.94941],[-78.14729,40.95181],[-78.1465,40.95541],[-78.1493,40.95691],[-78.1514,40.95751],[-78.1552,40.95971],[-78.15939,40.96121],[-78.1643,40.96151],[-78.1683,40.95961],[-78.1698,40.95581],[-78.1691,40.95351],[-78.1669,40.95261],[-78.1625,40.95471],[-78.15929,40.95401],[-78.159,40.95041],[-78.15749,40.94841],[-78.1572,40.94561],[-78.15559,40.94231],[-78.1579,40.94131],[-78.16109,40.94201],[-78.1636,40.94031],[-78.1647,40.93881],[-78.1672,40.93681],[-78.1711,40.93651],[-78.1719,40.93351],[-78.17509,40.93191],[-78.1772,40.93031],[-78.17889,40.92551],[-78.1825,40.92261],[-78.1858,40.92121],[-78.1894,40.91911],[-78.1916,40.91981],[-78.1951,40.91991],[-78.197,40.91871],[-78.1996,40.91761],[-78.20399,40.91611],[-78.2063,40.91681],[-78.2102,40.91691],[-78.2146,40.91451],[-78.2168,40.91391],[-78.2198,40.91261],[-78.22169,40.91071],[-78.2239,40.90941],[-78.2248,40.90641],[-78.22739,40.90381],[-78.22829,40.89991],[-78.227,40.89821],[-78.22549,40.89721],[-78.2242,40.89561],[-78.2214,40.89151],[-78.2211,40.88891],[-78.2252,40.88801],[-78.2278,40.88561],[-78.22919,40.88131],[-78.2316,40.87941],[-78.2338,40.87961],[-78.2398,40.88141],[-78.2422,40.88131],[-78.24439,40.88041],[-78.2481,40.87781],[-78.2465,40.87581],[-78.2445,40.87651],[-78.2409,40.87691],[-78.237,40.87561],[-78.23599,40.87411],[-78.2381,40.87261],[-78.2472,40.87161],[-78.249,40.86901],[-78.2492,40.86561],[-78.2483,40.86281],[-78.2484,40.86051],[-78.2472,40.85841],[-78.2491,40.85611],[-78.2524,40.85441],[-78.25629,40.85471],[-78.2603,40.85431],[-78.2626,40.85301],[-78.2635,40.85131],[-78.2654,40.85051],[-78.26749,40.84911],[-78.2692,40.84711],[-78.2715,40.84731],[-78.2737,40.84801],[-78.27509,40.84931],[-78.2791,40.85071],[-78.2835,40.85091],[-78.2859,40.84971],[-78.2879,40.84961],[-78.29099,40.84721],[-78.291,40.84491],[-78.2915,40.84241],[-78.29369,40.84021],[-78.29539,40.83751],[-78.2989,40.83531],[-78.3018,40.83381],[-78.30009,40.83021],[-78.2997,40.82561],[-78.30109,40.82291],[-78.306,40.81951],[-78.3078,40.81641],[-78.3108,40.81461],[-78.3121,40.81221],[-78.31419,40.80921],[-78.3184,40.80831],[-78.3204,40.80811],[-78.3213,40.80651],[-78.3229,40.80591],[-78.32719,40.80501],[-78.3292,40.80321],[-78.33109,40.80101],[-78.3341,40.80031],[-78.337,40.79931],[-78.3391,40.79701],[-78.33939,40.79431],[-78.341,40.79141],[-78.3434,40.79021],[-78.3425,40.78761],[-78.3428,40.78441],[-78.3427,40.78231],[-78.3462,40.77961],[-78.3484,40.77741],[-78.3511,40.77431],[-78.3518,40.76971],[-78.3536,40.76821],[-78.35609,40.76811],[-78.35899,40.76751],[-78.36069,40.76571],[-78.3652,40.76411],[-78.36729,40.76181],[-78.3745,40.75611],[-78.3765,40.75351],[-78.3745,40.75071],[-78.3732,40.74831],[-78.3718,40.74621],[-78.3708,40.74401],[-78.36729,40.73811],[-78.3653,40.73541],[-78.3629,40.73331],[-78.3507,40.72501],[-78.35419,40.72481],[-78.3669,40.72481],[-78.3839,40.72521],[-78.4051,40.72521],[-78.417,40.72541],[-78.5107,40.72601],[-78.69189,40.72471],[-78.7445,40.72451],[-78.7587,40.72471],[-78.8017,40.72451],[-78.80309,40.72811],[-78.80569,40.72951],[-78.8063,40.73501],[-78.8064,40.76601],[-78.80659,40.78041],[-78.8064,40.81981],[-78.8064,40.86161],[-78.80589,40.87381],[-78.8059,40.87831],[-78.8052,40.90601],[-78.8046,40.92511],[-78.804,40.95331],[-78.80399,40.99271],[-78.8042,41.00881],[-78.80409,41.03231],[-78.8046,41.10361],[-78.80489,41.11821],[-78.80489,41.12091],[-78.8043,41.13191],[-78.7941,41.15121],[-78.77979,41.17741],[-78.7763,41.18471],[-78.7743,41.18811],[-78.7708,41.19531],[-78.7671,41.20141],[-78.76089,41.20261],[-78.7103,41.20181],[-78.6484,41.21741],[-78.64739,41.23121],[-78.6466,41.25001],[-78.6458,41.25371],[-78.6368,41.25301],[-78.62469,41.25241],[-78.5776,41.24951],[-78.5319,41.24641],[-78.47079,41.24321],[-78.29569,41.23361],[-78.26649,41.23221],[-78.2364,41.23041],[-78.17999,41.22521],[-78.0935,41.21691],[-78.06779,41.18331]]]}},{"type":"Feature","properties":{"state":"PA","cwa":"CTP","countyname":"Columbia","fips":"42037"},"geometry":{"type":"Polygon","coordinates":[[[-76.2775,41.13211],[-76.268,41.13291],[-76.24969,41.13511],[-76.229,41.13851],[-76.2286,41.10081],[-76.22849,41.05661],[-76.2287,41.05231],[-76.2313,41.05031],[-76.228,41.03391],[-76.22079,41.00011],[-76.20779,40.94971],[-76.2478,40.91731],[-76.2528,40.91291],[-76.28439,40.88381],[-76.28529,40.88101],[-76.29819,40.83471],[-76.3072,40.80181],[-76.377,40.77671],[-76.38039,40.77601],[-76.38969,40.79251],[-76.39249,40.79781],[-76.3969,40.81061],[-76.4054,40.83361],[-76.409,40.83391],[-76.4119,40.83341],[-76.4234,40.83341],[-76.4278,40.83241],[-76.4348,40.83261],[-76.43739,40.83231],[-76.4405,40.83171],[-76.44479,40.83121],[-76.4498,40.83071],[-76.4536,40.83051],[-76.45779,40.83001],[-76.4637,40.82831],[-76.46819,40.82821],[-76.4711,40.82851],[-76.4729,40.82731],[-76.48029,40.82701],[-76.4833,40.82641],[-76.4862,40.82621],[-76.48949,40.82571],[-76.4947,40.82421],[-76.4986,40.82411],[-76.50169,40.82521],[-76.50279,40.83141],[-76.50449,40.83461],[-76.5052,40.83761],[-76.5074,40.83991],[-76.5079,40.84351],[-76.5076,40.84691],[-76.50529,40.84891],[-76.5019,40.84971],[-76.49899,40.85161],[-76.4993,40.85491],[-76.50079,40.85971],[-76.5033,40.86211],[-76.50629,40.86281],[-76.5079,40.86551],[-76.50809,40.86771],[-76.5093,40.87051],[-76.5087,40.87411],[-76.5051,40.87771],[-76.5052,40.88171],[-76.5176,40.88241],[-76.528,40.88251],[-76.5263,40.90011],[-76.52499,40.91571],[-76.5263,40.91751],[-76.5281,40.91871],[-76.5261,40.92101],[-76.5226,40.92261],[-76.52039,40.92621],[-76.5209,40.92911],[-76.5215,40.93131],[-76.5236,40.93391],[-76.52579,40.93481],[-76.5273,40.93701],[-76.5289,40.94001],[-76.51839,40.94371],[-76.5127,40.94651],[-76.51479,40.94921],[-76.5159,40.95321],[-76.515,40.95801],[-76.5197,40.96271],[-76.5217,40.96591],[-76.52399,40.96741],[-76.5285,40.97231],[-76.53429,40.97701],[-76.55479,40.99201],[-76.56519,40.99981],[-76.56619,41.00781],[-76.5629,41.02331],[-76.56229,41.03301],[-76.563,41.03621],[-76.56529,41.04211],[-76.5684,41.04991],[-76.5704,41.05381],[-76.5862,41.05721],[-76.60069,41.06001],[-76.6186,41.06381],[-76.6167,41.06631],[-76.6159,41.06871],[-76.6175,41.07361],[-76.61629,41.07601],[-76.6157,41.07961],[-76.6179,41.08121],[-76.6206,41.08531],[-76.6209,41.09031],[-76.62479,41.10441],[-76.6309,41.12511],[-76.64079,41.15571],[-76.5928,41.15781],[-76.5751,41.17161],[-76.5675,41.17781],[-76.52229,41.21371],[-76.5004,41.23321],[-76.4956,41.23711],[-76.47839,41.25051],[-76.44749,41.27571],[-76.42599,41.29331],[-76.4088,41.30771],[-76.4062,41.30821],[-76.39899,41.30831],[-76.3219,41.30871],[-76.3176,41.30871],[-76.3107,41.30841],[-76.3185,41.23151],[-76.31889,41.22431],[-76.31969,41.21571],[-76.319,41.20501],[-76.3173,41.20221],[-76.3,41.17141],[-76.29459,41.16221],[-76.2775,41.13211]]]}},{"type":"Feature","properties":{"state":"PA","cwa":"CLE","countyname":"Crawford","fips":"42039"},"geometry":{"type":"Polygon","coordinates":[[[-79.6121,41.85001],[-79.6122,41.82881],[-79.6125,41.81231],[-79.6125,41.78721],[-79.6128,41.75001],[-79.61269,41.72171],[-79.6129,41.70481],[-79.61259,41.69501],[-79.61279,41.67951],[-79.613,41.67451],[-79.6128,41.66101],[-79.6129,41.62431],[-79.6129,41.61711],[-79.6367,41.61711],[-79.65089,41.61731],[-79.6614,41.61721],[-79.67039,41.61741],[-79.6876,41.61731],[-79.7379,41.61771],[-79.7681,41.61771],[-79.76839,41.62081],[-79.8289,41.62201],[-79.8296,41.60201],[-79.841,41.60211],[-79.8414,41.59991],[-79.8494,41.59871],[-79.8499,41.58741],[-79.8593,41.58471],[-79.8732,41.58121],[-79.87019,41.57421],[-79.8929,41.57401],[-79.8931,41.56341],[-79.8957,41.56221],[-79.9089,41.56201],[-79.90939,41.55451],[-79.9095,41.55031],[-79.9192,41.55011],[-79.9255,41.54971],[-79.92349,41.53751],[-79.9436,41.53741],[-79.9427,41.52521],[-79.94939,41.52531],[-79.9591,41.52461],[-79.959,41.52241],[-79.9592,41.51341],[-79.9642,41.51281],[-79.9685,41.51291],[-79.9817,41.51241],[-79.9817,41.50591],[-79.9823,41.50011],[-79.98669,41.50061],[-79.99229,41.50081],[-79.9986,41.50051],[-79.9992,41.49011],[-80.0215,41.48921],[-80.1252,41.48631],[-80.1259,41.48051],[-80.15079,41.48091],[-80.15829,41.48111],[-80.1626,41.48141],[-80.1921,41.48201],[-80.2352,41.48261],[-80.25539,41.48331],[-80.28889,41.48361],[-80.3018,41.48391],[-80.34859,41.48451],[-80.3848,41.48611],[-80.3941,41.48631],[-80.39729,41.48621],[-80.4273,41.48691],[-80.4319,41.48861],[-80.4323,41.49211],[-80.4449,41.49211],[-80.445,41.48821],[-80.44859,41.48731],[-80.4602,41.48751],[-80.49979,41.48881],[-80.5192,41.48901],[-80.5192,41.49941],[-80.5192,41.53241],[-80.51939,41.55201],[-80.51929,41.62561],[-80.51949,41.72231],[-80.51939,41.75131],[-80.5192,41.76511],[-80.51939,41.79091],[-80.5192,41.80761],[-80.51939,41.84911],[-80.49889,41.84961],[-80.4796,41.84981],[-80.36169,41.84951],[-80.2065,41.84941],[-80.1288,41.84961],[-80.12479,41.84951],[-80.1068,41.84971],[-80.1026,41.84961],[-80.0881,41.85001],[-80.0705,41.84941],[-80.05389,41.85021],[-80.048,41.84991],[-80.0079,41.85041],[-79.88689,41.85081],[-79.8257,41.85091],[-79.75079,41.85081],[-79.7207,41.85121],[-79.7046,41.85121],[-79.69939,41.85151],[-79.6824,41.85171],[-79.658,41.85131],[-79.65569,41.85101],[-79.6121,41.85001]]]}},{"type":"Feature","properties":{"state":"PA","cwa":"CTP","countyname":"Cumberland","fips":"42041"},"geometry":{"type":"Polygon","coordinates":[[[-76.9217,40.30181],[-76.92069,40.29031],[-76.92,40.28511],[-76.9146,40.27941],[-76.91219,40.27241],[-76.9069,40.26471],[-76.9033,40.26081],[-76.8917,40.25181],[-76.89,40.25011],[-76.8819,40.24621],[-76.87849,40.24411],[-76.87289,40.23811],[-76.8681,40.23371],[-76.8591,40.22611],[-76.8612,40.22351],[-76.8625,40.21881],[-76.8689,40.21581],[-76.87189,40.21561],[-76.8745,40.21641],[-76.8779,40.21771],[-76.8818,40.21681],[-76.88519,40.21431],[-76.88889,40.21381],[-76.8911,40.21521],[-76.89259,40.21821],[-76.89429,40.22071],[-76.8959,40.22271],[-76.8977,40.22431],[-76.89989,40.22341],[-76.90189,40.22421],[-76.9041,40.22351],[-76.90269,40.22061],[-76.8998,40.21721],[-76.89899,40.21431],[-76.9017,40.21261],[-76.905,40.21631],[-76.9073,40.21381],[-76.9067,40.21041],[-76.91,40.20741],[-76.91129,40.20481],[-76.91389,40.20511],[-76.9155,40.20851],[-76.9185,40.21011],[-76.92139,40.20881],[-76.92329,40.20621],[-76.92509,40.20281],[-76.9272,40.20011],[-76.9303,40.19871],[-76.9278,40.19701],[-76.9241,40.19721],[-76.92139,40.19781],[-76.91779,40.19751],[-76.9147,40.19491],[-76.91299,40.19301],[-76.9091,40.18981],[-76.91209,40.18891],[-76.9125,40.18601],[-76.9136,40.18291],[-76.9161,40.18311],[-76.9185,40.18471],[-76.92039,40.18651],[-76.92319,40.18771],[-76.9267,40.18771],[-76.9278,40.18361],[-76.92619,40.18141],[-76.92519,40.17931],[-76.9226,40.17661],[-76.9146,40.17291],[-76.9116,40.17111],[-76.9087,40.16961],[-76.9058,40.16681],[-76.9078,40.16551],[-76.91019,40.16531],[-76.91589,40.16381],[-76.918,40.16301],[-76.9226,40.16201],[-76.9294,40.16131],[-76.934,40.16221],[-76.9385,40.16401],[-76.9441,40.16431],[-76.9497,40.16571],[-76.9519,40.16581],[-76.9543,40.16541],[-76.96,40.16391],[-76.96329,40.16461],[-76.9668,40.16301],[-76.9707,40.16261],[-76.9734,40.16291],[-76.97729,40.16421],[-76.9816,40.16281],[-76.98009,40.16001],[-76.9775,40.15891],[-76.9742,40.15911],[-76.97189,40.15741],[-76.9743,40.15401],[-76.9785,40.15231],[-76.9814,40.15361],[-76.98589,40.15471],[-76.98859,40.15521],[-76.9917,40.15511],[-76.9965,40.15351],[-77.0009,40.15321],[-77.00449,40.15221],[-77.0065,40.15071],[-77.0088,40.14961],[-77.01199,40.14851],[-77.0186,40.14821],[-77.0226,40.14661],[-77.0271,40.14731],[-77.03149,40.14651],[-77.0337,40.14511],[-77.04179,40.13871],[-77.0449,40.13651],[-77.0602,40.12491],[-77.125,40.07821],[-77.1363,40.06951],[-77.13989,40.06771],[-77.1551,40.05671],[-77.16949,40.04491],[-77.1781,40.03701],[-77.187,40.02971],[-77.22919,40.02441],[-77.2327,40.02381],[-77.2417,40.02281],[-77.24619,40.02251],[-77.2762,40.01721],[-77.2831,40.01621],[-77.31599,40.01031],[-77.34679,40.00451],[-77.36009,40.00221],[-77.3977,39.99511],[-77.4026,39.99431],[-77.41859,39.98321],[-77.44769,39.96201],[-77.47079,39.94541],[-77.4648,39.95531],[-77.458,39.96611],[-77.4548,39.97371],[-77.4591,39.97631],[-77.46249,39.97861],[-77.46619,39.98481],[-77.46809,39.98601],[-77.4715,39.98751],[-77.474,39.99111],[-77.47919,39.99191],[-77.4847,39.99601],[-77.4869,39.99821],[-77.4882,40.00001],[-77.4899,40.00171],[-77.4958,40.00561],[-77.4986,40.00931],[-77.4999,40.01291],[-77.5056,40.01921],[-77.5076,40.02211],[-77.50909,40.02541],[-77.508,40.02871],[-77.5098,40.03111],[-77.5123,40.03321],[-77.5153,40.03481],[-77.5182,40.03781],[-77.51949,40.04011],[-77.518,40.04371],[-77.5201,40.04591],[-77.5272,40.04651],[-77.53139,40.04831],[-77.5318,40.05201],[-77.53049,40.05481],[-77.52959,40.05731],[-77.5322,40.06171],[-77.5327,40.06631],[-77.5339,40.06911],[-77.53629,40.07001],[-77.53889,40.06991],[-77.5411,40.07011],[-77.54099,40.07501],[-77.5449,40.07791],[-77.5414,40.07981],[-77.5433,40.08291],[-77.54449,40.08571],[-77.5429,40.08901],[-77.54559,40.08991],[-77.5484,40.09001],[-77.5505,40.09211],[-77.5522,40.09411],[-77.5542,40.09551],[-77.55779,40.09441],[-77.5606,40.09541],[-77.56049,40.09911],[-77.55849,40.10191],[-77.559,40.10431],[-77.5627,40.11621],[-77.5629,40.11861],[-77.56429,40.11991],[-77.56499,40.12181],[-77.56969,40.12611],[-77.5729,40.12731],[-77.5766,40.12921],[-77.5814,40.13351],[-77.5844,40.13411],[-77.58739,40.13391],[-77.5906,40.13421],[-77.5925,40.13621],[-77.5927,40.14021],[-77.59869,40.14661],[-77.6019,40.14831],[-77.6038,40.15061],[-77.6069,40.15221],[-77.6092,40.15391],[-77.61,40.15631],[-77.6111,40.15881],[-77.6132,40.16271],[-77.6139,40.16571],[-77.614,40.16971],[-77.6168,40.17291],[-77.6244,40.18441],[-77.6259,40.18941],[-77.62289,40.19151],[-77.6129,40.19971],[-77.6105,40.19391],[-77.60509,40.18551],[-77.5981,40.18891],[-77.5933,40.19211],[-77.5899,40.19641],[-77.5805,40.20371],[-77.5787,40.20591],[-77.577,40.20741],[-77.5749,40.20861],[-77.5713,40.21031],[-77.569,40.21191],[-77.5668,40.21291],[-77.5646,40.21431],[-77.5626,40.21601],[-77.5598,40.21771],[-77.55659,40.21911],[-77.5435,40.21951],[-77.5373,40.21911],[-77.5295,40.22261],[-77.5276,40.22421],[-77.5263,40.22591],[-77.5189,40.22941],[-77.516,40.23041],[-77.51299,40.23271],[-77.5104,40.23431],[-77.50739,40.23561],[-77.50349,40.23701],[-77.4972,40.24021],[-77.4939,40.24261],[-77.4908,40.24421],[-77.48769,40.24621],[-77.4786,40.25121],[-77.4658,40.25961],[-77.46259,40.26261],[-77.4575,40.26621],[-77.452,40.26971],[-77.45029,40.27061],[-77.44569,40.27411],[-77.4426,40.27601],[-77.4376,40.27941],[-77.4319,40.28271],[-77.4264,40.28671],[-77.4225,40.28891],[-77.4202,40.29051],[-77.418,40.29141],[-77.4146,40.29341],[-77.4099,40.29551],[-77.4053,40.29781],[-77.40179,40.29991],[-77.3955,40.30291],[-77.38699,40.30621],[-77.38419,40.30771],[-77.37939,40.30941],[-77.3665,40.31341],[-77.3623,40.31391],[-77.35809,40.31361],[-77.3574,40.31101],[-77.3592,40.30741],[-77.36169,40.30461],[-77.3653,40.30201],[-77.3709,40.29931],[-77.3875,40.28991],[-77.3951,40.28461],[-77.4004,40.28181],[-77.40359,40.27951],[-77.406,40.27721],[-77.40849,40.27521],[-77.4106,40.27251],[-77.41119,40.26961],[-77.4172,40.26601],[-77.4197,40.26391],[-77.4228,40.25901],[-77.42049,40.25581],[-77.417,40.25521],[-77.4125,40.25541],[-77.4071,40.25611],[-77.4025,40.25701],[-77.38589,40.26241],[-77.381,40.26451],[-77.36909,40.27021],[-77.3659,40.27211],[-77.36369,40.27311],[-77.3606,40.27481],[-77.35329,40.27981],[-77.34309,40.28521],[-77.3401,40.28721],[-77.33379,40.29021],[-77.33099,40.29131],[-77.32719,40.29251],[-77.325,40.29271],[-77.3228,40.29231],[-77.3232,40.28941],[-77.3257,40.28641],[-77.3276,40.28351],[-77.3302,40.28071],[-77.33089,40.27681],[-77.32269,40.27071],[-77.3181,40.26801],[-77.3154,40.26751],[-77.3102,40.26801],[-77.3078,40.26871],[-77.3054,40.26911],[-77.3004,40.27071],[-77.2902,40.27331],[-77.28519,40.27521],[-77.2785,40.27641],[-77.26949,40.27871],[-77.2671,40.27921],[-77.2643,40.27931],[-77.2531,40.28181],[-77.24889,40.28221],[-77.24529,40.28221],[-77.24129,40.28301],[-77.23859,40.28411],[-77.2342,40.28361],[-77.2318,40.28361],[-77.228,40.28391],[-77.2243,40.28461],[-77.2212,40.28461],[-77.2174,40.28511],[-77.2135,40.28541],[-77.20969,40.28531],[-77.2067,40.28591],[-77.2029,40.28711],[-77.1979,40.28701],[-77.1943,40.28651],[-77.1916,40.28681],[-77.187,40.28771],[-77.1847,40.28781],[-77.17879,40.28851],[-77.17529,40.28921],[-77.1725,40.28881],[-77.169,40.28961],[-77.16599,40.28941],[-77.159,40.29001],[-77.1558,40.29091],[-77.1502,40.29131],[-77.1422,40.29311],[-77.1355,40.29491],[-77.1325,40.29521],[-77.12869,40.29511],[-77.1254,40.29631],[-77.12299,40.29691],[-77.1186,40.29701],[-77.113,40.29741],[-77.11079,40.29761],[-77.1046,40.29881],[-77.10149,40.29881],[-77.09769,40.30001],[-77.0936,40.30061],[-77.09029,40.30091],[-77.0864,40.30101],[-77.07359,40.30241],[-77.0677,40.30201],[-77.0637,40.30221],[-77.06149,40.30291],[-77.05869,40.30351],[-77.05579,40.30311],[-77.05199,40.30381],[-77.049,40.30391],[-77.0411,40.30461],[-77.0351,40.30431],[-77.0289,40.30431],[-77.0226,40.30411],[-77.0196,40.30431],[-77.0106,40.30541],[-77.00359,40.30591],[-76.9847,40.30881],[-76.9741,40.31021],[-76.9358,40.32111],[-76.9285,40.32351],[-76.9147,40.32841],[-76.911,40.32371],[-76.9142,40.31591],[-76.91679,40.31161],[-76.9217,40.30181]]]}},{"type":"Feature","properties":{"state":"PA","cwa":"CTP","countyname":"Dauphin","fips":"42043"},"geometry":{"type":"Polygon","coordinates":[[[-76.7049,40.65571],[-76.702,40.65681],[-76.6983,40.65631],[-76.66879,40.63761],[-76.6412,40.62081],[-76.6148,40.60431],[-76.6122,40.60251],[-76.6078,40.59991],[-76.5864,40.58631],[-76.56529,40.57361],[-76.5626,40.57181],[-76.5341,40.55431],[-76.5385,40.55341],[-76.58929,40.52491],[-76.62469,40.50471],[-76.67799,40.47471],[-76.66579,40.44251],[-76.6363,40.36651],[-76.6289,40.34801],[-76.6259,40.34011],[-76.61649,40.31781],[-76.6097,40.30091],[-76.6069,40.29301],[-76.60539,40.28931],[-76.603,40.28251],[-76.598,40.26931],[-76.5962,40.26501],[-76.5917,40.25311],[-76.58849,40.24541],[-76.58569,40.23761],[-76.5806,40.22431],[-76.5724,40.20341],[-76.57089,40.19961],[-76.5684,40.19551],[-76.5719,40.19441],[-76.5801,40.19411],[-76.58279,40.19111],[-76.58569,40.18961],[-76.5891,40.19021],[-76.5937,40.18901],[-76.5957,40.18911],[-76.5988,40.18851],[-76.60339,40.18921],[-76.60609,40.19031],[-76.6103,40.18711],[-76.6124,40.18491],[-76.614,40.18241],[-76.6171,40.18001],[-76.6194,40.17911],[-76.62209,40.17931],[-76.62479,40.17831],[-76.6278,40.17561],[-76.62959,40.17311],[-76.6318,40.17091],[-76.63419,40.17041],[-76.63689,40.16841],[-76.6382,40.16701],[-76.6414,40.16651],[-76.6437,40.16511],[-76.6466,40.16501],[-76.6505,40.16581],[-76.65369,40.16481],[-76.657,40.16461],[-76.6609,40.16471],[-76.6635,40.16331],[-76.6662,40.16261],[-76.6689,40.15961],[-76.6721,40.15741],[-76.6707,40.15511],[-76.6726,40.15401],[-76.6746,40.15421],[-76.67609,40.15271],[-76.6773,40.14951],[-76.68089,40.15051],[-76.68359,40.15151],[-76.6871,40.14951],[-76.69019,40.14941],[-76.69019,40.15271],[-76.6914,40.15441],[-76.69189,40.15691],[-76.6946,40.15711],[-76.6973,40.15591],[-76.696,40.15291],[-76.6968,40.14981],[-76.6988,40.14771],[-76.7,40.14521],[-76.70399,40.14421],[-76.7062,40.14201],[-76.7081,40.13961],[-76.70969,40.13711],[-76.7076,40.13541],[-76.7122,40.13281],[-76.7146,40.13211],[-76.7174,40.12861],[-76.7214,40.12001],[-76.7262,40.12171],[-76.73119,40.12231],[-76.7346,40.12391],[-76.7381,40.12631],[-76.74049,40.12821],[-76.7427,40.13031],[-76.74419,40.13291],[-76.7455,40.14261],[-76.7457,40.14521],[-76.74619,40.14821],[-76.7482,40.15521],[-76.7481,40.15811],[-76.7495,40.16931],[-76.7506,40.17271],[-76.7529,40.17571],[-76.757,40.17721],[-76.76019,40.17801],[-76.7635,40.17911],[-76.7669,40.18101],[-76.7725,40.18321],[-76.78,40.18721],[-76.78719,40.19141],[-76.7896,40.19331],[-76.7924,40.19491],[-76.79469,40.19661],[-76.7977,40.19851],[-76.8013,40.20011],[-76.8042,40.20061],[-76.8099,40.20061],[-76.81429,40.20101],[-76.8185,40.20081],[-76.8223,40.20151],[-76.8252,40.20271],[-76.828,40.20441],[-76.8299,40.20711],[-76.8308,40.20981],[-76.834,40.21691],[-76.8379,40.22061],[-76.8416,40.22221],[-76.84489,40.22281],[-76.8539,40.22491],[-76.8568,40.22581],[-76.8591,40.22611],[-76.8681,40.23371],[-76.87289,40.23811],[-76.87849,40.24411],[-76.8819,40.24621],[-76.89,40.25011],[-76.8917,40.25181],[-76.9033,40.26081],[-76.9069,40.26471],[-76.91219,40.27241],[-76.9146,40.27941],[-76.92,40.28511],[-76.92069,40.29031],[-76.9217,40.30181],[-76.91679,40.31161],[-76.9142,40.31591],[-76.911,40.32371],[-76.9147,40.32841],[-76.91599,40.33221],[-76.92519,40.34121],[-76.9275,40.34401],[-76.9285,40.34791],[-76.9332,40.35541],[-76.93729,40.35741],[-76.9417,40.35771],[-76.9455,40.35771],[-76.9492,40.35811],[-76.95219,40.35811],[-76.9572,40.35771],[-76.9613,40.35801],[-76.9656,40.35721],[-76.9683,40.35641],[-76.9758,40.35651],[-76.9828,40.35721],[-76.9871,40.35671],[-76.9959,40.35641],[-77.0034,40.35751],[-77.00819,40.35861],[-77.0115,40.36131],[-77.01849,40.36461],[-77.0211,40.36691],[-77.022,40.37011],[-77.0217,40.37291],[-77.0226,40.37551],[-77.02489,40.37821],[-77.0267,40.38081],[-77.02799,40.38371],[-77.029,40.38701],[-77.0282,40.39141],[-77.0266,40.39371],[-77.0207,40.39811],[-77.01579,40.40021],[-77.013,40.40261],[-77.0118,40.40601],[-77.0123,40.40951],[-77.0133,40.41201],[-77.01559,40.41541],[-77.0168,40.42011],[-77.0159,40.42511],[-77.0134,40.42561],[-77.01009,40.42591],[-77.0046,40.42671],[-77.00159,40.42901],[-76.99789,40.43361],[-76.9954,40.43541],[-76.99229,40.43651],[-76.9909,40.43751],[-76.9889,40.43931],[-76.9855,40.44291],[-76.98109,40.44661],[-76.9788,40.44821],[-76.97359,40.45061],[-76.972,40.45151],[-76.9677,40.45331],[-76.9657,40.45431],[-76.96159,40.45581],[-76.9585,40.45761],[-76.95609,40.45941],[-76.9534,40.46221],[-76.9511,40.46531],[-76.9492,40.46951],[-76.9487,40.47311],[-76.94849,40.48211],[-76.9501,40.48611],[-76.95139,40.48861],[-76.95319,40.49061],[-76.95689,40.49241],[-76.96059,40.49351],[-76.96539,40.49571],[-76.9685,40.49771],[-76.97089,40.49971],[-76.97469,40.50351],[-76.9789,40.50831],[-76.9834,40.51521],[-76.9851,40.52071],[-76.985,40.52601],[-76.9814,40.53331],[-76.9804,40.53861],[-76.9815,40.54261],[-76.9828,40.54541],[-76.9863,40.55151],[-76.9866,40.55381],[-76.98779,40.55681],[-76.99129,40.56121],[-76.99239,40.56441],[-76.9918,40.56731],[-76.9907,40.57051],[-76.98759,40.57481],[-76.9852,40.57681],[-76.9818,40.57891],[-76.9749,40.58211],[-76.97189,40.58381],[-76.9688,40.58511],[-76.9647,40.58751],[-76.9594,40.59161],[-76.9571,40.59481],[-76.9544,40.60001],[-76.95319,40.60291],[-76.9527,40.60501],[-76.9527,40.61131],[-76.95319,40.61671],[-76.9525,40.62051],[-76.9515,40.62441],[-76.9493,40.62781],[-76.9469,40.62531],[-76.9396,40.61641],[-76.935,40.61231],[-76.9301,40.61081],[-76.925,40.60851],[-76.9222,40.60601],[-76.9194,40.60431],[-76.9194,40.60711],[-76.9208,40.60951],[-76.91109,40.61111],[-76.908,40.61121],[-76.9026,40.61181],[-76.8996,40.61061],[-76.8932,40.61011],[-76.89,40.61141],[-76.89149,40.61451],[-76.8902,40.61621],[-76.88699,40.61761],[-76.8827,40.61761],[-76.8779,40.61661],[-76.8752,40.61641],[-76.87209,40.61661],[-76.8697,40.61781],[-76.86919,40.62061],[-76.869,40.62401],[-76.865,40.62731],[-76.8556,40.62601],[-76.84119,40.62561],[-76.837,40.62621],[-76.8325,40.62871],[-76.82819,40.63341],[-76.8238,40.63411],[-76.81989,40.63341],[-76.8139,40.63341],[-76.8103,40.63511],[-76.81,40.64021],[-76.8088,40.64361],[-76.80579,40.64621],[-76.80199,40.64651],[-76.7986,40.64491],[-76.79649,40.64331],[-76.7944,40.64111],[-76.79259,40.64061],[-76.7886,40.64111],[-76.78529,40.64231],[-76.7804,40.64491],[-76.77679,40.64591],[-76.7702,40.64691],[-76.7653,40.64711],[-76.76279,40.64771],[-76.75539,40.64851],[-76.75259,40.65031],[-76.7514,40.65201],[-76.7486,40.65351],[-76.7447,40.65461],[-76.7412,40.65451],[-76.73759,40.65491],[-76.7333,40.65501],[-76.7291,40.65371],[-76.72359,40.65331],[-76.7213,40.65391],[-76.7195,40.65721],[-76.71619,40.65901],[-76.71259,40.65931],[-76.7049,40.65571]]]}},{"type":"Feature","properties":{"state":"PA","cwa":"CTP","countyname":"Elk","fips":"42047"},"geometry":{"type":"Polygon","coordinates":[[[-78.4833,41.61721],[-78.4828,41.60231],[-78.4191,41.60221],[-78.4185,41.55491],[-78.4194,41.54391],[-78.4203,41.52811],[-78.4202,41.50021],[-78.4211,41.47891],[-78.41969,41.46841],[-78.42,41.44671],[-78.4198,41.44051],[-78.4202,41.41821],[-78.42,41.40491],[-78.37119,41.40501],[-78.3549,41.40481],[-78.29369,41.40461],[-78.25739,41.40471],[-78.254,41.40391],[-78.2543,41.38011],[-78.25439,41.32361],[-78.24969,41.32321],[-78.2401,41.32321],[-78.2352,41.32291],[-78.23499,41.31711],[-78.2351,41.29801],[-78.23579,41.26051],[-78.23579,41.25111],[-78.23669,41.23791],[-78.2364,41.23041],[-78.26649,41.23221],[-78.29569,41.23361],[-78.47079,41.24321],[-78.5319,41.24641],[-78.5776,41.24951],[-78.62469,41.25241],[-78.6368,41.25301],[-78.6458,41.25371],[-78.6466,41.25001],[-78.64739,41.23121],[-78.6484,41.21741],[-78.7103,41.20181],[-78.7101,41.22321],[-78.71069,41.23031],[-78.7375,41.23061],[-78.7384,41.23281],[-78.7391,41.25171],[-78.7388,41.25461],[-78.7353,41.26291],[-78.74979,41.26951],[-78.812,41.29681],[-78.88,41.32731],[-78.9592,41.36211],[-78.9594,41.36741],[-78.9598,41.37071],[-78.964,41.36991],[-78.96629,41.37071],[-78.9692,41.37511],[-78.9725,41.37611],[-78.97449,41.37501],[-78.9759,41.37371],[-78.9781,41.37091],[-78.98109,41.36801],[-78.9845,41.36701],[-78.987,41.36791],[-78.9921,41.36831],[-78.9955,41.36661],[-78.9981,41.36451],[-78.9995,41.36221],[-79.0014,41.36021],[-79.0031,41.35921],[-79.0052,41.35901],[-79.0099,41.35901],[-79.014,41.35721],[-79.0172,41.35041],[-79.02,41.35041],[-79.0273,41.35691],[-79.032,41.35761],[-79.0369,41.35761],[-79.0395,41.35681],[-79.04639,41.35361],[-79.04829,41.35211],[-79.0519,41.35131],[-79.0608,41.35061],[-79.06329,41.35011],[-79.06609,41.35021],[-79.06989,41.35181],[-79.0737,41.35381],[-79.0778,41.35391],[-79.0813,41.35251],[-79.0832,41.35081],[-79.0888,41.34391],[-79.0909,41.34201],[-79.09409,41.34091],[-79.09499,41.34901],[-79.09499,41.37161],[-79.0947,41.37631],[-79.0936,41.42331],[-79.06609,41.42321],[-79.064,41.44221],[-79.0637,41.44961],[-79.06319,41.45321],[-78.9767,41.45171],[-78.9767,41.43691],[-78.959,41.43701],[-78.9591,41.50001],[-78.95879,41.50751],[-78.95879,41.51571],[-78.9585,41.53101],[-78.95789,41.54721],[-78.9574,41.57751],[-78.9564,41.61271],[-78.95599,41.62071],[-78.95599,41.62461],[-78.9517,41.62391],[-78.9324,41.62381],[-78.9043,41.62341],[-78.8736,41.62321],[-78.8703,41.62331],[-78.8241,41.62281],[-78.8154,41.62401],[-78.8116,41.62481],[-78.7764,41.62501],[-78.7506,41.62471],[-78.71429,41.62471],[-78.6925,41.62491],[-78.6786,41.62471],[-78.6757,41.62481],[-78.6404,41.62821],[-78.62479,41.62811],[-78.49969,41.62991],[-78.4834,41.62991],[-78.4833,41.61721]]]}},{"type":"Feature","properties":{"state":"PA","cwa":"PBZ","countyname":"Forest","fips":"42053"},"geometry":{"type":"Polygon","coordinates":[[[-79.2486,41.62771],[-79.2007,41.62751],[-79.12479,41.62661],[-79.11449,41.62661],[-79.0982,41.62621],[-79.0832,41.62621],[-79.0553,41.62561],[-79.04369,41.62511],[-79.0335,41.62511],[-78.9865,41.62431],[-78.9628,41.62411],[-78.9591,41.62391],[-78.95599,41.62461],[-78.95599,41.62071],[-78.9564,41.61271],[-78.9574,41.57751],[-78.95789,41.54721],[-78.9585,41.53101],[-78.95879,41.51571],[-78.95879,41.50751],[-78.9591,41.50001],[-78.959,41.43701],[-78.9767,41.43691],[-78.9767,41.45171],[-79.06319,41.45321],[-79.0637,41.44961],[-79.064,41.44221],[-79.06609,41.42321],[-79.0936,41.42331],[-79.0947,41.37631],[-79.09499,41.37161],[-79.09499,41.34901],[-79.09409,41.34091],[-79.0989,41.34231],[-79.1029,41.34241],[-79.1049,41.34101],[-79.1068,41.33611],[-79.1049,41.33241],[-79.1046,41.32981],[-79.106,41.32711],[-79.1097,41.32551],[-79.11269,41.32511],[-79.11539,41.32611],[-79.1169,41.32751],[-79.12289,41.33031],[-79.1256,41.33261],[-79.13229,41.33901],[-79.13689,41.34151],[-79.1404,41.34061],[-79.1484,41.33161],[-79.1552,41.32881],[-79.15929,41.32961],[-79.1628,41.33251],[-79.1625,41.33621],[-79.1605,41.33921],[-79.16029,41.34091],[-79.16209,41.34291],[-79.1672,41.34341],[-79.1691,41.34061],[-79.1682,41.33691],[-79.16679,41.33301],[-79.167,41.33071],[-79.171,41.32641],[-79.1746,41.32561],[-79.1764,41.32961],[-79.1758,41.33601],[-79.1794,41.33881],[-79.1856,41.33841],[-79.1869,41.33411],[-79.1862,41.32941],[-79.1881,41.32641],[-79.19019,41.32501],[-79.19299,41.32411],[-79.2025,41.32681],[-79.2046,41.32871],[-79.2057,41.33051],[-79.2084,41.33171],[-79.2089,41.33401],[-79.20869,41.36841],[-79.2071,41.41761],[-79.2072,41.43071],[-79.21719,41.43101],[-79.2248,41.43091],[-79.2736,41.43161],[-79.35509,41.43241],[-79.3578,41.43291],[-79.3578,41.43611],[-79.3789,41.43621],[-79.39999,41.43551],[-79.4003,41.42641],[-79.4005,41.41291],[-79.4003,41.40311],[-79.4004,41.38661],[-79.4556,41.38651],[-79.47269,41.38631],[-79.4779,41.38531],[-79.4782,41.44011],[-79.5218,41.44051],[-79.52209,41.46041],[-79.5219,41.46521],[-79.5123,41.46521],[-79.5112,41.50021],[-79.5121,41.62451],[-79.4936,41.62471],[-79.47839,41.62501],[-79.4751,41.62521],[-79.4026,41.62571],[-79.3633,41.62641],[-79.2486,41.62771]]]}},{"type":"Feature","properties":{"state":"PA","cwa":"CTP","countyname":"Franklin","fips":"42055"},"geometry":{"type":"Polygon","coordinates":[[[-77.6707,40.25721],[-77.6662,40.25181],[-77.6581,40.25651],[-77.6552,40.25801],[-77.6524,40.25871],[-77.6495,40.25911],[-77.64629,40.25911],[-77.644,40.25711],[-77.6459,40.25281],[-77.6482,40.24961],[-77.64999,40.24791],[-77.64539,40.23891],[-77.6489,40.23331],[-77.6513,40.22991],[-77.65099,40.22681],[-77.6485,40.22181],[-77.6459,40.22381],[-77.6433,40.21821],[-77.6399,40.21771],[-77.62469,40.22751],[-77.6212,40.22931],[-77.617,40.23211],[-77.613,40.23321],[-77.6097,40.23281],[-77.6078,40.23111],[-77.6057,40.22801],[-77.60619,40.22371],[-77.60609,40.21551],[-77.6066,40.20411],[-77.6129,40.19971],[-77.62289,40.19151],[-77.6259,40.18941],[-77.6244,40.18441],[-77.6168,40.17291],[-77.614,40.16971],[-77.6139,40.16571],[-77.6132,40.16271],[-77.6111,40.15881],[-77.61,40.15631],[-77.6092,40.15391],[-77.6069,40.15221],[-77.6038,40.15061],[-77.6019,40.14831],[-77.59869,40.14661],[-77.5927,40.14021],[-77.5925,40.13621],[-77.5906,40.13421],[-77.58739,40.13391],[-77.5844,40.13411],[-77.5814,40.13351],[-77.5766,40.12921],[-77.5729,40.12731],[-77.56969,40.12611],[-77.56499,40.12181],[-77.56429,40.11991],[-77.5629,40.11861],[-77.5627,40.11621],[-77.559,40.10431],[-77.55849,40.10191],[-77.56049,40.09911],[-77.5606,40.09541],[-77.55779,40.09441],[-77.5542,40.09551],[-77.5522,40.09411],[-77.5505,40.09211],[-77.5484,40.09001],[-77.54559,40.08991],[-77.5429,40.08901],[-77.54449,40.08571],[-77.5433,40.08291],[-77.5414,40.07981],[-77.5449,40.07791],[-77.54099,40.07501],[-77.5411,40.07011],[-77.53889,40.06991],[-77.53629,40.07001],[-77.5339,40.06911],[-77.5327,40.06631],[-77.5322,40.06171],[-77.52959,40.05731],[-77.53049,40.05481],[-77.5318,40.05201],[-77.53139,40.04831],[-77.5272,40.04651],[-77.5201,40.04591],[-77.518,40.04371],[-77.51949,40.04011],[-77.5182,40.03781],[-77.5153,40.03481],[-77.5123,40.03321],[-77.5098,40.03111],[-77.508,40.02871],[-77.50909,40.02541],[-77.5076,40.02211],[-77.5056,40.01921],[-77.4999,40.01291],[-77.4986,40.00931],[-77.4958,40.00561],[-77.4899,40.00171],[-77.4882,40.00001],[-77.4869,39.99821],[-77.4847,39.99601],[-77.47919,39.99191],[-77.474,39.99111],[-77.4715,39.98751],[-77.46809,39.98601],[-77.46619,39.98481],[-77.46249,39.97861],[-77.4591,39.97631],[-77.4548,39.97371],[-77.458,39.96611],[-77.4648,39.95531],[-77.47079,39.94541],[-77.47079,39.93211],[-77.4704,39.92861],[-77.4698,39.91711],[-77.46799,39.88981],[-77.4656,39.85531],[-77.46519,39.85151],[-77.46449,39.83911],[-77.4632,39.82351],[-77.4629,39.81411],[-77.46259,39.81121],[-77.4622,39.79451],[-77.46069,39.76031],[-77.4604,39.74621],[-77.4594,39.72001],[-77.4674,39.72001],[-77.4696,39.71961],[-77.4722,39.72001],[-77.5112,39.71991],[-77.56609,39.72041],[-77.6539,39.72061],[-77.6785,39.72091],[-77.71539,39.72101],[-77.7291,39.72121],[-77.7551,39.72121],[-77.799,39.72171],[-77.8752,39.72221],[-77.891,39.72211],[-77.9675,39.72241],[-78.0636,39.72241],[-78.0871,39.72221],[-78.0981,39.72261],[-78.0936,39.72701],[-78.06899,39.74841],[-78.0673,39.75121],[-78.0665,39.75381],[-78.0629,39.75941],[-78.0589,39.76411],[-78.0533,39.77001],[-78.05119,39.77291],[-78.0494,39.77491],[-78.0407,39.78581],[-78.03699,39.79011],[-78.0357,39.79251],[-78.0321,39.79581],[-78.02859,39.79951],[-78.0177,39.80841],[-78.0124,39.81451],[-78.0023,39.82731],[-78.0,39.83121],[-77.9966,39.83611],[-77.9931,39.84251],[-77.9907,39.84581],[-77.9863,39.85261],[-77.9834,39.85661],[-77.97949,39.86341],[-77.97739,39.86751],[-77.976,39.87081],[-77.97479,39.87241],[-77.97359,39.87501],[-77.9702,39.88491],[-77.9692,39.88681],[-77.9684,39.88931],[-77.967,39.89241],[-77.9655,39.89481],[-77.9648,39.89801],[-77.9637,39.90071],[-77.9617,39.90391],[-77.96,39.90811],[-77.9585,39.91351],[-77.9566,39.91631],[-77.9548,39.92021],[-77.9544,39.92241],[-77.95509,39.92421],[-77.95589,39.92731],[-77.9535,39.93131],[-77.95129,39.93271],[-77.9482,39.93421],[-77.946,39.93641],[-77.94289,39.94231],[-77.94109,39.94421],[-77.9375,39.94991],[-77.9371,39.95621],[-77.9356,39.96161],[-77.93359,39.96551],[-77.93069,39.97351],[-77.9263,39.97931],[-77.9241,39.98521],[-77.9221,39.98761],[-77.91949,39.99271],[-77.9209,39.99761],[-77.92049,40.00071],[-77.9189,40.00381],[-77.9161,40.00741],[-77.9142,40.01021],[-77.9119,40.01231],[-77.9096,40.01481],[-77.90749,40.01641],[-77.9051,40.02011],[-77.90389,40.02351],[-77.8994,40.02821],[-77.894,40.03291],[-77.8912,40.03661],[-77.8838,40.04771],[-77.8816,40.05011],[-77.8764,40.05461],[-77.8741,40.05591],[-77.8681,40.05981],[-77.8657,40.06111],[-77.86369,40.06161],[-77.8613,40.06271],[-77.8595,40.06481],[-77.8556,40.07071],[-77.8528,40.07631],[-77.8483,40.08251],[-77.8466,40.08511],[-77.8432,40.09211],[-77.8397,40.09761],[-77.83669,40.10301],[-77.8335,40.10761],[-77.8303,40.11271],[-77.8285,40.11501],[-77.8267,40.11801],[-77.8232,40.12281],[-77.8212,40.12601],[-77.8195,40.12841],[-77.81709,40.13111],[-77.8148,40.13461],[-77.81319,40.13881],[-77.81139,40.14261],[-77.8089,40.14631],[-77.80379,40.15481],[-77.8025,40.15671],[-77.79839,40.16371],[-77.79459,40.16941],[-77.78899,40.17691],[-77.78,40.18841],[-77.77579,40.19341],[-77.7734,40.19721],[-77.7686,40.20381],[-77.766,40.20601],[-77.75639,40.21731],[-77.7512,40.22311],[-77.7457,40.22871],[-77.7437,40.23101],[-77.7409,40.23381],[-77.7383,40.23681],[-77.7287,40.24621],[-77.7224,40.25171],[-77.7197,40.25381],[-77.71609,40.25601],[-77.71249,40.25851],[-77.708,40.26221],[-77.70319,40.26401],[-77.6997,40.26481],[-77.6978,40.26671],[-77.69099,40.27271],[-77.6878,40.27471],[-77.6809,40.28061],[-77.6787,40.28271],[-77.6713,40.29041],[-77.66409,40.28031],[-77.6598,40.27471],[-77.6578,40.26921],[-77.6616,40.26631],[-77.6688,40.26041],[-77.6707,40.25721]]]}},{"type":"Feature","properties":{"state":"PA","cwa":"CTP","countyname":"Fulton","fips":"42057"},"geometry":{"type":"Polygon","coordinates":[[[-78.0936,39.72701],[-78.0981,39.72261],[-78.1133,39.72221],[-78.1339,39.72241],[-78.20309,39.72251],[-78.2372,39.72271],[-78.2403,39.72251],[-78.24969,39.72281],[-78.26929,39.72261],[-78.3145,39.72301],[-78.3387,39.72251],[-78.3453,39.72171],[-78.3532,39.72271],[-78.3614,39.72261],[-78.38029,39.72271],[-78.3744,39.72781],[-78.37119,39.73141],[-78.3632,39.74141],[-78.3519,39.75371],[-78.3489,39.75661],[-78.346,39.75911],[-78.3436,39.76171],[-78.3416,39.76541],[-78.3373,39.77161],[-78.334,39.77551],[-78.3286,39.78131],[-78.3275,39.78411],[-78.3257,39.78701],[-78.323,39.79211],[-78.322,39.79481],[-78.3201,39.79671],[-78.3173,39.80001],[-78.299,39.82521],[-78.29269,39.83861],[-78.291,39.84261],[-78.28989,39.84601],[-78.2873,39.85141],[-78.28439,39.85931],[-78.281,39.86731],[-78.2794,39.87191],[-78.27789,39.87741],[-78.27699,39.87981],[-78.27579,39.88231],[-78.2719,39.88921],[-78.271,39.89131],[-78.2702,39.89341],[-78.2689,39.90001],[-78.2673,39.90331],[-78.24969,39.93611],[-78.2434,39.94591],[-78.241,39.94791],[-78.2392,39.95091],[-78.2382,39.95531],[-78.2372,39.95831],[-78.2353,39.96281],[-78.23389,39.96591],[-78.2309,39.97141],[-78.22549,39.98321],[-78.22369,39.98641],[-78.21899,39.99401],[-78.2159,39.99761],[-78.21339,40.00011],[-78.2091,40.00501],[-78.2016,40.01411],[-78.2036,40.01731],[-78.2035,40.02091],[-78.2029,40.02401],[-78.2027,40.02711],[-78.20319,40.03031],[-78.2049,40.03261],[-78.2055,40.03671],[-78.2047,40.04101],[-78.2026,40.04341],[-78.19939,40.04571],[-78.1972,40.04641],[-78.19099,40.04681],[-78.18719,40.04781],[-78.1839,40.05081],[-78.1822,40.05461],[-78.1813,40.05841],[-78.183,40.05931],[-78.1853,40.06081],[-78.187,40.06421],[-78.1896,40.06611],[-78.1934,40.06681],[-78.19659,40.06701],[-78.19939,40.06771],[-78.2029,40.06951],[-78.2047,40.07261],[-78.20429,40.07581],[-78.2036,40.07921],[-78.2036,40.08251],[-78.20509,40.08581],[-78.1974,40.09431],[-78.18829,40.10181],[-78.15829,40.12221],[-78.1569,40.12511],[-78.13969,40.15611],[-78.1346,40.16491],[-78.1327,40.16421],[-78.1097,40.15101],[-78.07819,40.13351],[-78.0607,40.12961],[-78.0393,40.12511],[-78.0293,40.12281],[-78.02399,40.12191],[-78.00999,40.11911],[-77.9501,40.10691],[-77.92529,40.10331],[-77.9172,40.09851],[-77.89529,40.08321],[-77.86369,40.06161],[-77.8657,40.06111],[-77.8681,40.05981],[-77.8741,40.05591],[-77.8764,40.05461],[-77.8816,40.05011],[-77.8838,40.04771],[-77.8912,40.03661],[-77.894,40.03291],[-77.8994,40.02821],[-77.90389,40.02351],[-77.9051,40.02011],[-77.90749,40.01641],[-77.9096,40.01481],[-77.9119,40.01231],[-77.9142,40.01021],[-77.9161,40.00741],[-77.9189,40.00381],[-77.92049,40.00071],[-77.9209,39.99761],[-77.91949,39.99271],[-77.9221,39.98761],[-77.9241,39.98521],[-77.9263,39.97931],[-77.93069,39.97351],[-77.93359,39.96551],[-77.9356,39.96161],[-77.9371,39.95621],[-77.9375,39.94991],[-77.94109,39.94421],[-77.94289,39.94231],[-77.946,39.93641],[-77.9482,39.93421],[-77.95129,39.93271],[-77.9535,39.93131],[-77.95589,39.92731],[-77.95509,39.92421],[-77.9544,39.92241],[-77.9548,39.92021],[-77.9566,39.91631],[-77.9585,39.91351],[-77.96,39.90811],[-77.9617,39.90391],[-77.9637,39.90071],[-77.9648,39.89801],[-77.9655,39.89481],[-77.967,39.89241],[-77.9684,39.88931],[-77.9692,39.88681],[-77.9702,39.88491],[-77.97359,39.87501],[-77.97479,39.87241],[-77.976,39.87081],[-77.97739,39.86751],[-77.97949,39.86341],[-77.9834,39.85661],[-77.9863,39.85261],[-77.9907,39.84581],[-77.9931,39.84251],[-77.9966,39.83611],[-78.0,39.83121],[-78.0023,39.82731],[-78.0124,39.81451],[-78.0177,39.80841],[-78.02859,39.79951],[-78.0321,39.79581],[-78.0357,39.79251],[-78.03699,39.79011],[-78.0407,39.78581],[-78.0494,39.77491],[-78.05119,39.77291],[-78.0533,39.77001],[-78.0589,39.76411],[-78.0629,39.75941],[-78.0665,39.75381],[-78.0673,39.75121],[-78.06899,39.74841],[-78.0936,39.72701]]]}},{"type":"Feature","properties":{"state":"PA","cwa":"PBZ","countyname":"Greene","fips":"42059"},"geometry":{"type":"Polygon","coordinates":[[[-80.29449,40.01871],[-80.2921,40.02031],[-80.28799,40.01921],[-80.2859,40.01571],[-80.2847,40.01281],[-80.2802,40.01301],[-80.27679,40.01291],[-80.2737,40.01331],[-80.2728,40.01081],[-80.27209,40.00761],[-80.2746,40.00671],[-80.27579,40.00481],[-80.2736,40.00291],[-80.27,40.00281],[-80.26649,40.00191],[-80.2625,40.00291],[-80.2593,40.00391],[-80.2565,40.00331],[-80.25349,40.00511],[-80.25159,40.00751],[-80.2457,40.00711],[-80.24339,40.00751],[-80.2418,40.00941],[-80.2393,40.00931],[-80.2362,40.00861],[-80.2333,40.00831],[-80.2308,40.00761],[-80.2282,40.00741],[-80.226,40.00751],[-80.22359,40.00531],[-80.2186,40.00381],[-80.2142,40.00281],[-80.2118,40.00331],[-80.2082,40.00491],[-80.2044,40.00351],[-80.199,40.00391],[-80.1953,40.00501],[-80.1935,40.00451],[-80.19109,40.00241],[-80.1879,40.00291],[-80.1832,40.00311],[-80.1803,40.00711],[-80.1759,40.00801],[-80.1737,40.00701],[-80.1703,40.00581],[-80.1666,40.00501],[-80.1624,40.00361],[-80.1599,40.00241],[-80.1563,39.99931],[-80.1553,39.99651],[-80.15279,39.99641],[-80.1502,39.99451],[-80.1465,39.99431],[-80.14429,39.99371],[-80.14169,39.99351],[-80.1365,39.99241],[-80.1336,39.99061],[-80.1292,39.98851],[-80.1223,39.99011],[-80.12009,39.99081],[-80.1179,39.99121],[-80.11079,39.98841],[-80.1087,39.98991],[-80.1054,39.99091],[-80.1022,39.99051],[-80.0972,39.99171],[-80.0927,39.99191],[-80.08739,39.99081],[-80.0724,40.00011],[-80.06779,40.00341],[-80.0666,40.00521],[-80.0643,40.00661],[-80.0611,40.00891],[-80.0581,40.00811],[-80.0591,40.00451],[-80.05379,40.00481],[-80.05,40.00631],[-80.047,40.00451],[-80.04559,40.00231],[-80.0443,39.99921],[-80.03989,39.99611],[-80.0433,39.99461],[-80.04649,39.99291],[-80.0508,39.98891],[-80.0489,39.98591],[-80.04549,39.98471],[-80.049,39.97981],[-80.047,39.97781],[-80.04379,39.97661],[-80.04099,39.97471],[-80.0379,39.97501],[-80.03529,39.97601],[-80.03239,39.97781],[-80.0336,39.98071],[-80.0331,39.98351],[-80.0282,39.98291],[-80.0254,39.98131],[-80.0225,39.98031],[-80.0207,39.97891],[-80.0181,39.97761],[-80.0154,39.97911],[-80.0134,39.98151],[-80.0105,39.98331],[-80.0071,39.98461],[-80.0049,39.98461],[-79.9996,39.98391],[-80.003,39.98161],[-80.0062,39.97981],[-80.0086,39.97781],[-80.0099,39.97561],[-80.0106,39.97291],[-80.0107,39.97031],[-80.0102,39.96181],[-80.009,39.95851],[-80.007,39.95621],[-79.9996,39.95141],[-79.9968,39.95011],[-79.99409,39.94951],[-79.9907,39.94981],[-79.987,39.95091],[-79.97929,39.95391],[-79.97479,39.95501],[-79.9716,39.95541],[-79.96809,39.95551],[-79.9642,39.95501],[-79.9583,39.95361],[-79.9556,39.95251],[-79.953,39.95111],[-79.95029,39.94931],[-79.9437,39.94391],[-79.9413,39.94121],[-79.9351,39.93361],[-79.9306,39.92901],[-79.92709,39.92611],[-79.9248,39.92381],[-79.9231,39.92041],[-79.9238,39.91691],[-79.9274,39.91231],[-79.92889,39.90951],[-79.9295,39.90701],[-79.9291,39.90431],[-79.9285,39.90261],[-79.9246,39.89601],[-79.92339,39.89331],[-79.922,39.89131],[-79.92039,39.88861],[-79.9171,39.88481],[-79.9154,39.88051],[-79.9166,39.87711],[-79.9194,39.87521],[-79.9255,39.87311],[-79.92899,39.87071],[-79.9305,39.86711],[-79.9295,39.86501],[-79.9266,39.86151],[-79.925,39.85931],[-79.9246,39.85671],[-79.92599,39.85401],[-79.9277,39.85261],[-79.93629,39.84791],[-79.93819,39.84611],[-79.93819,39.84351],[-79.93639,39.84171],[-79.9332,39.84051],[-79.93069,39.84031],[-79.9277,39.83971],[-79.9246,39.83831],[-79.923,39.83511],[-79.9218,39.83171],[-79.9219,39.82351],[-79.92149,39.82031],[-79.9213,39.81661],[-79.9209,39.81421],[-79.91959,39.81161],[-79.91779,39.80921],[-79.9162,39.80741],[-79.91409,39.80551],[-79.9118,39.80241],[-79.91019,39.79961],[-79.90929,39.79741],[-79.9088,39.79351],[-79.9099,39.79071],[-79.9116,39.78931],[-79.91399,39.78801],[-79.9165,39.78721],[-79.9211,39.78661],[-79.9276,39.78641],[-79.92989,39.78611],[-79.93259,39.78471],[-79.9343,39.78171],[-79.935,39.77851],[-79.93439,39.77531],[-79.9329,39.77111],[-79.9339,39.76771],[-79.93449,39.76421],[-79.9325,39.76051],[-79.9304,39.75751],[-79.9285,39.75601],[-79.9255,39.75461],[-79.92239,39.75361],[-79.9157,39.75251],[-79.91309,39.75171],[-79.91029,39.74981],[-79.9072,39.74741],[-79.905,39.74521],[-79.9035,39.74281],[-79.9033,39.74011],[-79.9043,39.73721],[-79.9057,39.73421],[-79.90929,39.72951],[-79.9105,39.72751],[-79.9126,39.72471],[-79.9157,39.72101],[-79.9247,39.72071],[-79.9502,39.72071],[-79.99979,39.72121],[-80.0803,39.72141],[-80.0843,39.72121],[-80.10519,39.72111],[-80.2278,39.72121],[-80.25829,39.72101],[-80.30779,39.72131],[-80.3716,39.72141],[-80.4115,39.72121],[-80.4219,39.72051],[-80.4259,39.72121],[-80.4677,39.72131],[-80.4956,39.72121],[-80.5149,39.72141],[-80.51929,39.72231],[-80.51929,39.73731],[-80.51949,39.74441],[-80.51929,39.76411],[-80.5195,39.76731],[-80.51929,39.77991],[-80.51939,39.80621],[-80.5191,39.83311],[-80.5192,39.83601],[-80.519,39.84471],[-80.519,39.86531],[-80.5192,39.87511],[-80.519,39.87811],[-80.5189,39.89661],[-80.51929,39.93341],[-80.5192,39.95801],[-80.5188,39.96311],[-80.5155,39.96101],[-80.51279,39.96011],[-80.5106,39.95961],[-80.5077,39.95701],[-80.5009,39.95441],[-80.50089,39.95681],[-80.4973,39.95851],[-80.493,39.95911],[-80.4907,39.96101],[-80.48859,39.96161],[-80.4872,39.96031],[-80.48869,39.95841],[-80.4909,39.95681],[-80.4901,39.95451],[-80.4869,39.95461],[-80.48199,39.95341],[-80.48029,39.95271],[-80.4757,39.95221],[-80.4716,39.95461],[-80.4665,39.95561],[-80.46809,39.95811],[-80.4704,39.96071],[-80.4685,39.96141],[-80.46519,39.96121],[-80.46149,39.96181],[-80.4591,39.96361],[-80.46149,39.96661],[-80.45789,39.96891],[-80.4554,39.97081],[-80.4536,39.97271],[-80.45129,39.97041],[-80.4508,39.96751],[-80.4483,39.96711],[-80.44769,39.97001],[-80.4444,39.97461],[-80.4353,39.97741],[-80.4324,39.97701],[-80.4296,39.97551],[-80.4266,39.97271],[-80.4226,39.97271],[-80.42049,39.97461],[-80.4172,39.97531],[-80.4134,39.97671],[-80.40929,39.97661],[-80.4051,39.97741],[-80.4015,39.97831],[-80.3974,39.97781],[-80.396,39.97961],[-80.39549,39.98311],[-80.3929,39.98601],[-80.391,39.98781],[-80.38779,39.98921],[-80.3798,39.99371],[-80.3752,39.99511],[-80.3725,39.99641],[-80.37,39.99701],[-80.35709,39.99701],[-80.35439,39.99741],[-80.3512,40.00031],[-80.3481,40.00101],[-80.3443,40.00061],[-80.3417,40.00191],[-80.3332,40.00361],[-80.33099,40.00481],[-80.3286,40.00511],[-80.3256,40.00481],[-80.3224,40.00561],[-80.3203,40.00491],[-80.3175,40.00351],[-80.3152,40.00371],[-80.313,40.00341],[-80.3111,40.00481],[-80.3092,40.00751],[-80.31,40.01271],[-80.3103,40.01671],[-80.3069,40.01811],[-80.30379,40.01991],[-80.3007,40.02041],[-80.29749,40.01991],[-80.29449,40.01871]]]}},{"type":"Feature","properties":{"state":"PA","cwa":"CTP","countyname":"Huntingdon","fips":"42061"},"geometry":{"type":"Polygon","coordinates":[[[-77.7687,40.71921],[-77.74969,40.72241],[-77.73689,40.72431],[-77.71819,40.72681],[-77.71049,40.71451],[-77.6838,40.72871],[-77.6813,40.72971],[-77.6766,40.71641],[-77.68159,40.71371],[-77.6889,40.71071],[-77.701,40.70511],[-77.69949,40.69921],[-77.7005,40.69571],[-77.70309,40.69271],[-77.70689,40.69141],[-77.7073,40.68801],[-77.7038,40.67991],[-77.7001,40.68091],[-77.6945,40.68201],[-77.6889,40.68401],[-77.6861,40.68451],[-77.6825,40.68391],[-77.6871,40.67671],[-77.69099,40.67471],[-77.6944,40.67261],[-77.7108,40.66201],[-77.71539,40.65991],[-77.7202,40.65661],[-77.7244,40.65141],[-77.72749,40.64911],[-77.7308,40.64701],[-77.73479,40.64491],[-77.7381,40.64261],[-77.74329,40.63891],[-77.75079,40.63291],[-77.7538,40.63151],[-77.75909,40.62961],[-77.7704,40.62651],[-77.7735,40.62511],[-77.77579,40.62281],[-77.7804,40.61901],[-77.78809,40.61171],[-77.7925,40.60781],[-77.7951,40.60521],[-77.7991,40.60231],[-77.8007,40.60021],[-77.8099,40.59061],[-77.81219,40.58851],[-77.8144,40.58581],[-77.8174,40.58251],[-77.8201,40.58001],[-77.82179,40.57801],[-77.8286,40.56891],[-77.83289,40.56221],[-77.8373,40.55611],[-77.8387,40.55451],[-77.8407,40.55161],[-77.8321,40.53091],[-77.8211,40.50921],[-77.8164,40.49961],[-77.8183,40.49841],[-77.8261,40.49261],[-77.8287,40.49101],[-77.8314,40.48811],[-77.8358,40.48421],[-77.8378,40.48151],[-77.84209,40.47641],[-77.8435,40.47421],[-77.848,40.46961],[-77.8501,40.46701],[-77.8557,40.46071],[-77.85889,40.45771],[-77.86089,40.45521],[-77.8653,40.45071],[-77.8671,40.44861],[-77.8695,40.44611],[-77.8742,40.44191],[-77.8762,40.43981],[-77.88039,40.43601],[-77.88599,40.43041],[-77.8894,40.42801],[-77.8912,40.42571],[-77.8923,40.42351],[-77.89349,40.42181],[-77.8978,40.41691],[-77.9076,40.41201],[-77.91399,40.40821],[-77.9136,40.39821],[-77.8921,40.39861],[-77.8891,40.39791],[-77.8881,40.39191],[-77.8844,40.39221],[-77.8818,40.39271],[-77.8759,40.39351],[-77.8727,40.39321],[-77.87029,40.39151],[-77.8715,40.38781],[-77.8725,40.38561],[-77.87289,40.38331],[-77.8723,40.38081],[-77.8696,40.37671],[-77.8657,40.37211],[-77.8615,40.36991],[-77.8593,40.36691],[-77.8568,40.36531],[-77.85349,40.36481],[-77.8502,40.36581],[-77.8464,40.36811],[-77.8443,40.36891],[-77.84109,40.36911],[-77.8378,40.36891],[-77.83569,40.36801],[-77.83379,40.36691],[-77.8294,40.36381],[-77.8264,40.36251],[-77.823,40.36121],[-77.8205,40.36061],[-77.8177,40.36091],[-77.8154,40.36221],[-77.81339,40.36391],[-77.8103,40.36821],[-77.7989,40.36861],[-77.77859,40.36871],[-77.7608,40.36961],[-77.7534,40.37741],[-77.7513,40.37941],[-77.75,40.37451],[-77.7459,40.36461],[-77.7392,40.34921],[-77.72559,40.31661],[-77.7226,40.31021],[-77.71799,40.29941],[-77.71329,40.28741],[-77.70959,40.27931],[-77.70319,40.26401],[-77.708,40.26221],[-77.71249,40.25851],[-77.71609,40.25601],[-77.7197,40.25381],[-77.7224,40.25171],[-77.7287,40.24621],[-77.7383,40.23681],[-77.7409,40.23381],[-77.7437,40.23101],[-77.7457,40.22871],[-77.7512,40.22311],[-77.75639,40.21731],[-77.766,40.20601],[-77.7686,40.20381],[-77.7734,40.19721],[-77.77579,40.19341],[-77.78,40.18841],[-77.78899,40.17691],[-77.79459,40.16941],[-77.79839,40.16371],[-77.8025,40.15671],[-77.80379,40.15481],[-77.8089,40.14631],[-77.81139,40.14261],[-77.81319,40.13881],[-77.8148,40.13461],[-77.81709,40.13111],[-77.8195,40.12841],[-77.8212,40.12601],[-77.8232,40.12281],[-77.8267,40.11801],[-77.8285,40.11501],[-77.8303,40.11271],[-77.8335,40.10761],[-77.83669,40.10301],[-77.8397,40.09761],[-77.8432,40.09211],[-77.8466,40.08511],[-77.8483,40.08251],[-77.8528,40.07631],[-77.8556,40.07071],[-77.8595,40.06481],[-77.8613,40.06271],[-77.86369,40.06161],[-77.89529,40.08321],[-77.9172,40.09851],[-77.92529,40.10331],[-77.9501,40.10691],[-78.00999,40.11911],[-78.02399,40.12191],[-78.0293,40.12281],[-78.0393,40.12511],[-78.0607,40.12961],[-78.07819,40.13351],[-78.1097,40.15101],[-78.1327,40.16421],[-78.1346,40.16491],[-78.1372,40.16681],[-78.14059,40.16881],[-78.1814,40.19251],[-78.22739,40.21951],[-78.2305,40.22121],[-78.2361,40.22461],[-78.23689,40.22681],[-78.244,40.25011],[-78.24899,40.26791],[-78.2533,40.28361],[-78.2567,40.29881],[-78.2502,40.31161],[-78.2475,40.31611],[-78.2457,40.31861],[-78.236,40.33321],[-78.2316,40.33891],[-78.2241,40.34701],[-78.2223,40.34831],[-78.2196,40.35071],[-78.21629,40.35391],[-78.2142,40.35631],[-78.21249,40.35891],[-78.2113,40.36141],[-78.21049,40.36371],[-78.209,40.36711],[-78.2067,40.37001],[-78.2055,40.37271],[-78.2039,40.37501],[-78.1992,40.38051],[-78.1969,40.38351],[-78.1912,40.39151],[-78.1889,40.39581],[-78.18629,40.39991],[-78.1819,40.40471],[-78.17799,40.40861],[-78.1738,40.41431],[-78.17139,40.41721],[-78.16859,40.42141],[-78.16019,40.43271],[-78.157,40.43621],[-78.15549,40.43851],[-78.15189,40.44501],[-78.14899,40.44891],[-78.1423,40.45971],[-78.13419,40.47321],[-78.1301,40.48271],[-78.12949,40.48571],[-78.12949,40.48921],[-78.1308,40.49081],[-78.1318,40.49311],[-78.13319,40.49541],[-78.1357,40.49611],[-78.1405,40.49321],[-78.1452,40.48991],[-78.15099,40.48691],[-78.15359,40.48931],[-78.15379,40.49301],[-78.15359,40.49691],[-78.1521,40.50481],[-78.15079,40.50951],[-78.1493,40.52391],[-78.14809,40.52961],[-78.1468,40.53411],[-78.1455,40.53681],[-78.1403,40.54531],[-78.1391,40.55111],[-78.1344,40.55911],[-78.1325,40.56301],[-78.1289,40.56791],[-78.1307,40.56921],[-78.133,40.57021],[-78.1357,40.56931],[-78.1375,40.56581],[-78.14,40.55841],[-78.1418,40.55611],[-78.1448,40.55361],[-78.145,40.55051],[-78.1461,40.54801],[-78.1492,40.54611],[-78.1492,40.54351],[-78.15009,40.54131],[-78.1523,40.54071],[-78.155,40.54031],[-78.1579,40.53801],[-78.1618,40.53701],[-78.1637,40.53521],[-78.16689,40.53171],[-78.17049,40.53371],[-78.17339,40.53451],[-78.1762,40.53451],[-78.1785,40.53741],[-78.18069,40.53961],[-78.1823,40.54161],[-78.186,40.54491],[-78.18739,40.54841],[-78.18999,40.55181],[-78.19289,40.55441],[-78.1945,40.55611],[-78.1965,40.55881],[-78.19379,40.56271],[-78.19109,40.56611],[-78.1878,40.57071],[-78.186,40.57371],[-78.1833,40.57691],[-78.1783,40.58381],[-78.17789,40.58751],[-78.1786,40.59041],[-78.1801,40.59351],[-78.18369,40.59531],[-78.16869,40.61631],[-78.16779,40.61921],[-78.1698,40.62121],[-78.17149,40.62411],[-78.1726,40.62741],[-78.17519,40.62811],[-78.1784,40.62711],[-78.18169,40.62881],[-78.1833,40.63031],[-78.186,40.63181],[-78.18909,40.63291],[-78.1902,40.63561],[-78.19189,40.63821],[-78.1963,40.63891],[-78.1963,40.64141],[-78.1972,40.64481],[-78.19849,40.64841],[-78.2027,40.65291],[-78.20589,40.65501],[-78.2074,40.65681],[-78.2138,40.66551],[-78.2207,40.67311],[-78.22169,40.67511],[-78.2178,40.68171],[-78.2148,40.68581],[-78.2095,40.69141],[-78.2071,40.69321],[-78.2049,40.69551],[-78.2024,40.69761],[-78.1999,40.69851],[-78.19579,40.69711],[-78.19119,40.70031],[-78.18919,40.70131],[-78.18279,40.70571],[-78.1746,40.71011],[-78.1688,40.71281],[-78.16409,40.71351],[-78.1628,40.71201],[-78.1608,40.71181],[-78.1581,40.71241],[-78.1557,40.71441],[-78.15569,40.71711],[-78.1524,40.71871],[-78.1487,40.71991],[-78.1451,40.72131],[-78.13799,40.72491],[-78.127,40.73171],[-78.1215,40.73571],[-78.1189,40.73721],[-78.1168,40.73901],[-78.1066,40.73671],[-77.9442,40.69161],[-77.9049,40.71081],[-77.8918,40.71741],[-77.88499,40.72051],[-77.8684,40.72701],[-77.864,40.72901],[-77.85259,40.73331],[-77.84769,40.73531],[-77.8389,40.73851],[-77.83279,40.74101],[-77.82809,40.74271],[-77.8249,40.74351],[-77.81339,40.73851],[-77.8101,40.73731],[-77.7896,40.72821],[-77.7687,40.71921]]]}},{"type":"Feature","properties":{"state":"PA","cwa":"PBZ","countyname":"Indiana","fips":"42063"},"geometry":{"type":"Polygon","coordinates":[[[-79.2043,40.91121],[-79.1438,40.91061],[-79.1252,40.91061],[-79.1206,40.91041],[-79.074,40.90981],[-79.0512,40.90971],[-79.01749,40.90921],[-78.9555,40.90861],[-78.9302,40.90791],[-78.91309,40.90761],[-78.867,40.90621],[-78.8052,40.90601],[-78.8059,40.87831],[-78.80589,40.87381],[-78.8064,40.86161],[-78.8064,40.81981],[-78.80659,40.78041],[-78.8064,40.76601],[-78.8063,40.73501],[-78.80569,40.72951],[-78.80309,40.72811],[-78.8017,40.72451],[-78.7998,40.71731],[-78.8018,40.71791],[-78.8081,40.72061],[-78.8163,40.70351],[-78.8323,40.66711],[-78.83929,40.65081],[-78.84319,40.64321],[-78.85059,40.62701],[-78.8512,40.62511],[-78.85419,40.61791],[-78.8597,40.60561],[-78.87199,40.58121],[-78.897,40.53301],[-78.9101,40.50721],[-78.9137,40.49951],[-78.9404,40.45311],[-78.97469,40.39601],[-78.97669,40.39791],[-78.97919,40.40071],[-78.98109,40.40351],[-78.9823,40.40581],[-78.9861,40.40991],[-78.988,40.41151],[-78.9907,40.41241],[-78.99599,40.41311],[-79.00919,40.41791],[-79.01189,40.41941],[-79.01769,40.42031],[-79.02129,40.41991],[-79.02679,40.41961],[-79.03,40.41901],[-79.03249,40.41741],[-79.03419,40.41211],[-79.0338,40.40931],[-79.03159,40.40821],[-79.02859,40.40571],[-79.0318,40.40241],[-79.03329,40.39881],[-79.036,40.39631],[-79.03999,40.39581],[-79.0413,40.39241],[-79.045,40.39111],[-79.0477,40.39061],[-79.05109,40.38961],[-79.0573,40.38401],[-79.0599,40.38001],[-79.0648,40.37911],[-79.0695,40.38051],[-79.07359,40.38491],[-79.07629,40.38711],[-79.0795,40.38881],[-79.0821,40.38951],[-79.08739,40.38771],[-79.0901,40.38121],[-79.0923,40.37831],[-79.09499,40.37561],[-79.09679,40.37131],[-79.1008,40.36881],[-79.10419,40.36941],[-79.10979,40.37331],[-79.1148,40.37241],[-79.12109,40.37061],[-79.12469,40.37291],[-79.1273,40.37551],[-79.1281,40.37821],[-79.12849,40.38181],[-79.12859,40.38501],[-79.12579,40.38771],[-79.12119,40.38971],[-79.118,40.38971],[-79.1158,40.38931],[-79.11649,40.39391],[-79.1235,40.39511],[-79.13499,40.39831],[-79.1377,40.39861],[-79.1461,40.39781],[-79.1495,40.39801],[-79.1535,40.40051],[-79.15189,40.40731],[-79.1525,40.40941],[-79.15469,40.41131],[-79.15839,40.41171],[-79.1634,40.41051],[-79.17509,40.41131],[-79.1841,40.41381],[-79.1915,40.41511],[-79.1942,40.41411],[-79.19669,40.41221],[-79.2008,40.41121],[-79.2072,40.41581],[-79.2104,40.42061],[-79.2128,40.42301],[-79.21529,40.42471],[-79.222,40.42681],[-79.2248,40.42741],[-79.22829,40.42941],[-79.2307,40.43021],[-79.2341,40.43071],[-79.2392,40.43021],[-79.2435,40.43111],[-79.2476,40.43171],[-79.2502,40.42931],[-79.25369,40.42301],[-79.255,40.42141],[-79.2626,40.41711],[-79.26569,40.41641],[-79.26839,40.41681],[-79.271,40.41771],[-79.2735,40.41941],[-79.2737,40.42231],[-79.2718,40.42471],[-79.2699,40.42661],[-79.2695,40.42851],[-79.27049,40.43441],[-79.2725,40.43871],[-79.2747,40.44021],[-79.2779,40.44151],[-79.2807,40.44231],[-79.28329,40.44281],[-79.28539,40.44171],[-79.2878,40.43811],[-79.29,40.43651],[-79.29829,40.43461],[-79.3013,40.43571],[-79.3018,40.43861],[-79.3,40.44471],[-79.3014,40.44801],[-79.30129,40.45181],[-79.299,40.45411],[-79.298,40.45581],[-79.29929,40.45941],[-79.30099,40.46101],[-79.3032,40.46121],[-79.3103,40.45981],[-79.31689,40.45901],[-79.3204,40.45781],[-79.3228,40.45581],[-79.3248,40.45331],[-79.3278,40.45251],[-79.3302,40.45461],[-79.3312,40.46041],[-79.332,40.46251],[-79.33379,40.46461],[-79.3362,40.46641],[-79.3387,40.46991],[-79.3429,40.46971],[-79.34509,40.46771],[-79.3455,40.46441],[-79.3454,40.46081],[-79.34589,40.45481],[-79.3473,40.45281],[-79.3507,40.45191],[-79.3539,40.45171],[-79.35699,40.45211],[-79.3606,40.45491],[-79.362,40.45921],[-79.3623,40.46251],[-79.3605,40.46531],[-79.3585,40.47031],[-79.3577,40.47341],[-79.3574,40.47571],[-79.3596,40.47841],[-79.36259,40.47851],[-79.36549,40.47771],[-79.3669,40.47511],[-79.3668,40.47171],[-79.36639,40.46851],[-79.36639,40.46531],[-79.3681,40.45971],[-79.3704,40.45591],[-79.3741,40.45371],[-79.3818,40.45271],[-79.3865,40.45341],[-79.3917,40.45461],[-79.395,40.45661],[-79.39729,40.46161],[-79.4003,40.46491],[-79.4022,40.46761],[-79.4043,40.47251],[-79.4077,40.47441],[-79.41129,40.47341],[-79.41489,40.47101],[-79.4201,40.47011],[-79.42329,40.47301],[-79.4263,40.48001],[-79.4285,40.48341],[-79.4302,40.48871],[-79.43439,40.48831],[-79.4379,40.48701],[-79.4452,40.48181],[-79.44769,40.48101],[-79.45119,40.48211],[-79.4538,40.48531],[-79.4527,40.48861],[-79.45309,40.49221],[-79.4553,40.49691],[-79.4553,40.50061],[-79.4542,40.50571],[-79.4573,40.51091],[-79.45979,40.51741],[-79.45869,40.52071],[-79.4563,40.52331],[-79.4492,40.52751],[-79.45039,40.53081],[-79.4444,40.53611],[-79.42889,40.55181],[-79.4128,40.56841],[-79.4099,40.57121],[-79.3984,40.58311],[-79.3799,40.60181],[-79.2698,40.71851],[-79.2623,40.72621],[-79.24419,40.74551],[-79.2378,40.75191],[-79.21519,40.77601],[-79.2149,40.78881],[-79.2149,40.80541],[-79.21529,40.87511],[-79.21529,40.91181],[-79.2043,40.91121]]]}},{"type":"Feature","properties":{"state":"PA","cwa":"PBZ","countyname":"Jefferson","fips":"42065"},"geometry":{"type":"Polygon","coordinates":[[[-78.964,41.36991],[-78.9598,41.37071],[-78.9594,41.36741],[-78.9592,41.36211],[-78.88,41.32731],[-78.812,41.29681],[-78.74979,41.26951],[-78.7353,41.26291],[-78.7388,41.25461],[-78.7391,41.25171],[-78.7384,41.23281],[-78.7375,41.23061],[-78.71069,41.23031],[-78.7101,41.22321],[-78.7103,41.20181],[-78.76089,41.20261],[-78.7671,41.20141],[-78.7708,41.19531],[-78.7743,41.18811],[-78.7763,41.18471],[-78.77979,41.17741],[-78.7941,41.15121],[-78.8043,41.13191],[-78.80489,41.12091],[-78.80489,41.11821],[-78.8046,41.10361],[-78.80409,41.03231],[-78.8042,41.00881],[-78.80399,40.99271],[-78.804,40.95331],[-78.8046,40.92511],[-78.8052,40.90601],[-78.867,40.90621],[-78.91309,40.90761],[-78.9302,40.90791],[-78.9555,40.90861],[-79.01749,40.90921],[-79.0512,40.90971],[-79.074,40.90981],[-79.1206,40.91041],[-79.1252,40.91061],[-79.1438,40.91061],[-79.2043,40.91121],[-79.21529,40.91181],[-79.2156,40.93961],[-79.2137,40.95231],[-79.21249,40.96231],[-79.2126,40.96621],[-79.2121,40.98731],[-79.2102,41.04861],[-79.21529,41.05041],[-79.2148,41.06351],[-79.21449,41.07891],[-79.2112,41.07991],[-79.2113,41.11171],[-79.211,41.13201],[-79.2107,41.18561],[-79.2104,41.20561],[-79.21049,41.21561],[-79.21,41.23531],[-79.21,41.25011],[-79.2089,41.28331],[-79.20879,41.31701],[-79.2089,41.32721],[-79.2084,41.33171],[-79.2057,41.33051],[-79.2046,41.32871],[-79.2025,41.32681],[-79.19299,41.32411],[-79.19019,41.32501],[-79.1881,41.32641],[-79.1862,41.32941],[-79.1869,41.33411],[-79.1856,41.33841],[-79.1794,41.33881],[-79.1758,41.33601],[-79.1764,41.32961],[-79.1746,41.32561],[-79.171,41.32641],[-79.167,41.33071],[-79.16679,41.33301],[-79.1682,41.33691],[-79.1691,41.34061],[-79.1672,41.34341],[-79.16209,41.34291],[-79.16029,41.34091],[-79.1605,41.33921],[-79.1625,41.33621],[-79.1628,41.33251],[-79.15929,41.32961],[-79.1552,41.32881],[-79.1484,41.33161],[-79.1404,41.34061],[-79.13689,41.34151],[-79.13229,41.33901],[-79.1256,41.33261],[-79.12289,41.33031],[-79.1169,41.32751],[-79.11539,41.32611],[-79.11269,41.32511],[-79.1097,41.32551],[-79.106,41.32711],[-79.1046,41.32981],[-79.1049,41.33241],[-79.1068,41.33611],[-79.1049,41.34101],[-79.1029,41.34241],[-79.0989,41.34231],[-79.09409,41.34091],[-79.0909,41.34201],[-79.0888,41.34391],[-79.0832,41.35081],[-79.0813,41.35251],[-79.0778,41.35391],[-79.0737,41.35381],[-79.06989,41.35181],[-79.06609,41.35021],[-79.06329,41.35011],[-79.0608,41.35061],[-79.0519,41.35131],[-79.04829,41.35211],[-79.04639,41.35361],[-79.0395,41.35681],[-79.0369,41.35761],[-79.032,41.35761],[-79.0273,41.35691],[-79.02,41.35041],[-79.0172,41.35041],[-79.014,41.35721],[-79.0099,41.35901],[-79.0052,41.35901],[-79.0031,41.35921],[-79.0014,41.36021],[-78.9995,41.36221],[-78.9981,41.36451],[-78.9955,41.36661],[-78.9921,41.36831],[-78.987,41.36791],[-78.9845,41.36701],[-78.98109,41.36801],[-78.9781,41.37091],[-78.9759,41.37371],[-78.97449,41.37501],[-78.9725,41.37611],[-78.9692,41.37511],[-78.96629,41.37071],[-78.964,41.36991]]]}},{"type":"Feature","properties":{"state":"PA","cwa":"CTP","countyname":"Juniata","fips":"42067"},"geometry":{"type":"Polygon","coordinates":[[[-77.172,40.67951],[-77.1562,40.67771],[-77.1507,40.67891],[-77.1473,40.68071],[-77.13869,40.68351],[-77.13329,40.68461],[-77.1302,40.68491],[-77.1252,40.68581],[-77.1228,40.68701],[-77.1177,40.68831],[-77.11349,40.68971],[-77.1106,40.69101],[-77.10699,40.69071],[-77.105,40.68951],[-77.1009,40.68801],[-77.0983,40.68351],[-77.0973,40.67961],[-77.0943,40.67701],[-77.08839,40.67791],[-77.0822,40.67801],[-77.078,40.67871],[-77.0743,40.67871],[-77.0714,40.67941],[-77.0683,40.67971],[-77.0658,40.67881],[-77.0607,40.67941],[-77.05779,40.67681],[-77.0527,40.67531],[-77.04919,40.67601],[-77.04649,40.67591],[-77.0442,40.67651],[-77.042,40.67861],[-77.0386,40.67921],[-77.0358,40.67521],[-77.0354,40.66891],[-77.0338,40.66701],[-77.033,40.66491],[-77.0331,40.66231],[-77.034,40.65991],[-77.0316,40.65731],[-77.02869,40.65571],[-77.0261,40.65651],[-77.0246,40.65901],[-77.0211,40.66031],[-77.0169,40.66001],[-77.0143,40.66201],[-77.0114,40.66181],[-77.009,40.66011],[-77.0077,40.65751],[-77.00809,40.65511],[-77.00729,40.65091],[-77.005,40.64751],[-77.0047,40.64501],[-77.00559,40.64231],[-77.0039,40.64011],[-77.0021,40.63881],[-76.9987,40.63771],[-76.9971,40.63601],[-76.99409,40.63801],[-76.9902,40.64101],[-76.98769,40.64351],[-76.9846,40.64371],[-76.9798,40.64501],[-76.97659,40.64531],[-76.97569,40.64301],[-76.9711,40.64191],[-76.96809,40.64141],[-76.9675,40.64501],[-76.9651,40.64681],[-76.9614,40.64591],[-76.95779,40.64721],[-76.9536,40.64791],[-76.9498,40.64901],[-76.9446,40.65001],[-76.9423,40.64771],[-76.9403,40.64501],[-76.93919,40.63891],[-76.9403,40.63731],[-76.9469,40.63011],[-76.9493,40.62781],[-76.95219,40.62811],[-76.9552,40.62801],[-76.95779,40.62721],[-76.97099,40.62251],[-76.9844,40.61731],[-76.9871,40.61641],[-76.9939,40.61331],[-76.99989,40.61091],[-77.0077,40.60881],[-77.01759,40.60581],[-77.0246,40.60421],[-77.02869,40.60401],[-77.0332,40.60351],[-77.0406,40.60421],[-77.04449,40.60341],[-77.04729,40.60251],[-77.04929,40.60231],[-77.057,40.60091],[-77.0597,40.60081],[-77.0645,40.59961],[-77.0713,40.59841],[-77.07899,40.59771],[-77.0824,40.59801],[-77.0861,40.59801],[-77.099,40.59611],[-77.1018,40.59611],[-77.1045,40.59471],[-77.10629,40.59311],[-77.1131,40.59301],[-77.1199,40.59191],[-77.1237,40.59101],[-77.1291,40.59071],[-77.1382,40.58941],[-77.14339,40.58901],[-77.1485,40.58831],[-77.1521,40.58721],[-77.15639,40.58701],[-77.1591,40.58661],[-77.1624,40.58671],[-77.16589,40.58641],[-77.1741,40.58411],[-77.17699,40.58311],[-77.17989,40.58251],[-77.1828,40.58221],[-77.1797,40.57721],[-77.1678,40.55941],[-77.17329,40.55761],[-77.18359,40.55661],[-77.18739,40.55541],[-77.19849,40.55231],[-77.2055,40.54911],[-77.20959,40.54751],[-77.2161,40.54461],[-77.2317,40.53851],[-77.2683,40.52601],[-77.271,40.52471],[-77.2772,40.52251],[-77.2798,40.52071],[-77.2821,40.51961],[-77.2855,40.51921],[-77.2887,40.51861],[-77.2922,40.51721],[-77.3014,40.51301],[-77.3054,40.51071],[-77.3381,40.49531],[-77.375,40.47841],[-77.3773,40.47721],[-77.39059,40.47101],[-77.403,40.46561],[-77.4063,40.46381],[-77.42049,40.45761],[-77.4269,40.45531],[-77.43069,40.45361],[-77.4359,40.45091],[-77.4404,40.44911],[-77.4436,40.44731],[-77.4463,40.44681],[-77.453,40.44381],[-77.4554,40.44251],[-77.4642,40.43841],[-77.4726,40.43401],[-77.47829,40.43191],[-77.48319,40.42881],[-77.4892,40.42601],[-77.4986,40.42121],[-77.5061,40.41711],[-77.5097,40.41491],[-77.5141,40.41281],[-77.51649,40.41201],[-77.5401,40.39921],[-77.5383,40.39371],[-77.5351,40.38511],[-77.5322,40.37581],[-77.54169,40.37531],[-77.54639,40.37401],[-77.5537,40.37121],[-77.5591,40.36981],[-77.5664,40.36701],[-77.57819,40.36011],[-77.5813,40.35811],[-77.5864,40.35541],[-77.5935,40.35121],[-77.5992,40.34831],[-77.6037,40.34411],[-77.6069,40.34301],[-77.6114,40.33971],[-77.6138,40.33771],[-77.61649,40.33641],[-77.6199,40.33361],[-77.6264,40.32921],[-77.6299,40.32641],[-77.6338,40.32391],[-77.6396,40.31971],[-77.64539,40.31461],[-77.6525,40.30901],[-77.65459,40.30711],[-77.6629,40.29881],[-77.6655,40.29651],[-77.6713,40.29041],[-77.6787,40.28271],[-77.6809,40.28061],[-77.6878,40.27471],[-77.69099,40.27271],[-77.6978,40.26671],[-77.6997,40.26481],[-77.70319,40.26401],[-77.70959,40.27931],[-77.71329,40.28741],[-77.71799,40.29941],[-77.7226,40.31021],[-77.72559,40.31661],[-77.7392,40.34921],[-77.7459,40.36461],[-77.75,40.37451],[-77.7513,40.37941],[-77.7453,40.38611],[-77.7437,40.38771],[-77.7402,40.39071],[-77.73869,40.39261],[-77.73309,40.39831],[-77.73,40.40091],[-77.72369,40.40701],[-77.7119,40.41621],[-77.7102,40.41791],[-77.7062,40.42071],[-77.70309,40.42331],[-77.69569,40.42841],[-77.6893,40.43331],[-77.6731,40.44641],[-77.6673,40.45081],[-77.6647,40.45331],[-77.65659,40.45991],[-77.6404,40.47271],[-77.62849,40.48131],[-77.6125,40.49091],[-77.6125,40.50851],[-77.6119,40.51461],[-77.6029,40.52011],[-77.5955,40.52501],[-77.5869,40.53021],[-77.574,40.53771],[-77.5667,40.54181],[-77.55959,40.54501],[-77.5433,40.55371],[-77.5412,40.55501],[-77.5339,40.55871],[-77.5272,40.56271],[-77.52209,40.56611],[-77.5198,40.56721],[-77.5163,40.56931],[-77.5124,40.57321],[-77.50999,40.57431],[-77.5077,40.57601],[-77.4975,40.58171],[-77.4977,40.59671],[-77.4976,40.60971],[-77.4957,40.61081],[-77.4919,40.61351],[-77.4893,40.61511],[-77.48679,40.61581],[-77.4826,40.61861],[-77.4805,40.61961],[-77.47839,40.62021],[-77.4735,40.62271],[-77.47089,40.62371],[-77.46809,40.62521],[-77.45979,40.62891],[-77.4535,40.63211],[-77.4508,40.63321],[-77.4442,40.63631],[-77.42699,40.64361],[-77.4207,40.64571],[-77.41399,40.64881],[-77.4079,40.65201],[-77.39439,40.65751],[-77.3874,40.66011],[-77.38129,40.66271],[-77.3771,40.66421],[-77.37389,40.66511],[-77.3718,40.66621],[-77.367,40.66801],[-77.3641,40.66871],[-77.3503,40.67391],[-77.3437,40.67571],[-77.3275,40.68131],[-77.32349,40.68291],[-77.3165,40.68471],[-77.3089,40.68721],[-77.3069,40.68811],[-77.2879,40.69361],[-77.279,40.69231],[-77.26379,40.69051],[-77.25809,40.68951],[-77.24519,40.68831],[-77.241,40.68761],[-77.2351,40.68711],[-77.23019,40.68641],[-77.214,40.68471],[-77.1935,40.68211],[-77.18719,40.68151],[-77.172,40.67951]]]}},{"type":"Feature","properties":{"state":"PA","cwa":"BGM","countyname":"Lackawanna","fips":"42069"},"geometry":{"type":"Polygon","coordinates":[[[-75.6881,41.64221],[-75.6516,41.64231],[-75.6225,41.64191],[-75.6195,41.64211],[-75.5767,41.64181],[-75.55389,41.64141],[-75.5322,41.64161],[-75.5202,41.64141],[-75.50169,41.64141],[-75.4748,41.64171],[-75.4693,41.64141],[-75.46239,41.64161],[-75.4614,41.62001],[-75.4611,41.61761],[-75.4593,41.58771],[-75.45869,41.57321],[-75.4573,41.54681],[-75.4553,41.52111],[-75.4546,41.50601],[-75.45409,41.50221],[-75.45229,41.47601],[-75.45219,41.46771],[-75.4488,41.40351],[-75.4471,41.36421],[-75.4436,41.30391],[-75.4413,41.25861],[-75.4436,41.25721],[-75.4474,41.25441],[-75.4507,41.25321],[-75.4544,41.25411],[-75.4573,41.25281],[-75.4623,41.24691],[-75.46539,41.24771],[-75.4679,41.24771],[-75.4695,41.24481],[-75.4733,41.24441],[-75.4761,41.24521],[-75.4789,41.24691],[-75.4822,41.24681],[-75.4843,41.24581],[-75.4854,41.24311],[-75.4883,41.24251],[-75.4912,41.24241],[-75.4935,41.24351],[-75.4965,41.24261],[-75.50169,41.23651],[-75.50529,41.23351],[-75.50819,41.23231],[-75.5094,41.23001],[-75.5095,41.22801],[-75.5113,41.22501],[-75.5143,41.22241],[-75.51649,41.22001],[-75.5252,41.22301],[-75.5279,41.22581],[-75.5311,41.22621],[-75.5336,41.22571],[-75.53989,41.22491],[-75.5432,41.22381],[-75.54469,41.22171],[-75.5486,41.21761],[-75.55109,41.21441],[-75.5533,41.21211],[-75.5545,41.21041],[-75.555,41.20851],[-75.5564,41.20731],[-75.5588,41.20661],[-75.562,41.20501],[-75.56609,41.20071],[-75.569,41.19851],[-75.5701,41.19581],[-75.56979,41.19241],[-75.5724,41.19031],[-75.5752,41.18761],[-75.576,41.18441],[-75.57619,41.18211],[-75.5758,41.18021],[-75.57719,41.17771],[-75.5826,41.17671],[-75.58549,41.17441],[-75.5897,41.17221],[-75.598,41.17141],[-75.5973,41.16751],[-75.59769,41.16331],[-75.6012,41.16171],[-75.60519,41.16351],[-75.6084,41.16381],[-75.61169,41.16471],[-75.6139,41.16811],[-75.6148,41.17151],[-75.6177,41.17131],[-75.62099,41.17071],[-75.62389,41.16991],[-75.63,41.16931],[-75.6325,41.17011],[-75.6355,41.17161],[-75.6376,41.17441],[-75.6394,41.17591],[-75.6428,41.17681],[-75.64359,41.18111],[-75.6451,41.18441],[-75.6475,41.18751],[-75.6496,41.20841],[-75.6513,41.23521],[-75.6524,41.25831],[-75.6614,41.26101],[-75.6776,41.26481],[-75.6785,41.28551],[-75.67979,41.28891],[-75.6888,41.28851],[-75.6896,41.30451],[-75.6932,41.30491],[-75.6932,41.31171],[-75.6935,41.31781],[-75.6898,41.31801],[-75.6856,41.31801],[-75.6857,41.32511],[-75.68559,41.33951],[-75.7334,41.34691],[-75.7393,41.34791],[-75.7419,41.34861],[-75.749,41.35351],[-75.7679,41.36581],[-75.78709,41.37371],[-75.7942,41.37691],[-75.7967,41.38041],[-75.79929,41.38251],[-75.8018,41.38371],[-75.80579,41.38501],[-75.8159,41.38651],[-75.8186,41.38731],[-75.8222,41.38901],[-75.82619,41.39131],[-75.8287,41.39301],[-75.8308,41.39571],[-75.8323,41.39881],[-75.8326,41.40211],[-75.8313,41.41251],[-75.8311,41.41541],[-75.8316,41.41921],[-75.8323,41.42211],[-75.8331,41.42481],[-75.8342,41.42761],[-75.82539,41.43811],[-75.8098,41.45811],[-75.7869,41.48691],[-75.77209,41.50591],[-75.7941,41.51881],[-75.8019,41.52321],[-75.7915,41.53881],[-75.7794,41.55521],[-75.7762,41.55911],[-75.77299,41.56341],[-75.7696,41.56821],[-75.7747,41.57451],[-75.7702,41.58081],[-75.7634,41.58971],[-75.75809,41.59631],[-75.757,41.59801],[-75.74979,41.60711],[-75.74439,41.61561],[-75.7374,41.62501],[-75.729,41.63561],[-75.7242,41.63461],[-75.7207,41.63501],[-75.71919,41.63781],[-75.7207,41.64201],[-75.7049,41.64251],[-75.6881,41.64221]]]}},{"type":"Feature","properties":{"state":"PA","cwa":"CTP","countyname":"Lancaster","fips":"42071"},"geometry":{"type":"Polygon","coordinates":[[[-75.94839,40.18601],[-75.9276,40.17221],[-75.9154,40.16451],[-75.89799,40.15301],[-75.896,40.15191],[-75.8946,40.15081],[-75.882,40.14271],[-75.8746,40.13721],[-75.8779,40.13521],[-75.9201,40.11851],[-75.9322,40.11331],[-75.9415,40.10921],[-75.9433,40.10751],[-75.9367,40.08131],[-75.93559,40.05961],[-75.93549,40.05461],[-75.9351,40.04891],[-75.9349,40.04121],[-75.9359,40.03821],[-75.95789,40.00741],[-75.9649,39.99731],[-75.9743,39.98481],[-75.9838,39.97181],[-75.9866,39.96731],[-75.98679,39.96341],[-75.98959,39.95981],[-75.9919,39.95581],[-75.99419,39.95301],[-75.9925,39.94981],[-75.99159,39.94691],[-75.9894,39.94391],[-75.9884,39.94071],[-75.9834,39.93671],[-75.98119,39.93321],[-75.98209,39.93031],[-75.98569,39.93121],[-75.98849,39.92971],[-75.99149,39.92761],[-75.9944,39.92741],[-75.9968,39.92801],[-75.9963,39.92021],[-75.99509,39.91731],[-75.9957,39.91471],[-75.9955,39.91211],[-75.99709,39.90901],[-75.99599,39.90481],[-75.9946,39.90191],[-75.99409,39.89891],[-75.9899,39.89641],[-75.9872,39.89341],[-75.99129,39.88631],[-75.99139,39.88201],[-75.9879,39.87691],[-75.987,39.87461],[-75.988,39.87241],[-75.99,39.87131],[-75.9921,39.86941],[-75.9962,39.87081],[-75.9977,39.87271],[-75.9996,39.87431],[-76.00249,39.87411],[-76.0043,39.87181],[-76.00449,39.86901],[-76.00549,39.86691],[-76.00739,39.85631],[-76.00719,39.85391],[-76.00819,39.85211],[-76.0182,39.85381],[-76.0209,39.85211],[-76.022,39.84961],[-76.0205,39.84701],[-76.01929,39.84071],[-76.0182,39.83851],[-76.01749,39.83551],[-76.0173,39.83161],[-76.02049,39.83081],[-76.0233,39.82881],[-76.02509,39.82521],[-76.0281,39.82401],[-76.03059,39.82451],[-76.0332,39.82631],[-76.0357,39.82691],[-76.0367,39.82381],[-76.0351,39.82141],[-76.0319,39.81861],[-76.03159,39.81401],[-76.0351,39.81131],[-76.03609,39.80601],[-76.0379,39.80281],[-76.0406,39.80161],[-76.04649,39.80381],[-76.0485,39.80391],[-76.0497,39.80271],[-76.0479,39.80151],[-76.04559,39.80061],[-76.0441,39.79881],[-76.0425,39.79591],[-76.0441,39.79221],[-76.046,39.79031],[-76.04829,39.78891],[-76.04919,39.78651],[-76.0496,39.78451],[-76.0514,39.78221],[-76.0547,39.78091],[-76.0589,39.77881],[-76.06039,39.77571],[-76.0645,39.77081],[-76.06409,39.76831],[-76.0629,39.76511],[-76.0646,39.76221],[-76.06789,39.76011],[-76.0715,39.76041],[-76.0741,39.76121],[-76.07719,39.76191],[-76.0811,39.76141],[-76.08389,39.75881],[-76.08479,39.75561],[-76.08289,39.75261],[-76.0844,39.74941],[-76.0862,39.74631],[-76.0889,39.74451],[-76.0909,39.74351],[-76.0928,39.74281],[-76.0955,39.74291],[-76.1002,39.74561],[-76.101,39.74171],[-76.098,39.73801],[-76.09309,39.73491],[-76.09489,39.73091],[-76.0973,39.72871],[-76.1007,39.72651],[-76.10329,39.72401],[-76.10619,39.72431],[-76.10889,39.72631],[-76.111,39.72861],[-76.11009,39.73031],[-76.1092,39.73361],[-76.1112,39.73621],[-76.1144,39.73711],[-76.1171,39.73651],[-76.1197,39.73621],[-76.12009,39.73321],[-76.12019,39.73031],[-76.119,39.72751],[-76.1188,39.72421],[-76.1227,39.72391],[-76.1256,39.72691],[-76.1299,39.72761],[-76.1349,39.72631],[-76.1357,39.72221],[-76.1452,39.72151],[-76.21029,39.72131],[-76.21889,39.72141],[-76.22469,39.72031],[-76.2289,39.72141],[-76.2333,39.72131],[-76.23959,39.72221],[-76.2389,39.72471],[-76.2394,39.72721],[-76.24039,39.73001],[-76.24229,39.73291],[-76.2439,39.73511],[-76.2464,39.73781],[-76.2492,39.73981],[-76.2566,39.75011],[-76.25999,39.75181],[-76.2679,39.76011],[-76.26929,39.76241],[-76.271,39.76481],[-76.2761,39.77561],[-76.2781,39.77831],[-76.27979,39.77961],[-76.2823,39.78021],[-76.28529,39.78031],[-76.28979,39.78161],[-76.2932,39.78371],[-76.2959,39.78731],[-76.2977,39.79111],[-76.30009,39.79391],[-76.30289,39.79661],[-76.3071,39.80011],[-76.3112,39.80391],[-76.3131,39.80671],[-76.3156,39.80991],[-76.3192,39.81181],[-76.32259,39.81281],[-76.32459,39.81371],[-76.3276,39.81471],[-76.3302,39.81611],[-76.334,39.81881],[-76.3369,39.82141],[-76.33939,39.82401],[-76.3428,39.82921],[-76.35,39.83741],[-76.351,39.84041],[-76.3512,39.84331],[-76.3507,39.84621],[-76.35229,39.84891],[-76.3601,39.85531],[-76.3678,39.85941],[-76.3759,39.86491],[-76.378,39.86691],[-76.3792,39.86971],[-76.3811,39.87591],[-76.3812,39.87931],[-76.3798,39.88291],[-76.37959,39.88741],[-76.381,39.89061],[-76.383,39.89281],[-76.3836,39.89491],[-76.3838,39.89751],[-76.38499,39.90141],[-76.3855,39.90541],[-76.3893,39.91011],[-76.3922,39.91291],[-76.39639,39.91441],[-76.3985,39.91491],[-76.405,39.91581],[-76.4076,39.91731],[-76.4118,39.92031],[-76.4172,39.92311],[-76.4203,39.92491],[-76.4256,39.92741],[-76.43359,39.93011],[-76.4368,39.93071],[-76.4408,39.93191],[-76.4437,39.93241],[-76.4463,39.93331],[-76.44939,39.93491],[-76.4539,39.93811],[-76.45979,39.94111],[-76.4665,39.94271],[-76.46999,39.94481],[-76.47359,39.94771],[-76.47569,39.94981],[-76.47749,39.95281],[-76.4791,39.95471],[-76.4855,39.96031],[-76.48759,39.96281],[-76.48959,39.96611],[-76.491,39.96941],[-76.49419,39.97441],[-76.4955,39.97801],[-76.49609,39.98061],[-76.49689,39.98891],[-76.4976,39.99171],[-76.4978,39.99481],[-76.49889,39.99751],[-76.50089,40.00071],[-76.50349,40.00291],[-76.5052,40.00511],[-76.5108,40.01061],[-76.51289,40.01401],[-76.5158,40.01691],[-76.51859,40.01871],[-76.52129,40.02071],[-76.5251,40.02421],[-76.5275,40.02741],[-76.52879,40.03001],[-76.5302,40.03211],[-76.5322,40.03781],[-76.5319,40.04641],[-76.5328,40.04861],[-76.5344,40.05081],[-76.5374,40.05131],[-76.53999,40.05111],[-76.5432,40.05011],[-76.54939,40.04781],[-76.5528,40.04671],[-76.5552,40.04611],[-76.5662,40.04541],[-76.5695,40.04531],[-76.5728,40.04541],[-76.57719,40.04631],[-76.5851,40.04851],[-76.5879,40.04891],[-76.59039,40.04951],[-76.59399,40.05071],[-76.5983,40.05161],[-76.6064,40.05261],[-76.6129,40.05401],[-76.6224,40.05471],[-76.6299,40.05641],[-76.6362,40.05821],[-76.6405,40.05901],[-76.64429,40.05901],[-76.6478,40.05871],[-76.6517,40.05941],[-76.6548,40.06021],[-76.66489,40.06381],[-76.66689,40.06551],[-76.6691,40.06711],[-76.6712,40.06951],[-76.67349,40.07151],[-76.6757,40.07441],[-76.67789,40.07851],[-76.68,40.08201],[-76.6823,40.08531],[-76.6842,40.08731],[-76.68629,40.09071],[-76.6886,40.09361],[-76.6925,40.09811],[-76.6962,40.10161],[-76.7029,40.10701],[-76.7055,40.10881],[-76.7109,40.11311],[-76.71719,40.11751],[-76.7214,40.12001],[-76.7174,40.12861],[-76.7146,40.13211],[-76.7122,40.13281],[-76.7076,40.13541],[-76.70969,40.13711],[-76.7081,40.13961],[-76.7062,40.14201],[-76.70399,40.14421],[-76.7,40.14521],[-76.6988,40.14771],[-76.6968,40.14981],[-76.696,40.15291],[-76.6973,40.15591],[-76.6946,40.15711],[-76.69189,40.15691],[-76.6914,40.15441],[-76.69019,40.15271],[-76.69019,40.14941],[-76.6871,40.14951],[-76.68359,40.15151],[-76.68089,40.15051],[-76.6773,40.14951],[-76.67609,40.15271],[-76.6746,40.15421],[-76.6726,40.15401],[-76.6707,40.15511],[-76.6721,40.15741],[-76.6689,40.15961],[-76.6662,40.16261],[-76.6635,40.16331],[-76.6609,40.16471],[-76.657,40.16461],[-76.65369,40.16481],[-76.6505,40.16581],[-76.6466,40.16501],[-76.6437,40.16511],[-76.6414,40.16651],[-76.6382,40.16701],[-76.63689,40.16841],[-76.63419,40.17041],[-76.6318,40.17091],[-76.62959,40.17311],[-76.6278,40.17561],[-76.62479,40.17831],[-76.62209,40.17931],[-76.6194,40.17911],[-76.6171,40.18001],[-76.614,40.18241],[-76.6124,40.18491],[-76.6103,40.18711],[-76.60609,40.19031],[-76.60339,40.18921],[-76.5988,40.18851],[-76.5957,40.18911],[-76.5937,40.18901],[-76.5891,40.19021],[-76.58569,40.18961],[-76.58279,40.19111],[-76.5801,40.19411],[-76.5719,40.19441],[-76.5684,40.19551],[-76.56139,40.19831],[-76.5047,40.21661],[-76.4959,40.21901],[-76.4371,40.23771],[-76.37469,40.24611],[-76.3504,40.24971],[-76.3362,40.25131],[-76.3082,40.25501],[-76.2901,40.26191],[-76.2421,40.28061],[-76.2187,40.28991],[-76.1601,40.31241],[-76.1517,40.31591],[-76.1497,40.31451],[-76.13979,40.30841],[-76.11729,40.29391],[-76.1141,40.29201],[-76.0885,40.27561],[-76.0795,40.27001],[-76.0419,40.24581],[-75.9947,40.21591],[-75.9835,40.20851],[-75.98119,40.20721],[-75.97849,40.20531],[-75.94839,40.18601]]]}},{"type":"Feature","properties":{"state":"PA","cwa":"PBZ","countyname":"Lawrence","fips":"42073"},"geometry":{"type":"Polygon","coordinates":[[[-80.15849,40.85421],[-80.17979,40.85461],[-80.2119,40.85441],[-80.2922,40.85361],[-80.32639,40.85311],[-80.3305,40.85291],[-80.3642,40.85261],[-80.37309,40.85271],[-80.40829,40.85241],[-80.4166,40.85221],[-80.4225,40.85231],[-80.4861,40.85161],[-80.5095,40.85151],[-80.519,40.85001],[-80.5189,40.87381],[-80.5197,40.89821],[-80.52029,40.90001],[-80.5198,40.90221],[-80.5199,40.90661],[-80.5191,40.92121],[-80.5191,40.95321],[-80.5189,40.95741],[-80.51929,40.98331],[-80.5188,40.98751],[-80.519,40.99441],[-80.5189,41.01481],[-80.5192,41.02751],[-80.5188,41.04131],[-80.5191,41.04661],[-80.5189,41.06231],[-80.5192,41.10441],[-80.519,41.12501],[-80.4958,41.12501],[-80.486,41.12531],[-80.4403,41.12591],[-80.3209,41.12711],[-80.25809,41.12801],[-80.2576,41.11751],[-80.2552,41.11721],[-80.2439,41.11671],[-80.19749,41.11541],[-80.15839,41.11411],[-80.14709,41.11341],[-80.1417,41.10891],[-80.12659,41.09551],[-80.1244,41.09381],[-80.1159,41.08641],[-80.1142,41.08471],[-80.11099,41.08211],[-80.10049,41.07291],[-80.09769,41.06941],[-80.1,41.06631],[-80.1261,41.03891],[-80.16119,41.00451],[-80.1652,41.00001],[-80.16489,40.99591],[-80.1624,40.93501],[-80.1597,40.88121],[-80.1595,40.87271],[-80.15849,40.85421]]]}},{"type":"Feature","properties":{"state":"PA","cwa":"CTP","countyname":"Lebanon","fips":"42075"},"geometry":{"type":"Polygon","coordinates":[[[-76.5684,40.19551],[-76.57089,40.19961],[-76.5724,40.20341],[-76.5806,40.22431],[-76.58569,40.23761],[-76.58849,40.24541],[-76.5917,40.25311],[-76.5962,40.26501],[-76.598,40.26931],[-76.603,40.28251],[-76.60539,40.28931],[-76.6069,40.29301],[-76.6097,40.30091],[-76.61649,40.31781],[-76.6259,40.34011],[-76.6289,40.34801],[-76.6363,40.36651],[-76.66579,40.44251],[-76.67799,40.47471],[-76.62469,40.50471],[-76.58929,40.52491],[-76.5385,40.55341],[-76.5341,40.55431],[-76.45679,40.50611],[-76.44189,40.49701],[-76.4387,40.49591],[-76.4218,40.48451],[-76.40479,40.47421],[-76.3345,40.43041],[-76.32819,40.42671],[-76.3191,40.42061],[-76.30219,40.41041],[-76.2933,40.40451],[-76.2588,40.38291],[-76.2319,40.36631],[-76.2055,40.36061],[-76.17319,40.33381],[-76.16209,40.32441],[-76.1517,40.31591],[-76.1601,40.31241],[-76.2187,40.28991],[-76.2421,40.28061],[-76.2901,40.26191],[-76.3082,40.25501],[-76.3362,40.25131],[-76.3504,40.24971],[-76.37469,40.24611],[-76.4371,40.23771],[-76.4959,40.21901],[-76.5047,40.21661],[-76.56139,40.19831],[-76.5684,40.19551]]]}},{"type":"Feature","properties":{"state":"PA","cwa":"BGM","countyname":"Luzerne","fips":"42079"},"geometry":{"type":"Polygon","coordinates":[[[-75.7967,41.38041],[-75.7942,41.37691],[-75.78709,41.37371],[-75.7679,41.36581],[-75.749,41.35351],[-75.7419,41.34861],[-75.7393,41.34791],[-75.7334,41.34691],[-75.68559,41.33951],[-75.6857,41.32511],[-75.6856,41.31801],[-75.6898,41.31801],[-75.6935,41.31781],[-75.6932,41.31171],[-75.6932,41.30491],[-75.6896,41.30451],[-75.6888,41.28851],[-75.67979,41.28891],[-75.6785,41.28551],[-75.6776,41.26481],[-75.6614,41.26101],[-75.6524,41.25831],[-75.6513,41.23521],[-75.6496,41.20841],[-75.6475,41.18751],[-75.6451,41.18441],[-75.64359,41.18111],[-75.6428,41.17681],[-75.6394,41.17591],[-75.6376,41.17441],[-75.6355,41.17161],[-75.6325,41.17011],[-75.63,41.16931],[-75.62389,41.16991],[-75.62099,41.17071],[-75.6177,41.17131],[-75.6148,41.17151],[-75.6139,41.16811],[-75.61169,41.16471],[-75.6084,41.16381],[-75.60519,41.16351],[-75.6012,41.16171],[-75.6021,41.15841],[-75.6041,41.15561],[-75.60339,41.15261],[-75.6068,41.15001],[-75.60909,41.14991],[-75.61169,41.15041],[-75.6152,41.15051],[-75.6144,41.14731],[-75.615,41.14401],[-75.6175,41.14241],[-75.62,41.14141],[-75.62399,41.13871],[-75.62759,41.13671],[-75.6279,41.13341],[-75.6255,41.13131],[-75.6279,41.12841],[-75.6312,41.12811],[-75.63309,41.12621],[-75.6348,41.12321],[-75.6373,41.12531],[-75.6402,41.12671],[-75.6431,41.12661],[-75.6464,41.12581],[-75.6489,41.12471],[-75.6483,41.12191],[-75.6503,41.12101],[-75.6526,41.11851],[-75.65559,41.11661],[-75.6572,41.11821],[-75.657,41.12051],[-75.6561,41.12321],[-75.6572,41.12581],[-75.6586,41.12771],[-75.6607,41.12931],[-75.66399,41.13061],[-75.66579,41.13361],[-75.6684,41.13401],[-75.672,41.13341],[-75.6804,41.13281],[-75.6832,41.13131],[-75.68649,41.13081],[-75.6894,41.13151],[-75.6917,41.13151],[-75.69579,41.13021],[-75.69859,41.12851],[-75.7009,41.12681],[-75.7025,41.12331],[-75.7048,41.12171],[-75.7086,41.12201],[-75.7081,41.11871],[-75.70869,41.11611],[-75.7127,41.11691],[-75.7165,41.11801],[-75.7183,41.11611],[-75.7212,41.11141],[-75.7232,41.10971],[-75.7253,41.10891],[-75.72749,41.10851],[-75.7295,41.10721],[-75.7318,41.10381],[-75.7344,41.10221],[-75.7365,41.10191],[-75.74049,41.10211],[-75.74419,41.10261],[-75.7475,41.10371],[-75.75159,41.10371],[-75.7539,41.10231],[-75.753,41.09861],[-75.75359,41.09551],[-75.7557,41.09371],[-75.75829,41.09221],[-75.7612,41.09151],[-75.764,41.09351],[-75.767,41.09301],[-75.767,41.09031],[-75.7661,41.08721],[-75.76559,41.08451],[-75.7673,41.08181],[-75.77029,41.07851],[-75.771,41.07611],[-75.7708,41.07331],[-75.7702,41.07071],[-75.7699,41.06771],[-75.77,41.06481],[-75.7708,41.06111],[-75.7702,41.05761],[-75.7701,41.05161],[-75.7688,41.04851],[-75.7673,41.04641],[-75.7655,41.04421],[-75.7626,41.04241],[-75.7608,41.03901],[-75.75839,41.03521],[-75.7568,41.03211],[-75.7549,41.03131],[-75.7514,41.03171],[-75.74609,41.03191],[-75.742,41.03131],[-75.73969,41.02951],[-75.73869,41.02721],[-75.7382,41.02481],[-75.7381,41.02251],[-75.7384,41.02031],[-75.7381,41.01811],[-75.7366,41.01561],[-75.7346,41.01291],[-75.7337,41.01041],[-75.7324,41.00851],[-75.73959,41.00551],[-75.7646,40.99671],[-75.79469,40.98571],[-75.8014,40.98311],[-75.8196,40.98211],[-75.836,40.97651],[-75.84959,40.97161],[-75.8483,40.96731],[-75.861,40.96201],[-75.8689,40.95931],[-75.8892,40.95181],[-75.9304,40.93721],[-75.9463,40.93141],[-75.98299,40.91851],[-75.9973,40.91301],[-76.021,40.90461],[-76.02859,40.90211],[-76.0443,40.90621],[-76.07059,40.91341],[-76.0985,40.92131],[-76.1046,40.92271],[-76.20779,40.94971],[-76.22079,41.00011],[-76.228,41.03391],[-76.2313,41.05031],[-76.2287,41.05231],[-76.22849,41.05661],[-76.2286,41.10081],[-76.229,41.13851],[-76.24969,41.13511],[-76.268,41.13291],[-76.2775,41.13211],[-76.29459,41.16221],[-76.3,41.17141],[-76.3173,41.20221],[-76.319,41.20501],[-76.31969,41.21571],[-76.31889,41.22431],[-76.3185,41.23151],[-76.3107,41.30841],[-76.3089,41.31341],[-76.2999,41.33531],[-76.28429,41.37401],[-76.2826,41.37751],[-76.28059,41.37731],[-76.25249,41.37811],[-76.1464,41.38021],[-76.1036,41.38121],[-76.1,41.38151],[-76.0738,41.38201],[-76.0637,41.38251],[-76.0537,41.38271],[-76.0095,41.38461],[-75.9459,41.39991],[-75.9322,41.40281],[-75.9303,41.40341],[-75.9222,41.40511],[-75.8885,41.41311],[-75.8742,41.41601],[-75.8686,41.41731],[-75.862,41.41931],[-75.8509,41.42191],[-75.8389,41.42451],[-75.8361,41.42561],[-75.8342,41.42761],[-75.8331,41.42481],[-75.8323,41.42211],[-75.8316,41.41921],[-75.8311,41.41541],[-75.8313,41.41251],[-75.8326,41.40211],[-75.8323,41.39881],[-75.8308,41.39571],[-75.8287,41.39301],[-75.82619,41.39131],[-75.8222,41.38901],[-75.8186,41.38731],[-75.8159,41.38651],[-75.80579,41.38501],[-75.8018,41.38371],[-75.79929,41.38251],[-75.7967,41.38041]]]}},{"type":"Feature","properties":{"state":"PA","cwa":"CTP","countyname":"McKean","fips":"42083"},"geometry":{"type":"Polygon","coordinates":[[[-78.5509,42.00001],[-78.5107,41.99981],[-78.3445,41.99961],[-78.3117,41.99941],[-78.3079,41.99971],[-78.29919,41.99931],[-78.2709,41.99901],[-78.2066,41.99961],[-78.2064,41.87611],[-78.2057,41.85891],[-78.20499,41.78271],[-78.2043,41.73641],[-78.2038,41.64961],[-78.2036,41.62511],[-78.2034,41.61811],[-78.2075,41.61821],[-78.2644,41.61811],[-78.2821,41.61801],[-78.2911,41.61771],[-78.32639,41.61751],[-78.37469,41.61751],[-78.4193,41.61681],[-78.4191,41.60221],[-78.4828,41.60231],[-78.4833,41.61721],[-78.4834,41.62991],[-78.49969,41.62991],[-78.62479,41.62811],[-78.6404,41.62821],[-78.6757,41.62481],[-78.6786,41.62471],[-78.6925,41.62491],[-78.71429,41.62471],[-78.7506,41.62471],[-78.7764,41.62501],[-78.8116,41.62481],[-78.8154,41.62401],[-78.8241,41.62281],[-78.8703,41.62331],[-78.8736,41.62321],[-78.9043,41.62341],[-78.9324,41.62381],[-78.9517,41.62391],[-78.95599,41.62461],[-78.9555,41.63771],[-78.95499,41.64021],[-78.9546,41.65121],[-78.9547,41.66931],[-78.9529,41.71511],[-78.95219,41.72851],[-78.95119,41.76321],[-78.94869,41.83051],[-78.9216,41.83091],[-78.9218,41.84091],[-78.91579,41.84091],[-78.916,41.85691],[-78.9171,41.86621],[-78.91669,41.88111],[-78.9157,41.95291],[-78.91859,41.95291],[-78.9189,41.99811],[-78.8762,41.99761],[-78.74979,41.99811],[-78.59669,41.99991],[-78.5509,42.00001]]]}},{"type":"Feature","properties":{"state":"PA","cwa":"PBZ","countyname":"Mercer","fips":"42085"},"geometry":{"type":"Polygon","coordinates":[[[-80.4319,41.48861],[-80.4273,41.48691],[-80.39729,41.48621],[-80.3941,41.48631],[-80.3848,41.48611],[-80.34859,41.48451],[-80.3018,41.48391],[-80.28889,41.48361],[-80.25539,41.48331],[-80.2352,41.48261],[-80.1921,41.48201],[-80.1626,41.48141],[-80.15829,41.48111],[-80.15079,41.48091],[-80.1259,41.48051],[-80.1252,41.48631],[-80.0215,41.48921],[-79.9992,41.49011],[-79.99979,41.48161],[-79.99979,41.17181],[-80.0471,41.12061],[-80.0681,41.09901],[-80.07439,41.09231],[-80.08199,41.08501],[-80.08739,41.07911],[-80.09769,41.06941],[-80.10049,41.07291],[-80.11099,41.08211],[-80.1142,41.08471],[-80.1159,41.08641],[-80.1244,41.09381],[-80.12659,41.09551],[-80.1417,41.10891],[-80.14709,41.11341],[-80.15839,41.11411],[-80.19749,41.11541],[-80.2439,41.11671],[-80.2552,41.11721],[-80.2576,41.11751],[-80.25809,41.12801],[-80.3209,41.12711],[-80.4403,41.12591],[-80.486,41.12531],[-80.4958,41.12501],[-80.519,41.12501],[-80.5192,41.13341],[-80.519,41.15011],[-80.5192,41.16091],[-80.5191,41.17121],[-80.51929,41.18371],[-80.5189,41.19871],[-80.5189,41.23921],[-80.5187,41.24871],[-80.5191,41.27731],[-80.5188,41.30551],[-80.5191,41.31241],[-80.5191,41.32391],[-80.51929,41.33351],[-80.51929,41.36071],[-80.5191,41.37501],[-80.5192,41.38711],[-80.519,41.40431],[-80.5191,41.42941],[-80.5189,41.44611],[-80.51929,41.47381],[-80.5192,41.48901],[-80.49979,41.48881],[-80.4602,41.48751],[-80.44859,41.48731],[-80.445,41.48821],[-80.4449,41.49211],[-80.4323,41.49211],[-80.4319,41.48861]]]}},{"type":"Feature","properties":{"state":"PA","cwa":"CTP","countyname":"Mifflin","fips":"42087"},"geometry":{"type":"Polygon","coordinates":[[[-77.3165,40.68471],[-77.32349,40.68291],[-77.3275,40.68131],[-77.3437,40.67571],[-77.3503,40.67391],[-77.3641,40.66871],[-77.367,40.66801],[-77.3718,40.66621],[-77.37389,40.66511],[-77.3771,40.66421],[-77.38129,40.66271],[-77.3874,40.66011],[-77.39439,40.65751],[-77.4079,40.65201],[-77.41399,40.64881],[-77.4207,40.64571],[-77.42699,40.64361],[-77.4442,40.63631],[-77.4508,40.63321],[-77.4535,40.63211],[-77.45979,40.62891],[-77.46809,40.62521],[-77.47089,40.62371],[-77.4735,40.62271],[-77.47839,40.62021],[-77.4805,40.61961],[-77.4826,40.61861],[-77.48679,40.61581],[-77.4893,40.61511],[-77.4919,40.61351],[-77.4957,40.61081],[-77.4976,40.60971],[-77.4977,40.59671],[-77.4975,40.58171],[-77.5077,40.57601],[-77.50999,40.57431],[-77.5124,40.57321],[-77.5163,40.56931],[-77.5198,40.56721],[-77.52209,40.56611],[-77.5272,40.56271],[-77.5339,40.55871],[-77.5412,40.55501],[-77.5433,40.55371],[-77.55959,40.54501],[-77.5667,40.54181],[-77.574,40.53771],[-77.5869,40.53021],[-77.5955,40.52501],[-77.6029,40.52011],[-77.6119,40.51461],[-77.6125,40.50851],[-77.6125,40.49091],[-77.62849,40.48131],[-77.6404,40.47271],[-77.65659,40.45991],[-77.6647,40.45331],[-77.6673,40.45081],[-77.6731,40.44641],[-77.6893,40.43331],[-77.69569,40.42841],[-77.70309,40.42331],[-77.7062,40.42071],[-77.7102,40.41791],[-77.7119,40.41621],[-77.72369,40.40701],[-77.73,40.40091],[-77.73309,40.39831],[-77.73869,40.39261],[-77.7402,40.39071],[-77.7437,40.38771],[-77.7453,40.38611],[-77.7513,40.37941],[-77.7534,40.37741],[-77.7608,40.36961],[-77.77859,40.36871],[-77.7989,40.36861],[-77.8103,40.36821],[-77.81339,40.36391],[-77.8154,40.36221],[-77.8177,40.36091],[-77.8205,40.36061],[-77.823,40.36121],[-77.8264,40.36251],[-77.8294,40.36381],[-77.83379,40.36691],[-77.83569,40.36801],[-77.8378,40.36891],[-77.84109,40.36911],[-77.8443,40.36891],[-77.8464,40.36811],[-77.8502,40.36581],[-77.85349,40.36481],[-77.8568,40.36531],[-77.8593,40.36691],[-77.8615,40.36991],[-77.8657,40.37211],[-77.8696,40.37671],[-77.8723,40.38081],[-77.87289,40.38331],[-77.8725,40.38561],[-77.8715,40.38781],[-77.87029,40.39151],[-77.8727,40.39321],[-77.8759,40.39351],[-77.8818,40.39271],[-77.8844,40.39221],[-77.8881,40.39191],[-77.8891,40.39791],[-77.8921,40.39861],[-77.9136,40.39821],[-77.91399,40.40821],[-77.9076,40.41201],[-77.8978,40.41691],[-77.89349,40.42181],[-77.8923,40.42351],[-77.8912,40.42571],[-77.8894,40.42801],[-77.88599,40.43041],[-77.88039,40.43601],[-77.8762,40.43981],[-77.8742,40.44191],[-77.8695,40.44611],[-77.8671,40.44861],[-77.8653,40.45071],[-77.86089,40.45521],[-77.85889,40.45771],[-77.8557,40.46071],[-77.8501,40.46701],[-77.848,40.46961],[-77.8435,40.47421],[-77.84209,40.47641],[-77.8378,40.48151],[-77.8358,40.48421],[-77.8314,40.48811],[-77.8287,40.49101],[-77.8261,40.49261],[-77.8183,40.49841],[-77.8164,40.49961],[-77.8211,40.50921],[-77.8321,40.53091],[-77.8407,40.55161],[-77.8387,40.55451],[-77.8373,40.55611],[-77.83289,40.56221],[-77.8286,40.56891],[-77.82179,40.57801],[-77.8201,40.58001],[-77.8174,40.58251],[-77.8144,40.58581],[-77.81219,40.58851],[-77.8099,40.59061],[-77.8007,40.60021],[-77.7991,40.60231],[-77.7951,40.60521],[-77.7925,40.60781],[-77.78809,40.61171],[-77.7804,40.61901],[-77.77579,40.62281],[-77.7735,40.62511],[-77.7704,40.62651],[-77.75909,40.62961],[-77.7538,40.63151],[-77.75079,40.63291],[-77.74329,40.63891],[-77.7381,40.64261],[-77.73479,40.64491],[-77.7308,40.64701],[-77.72749,40.64911],[-77.7244,40.65141],[-77.7202,40.65661],[-77.71539,40.65991],[-77.7108,40.66201],[-77.6944,40.67261],[-77.69099,40.67471],[-77.6871,40.67671],[-77.6825,40.68391],[-77.6861,40.68451],[-77.6889,40.68401],[-77.6945,40.68201],[-77.7001,40.68091],[-77.7038,40.67991],[-77.7073,40.68801],[-77.70689,40.69141],[-77.70309,40.69271],[-77.7005,40.69571],[-77.69949,40.69921],[-77.701,40.70511],[-77.6889,40.71071],[-77.68159,40.71371],[-77.6766,40.71641],[-77.6813,40.72971],[-77.6619,40.73771],[-77.6526,40.74491],[-77.6214,40.75331],[-77.59679,40.76021],[-77.5934,40.76131],[-77.5713,40.76961],[-77.5525,40.77761],[-77.53699,40.78391],[-77.5104,40.79411],[-77.4955,40.80001],[-77.4618,40.81441],[-77.4525,40.81801],[-77.42979,40.82751],[-77.4229,40.83001],[-77.40659,40.83551],[-77.37949,40.84391],[-77.37469,40.84531],[-77.36919,40.84661],[-77.3652,40.84731],[-77.3616,40.84651],[-77.3577,40.84461],[-77.3569,40.82381],[-77.3566,40.80671],[-77.355,40.72811],[-77.35439,40.70681],[-77.3544,40.70161],[-77.339,40.69981],[-77.3026,40.69521],[-77.2879,40.69361],[-77.3069,40.68811],[-77.3089,40.68721],[-77.3165,40.68471]]]}},{"type":"Feature","properties":{"state":"PA","cwa":"CTP","countyname":"Montour","fips":"42093"},"geometry":{"type":"Polygon","coordinates":[[[-76.67069,41.15451],[-76.64079,41.15571],[-76.6309,41.12511],[-76.62479,41.10441],[-76.6209,41.09031],[-76.6206,41.08531],[-76.6179,41.08121],[-76.6157,41.07961],[-76.61629,41.07601],[-76.6175,41.07361],[-76.6159,41.06871],[-76.6167,41.06631],[-76.6186,41.06381],[-76.60069,41.06001],[-76.5862,41.05721],[-76.5704,41.05381],[-76.5684,41.04991],[-76.56529,41.04211],[-76.563,41.03621],[-76.56229,41.03301],[-76.5629,41.02331],[-76.56619,41.00781],[-76.56519,40.99981],[-76.55479,40.99201],[-76.53429,40.97701],[-76.5285,40.97231],[-76.52399,40.96741],[-76.5217,40.96591],[-76.5197,40.96271],[-76.515,40.95801],[-76.5159,40.95321],[-76.51479,40.94921],[-76.5127,40.94651],[-76.51839,40.94371],[-76.5289,40.94001],[-76.5273,40.93701],[-76.52579,40.93481],[-76.5236,40.93391],[-76.5215,40.93131],[-76.5209,40.92911],[-76.52039,40.92621],[-76.5226,40.92261],[-76.5261,40.92101],[-76.5281,40.91871],[-76.5263,40.91751],[-76.52499,40.91571],[-76.5263,40.90011],[-76.528,40.88251],[-76.5416,40.88251],[-76.5518,40.88351],[-76.55669,40.88921],[-76.5584,40.89191],[-76.5597,40.89481],[-76.56039,40.89761],[-76.56139,40.90001],[-76.5647,40.90411],[-76.5656,40.90661],[-76.5659,40.91021],[-76.5677,40.91451],[-76.5673,40.91691],[-76.5649,40.92131],[-76.5615,40.92531],[-76.5582,40.93161],[-76.55849,40.93401],[-76.5579,40.93781],[-76.5611,40.93941],[-76.56419,40.93961],[-76.5729,40.93931],[-76.57719,40.93951],[-76.5796,40.93981],[-76.5896,40.94011],[-76.5927,40.94041],[-76.5956,40.94091],[-76.599,40.94161],[-76.6025,40.94271],[-76.60889,40.94741],[-76.61089,40.94911],[-76.6134,40.95161],[-76.6159,40.95371],[-76.6252,40.96041],[-76.6292,40.96251],[-76.6328,40.96391],[-76.6358,40.96451],[-76.6413,40.96481],[-76.6445,40.96451],[-76.647,40.96401],[-76.65279,40.96231],[-76.6614,40.96801],[-76.67619,40.96551],[-76.6793,40.96551],[-76.6825,40.96481],[-76.6878,40.96271],[-76.69769,40.96151],[-76.7017,40.96031],[-76.71329,40.95841],[-76.7184,40.95731],[-76.7263,40.95621],[-76.7345,40.95451],[-76.74429,40.95431],[-76.7585,40.95141],[-76.7674,40.94981],[-76.7757,40.94951],[-76.7844,40.94781],[-76.7901,40.94701],[-76.793,40.94701],[-76.7944,40.94871],[-76.7924,40.95021],[-76.7905,40.95241],[-76.79079,40.95611],[-76.78809,40.95731],[-76.7857,40.95881],[-76.7869,40.96091],[-76.7869,40.96381],[-76.7858,40.96631],[-76.78419,40.96911],[-76.7743,41.00011],[-76.7738,41.00231],[-76.7757,41.00971],[-76.7723,41.01631],[-76.7706,41.01871],[-76.76199,41.02591],[-76.7643,41.02941],[-76.7596,41.03891],[-76.7577,41.04561],[-76.75719,41.04931],[-76.7492,41.06121],[-76.7455,41.06731],[-76.739,41.08221],[-76.73779,41.08641],[-76.73579,41.08981],[-76.735,41.09351],[-76.7344,41.10461],[-76.7354,41.10901],[-76.7351,41.11751],[-76.7347,41.12151],[-76.73399,41.12471],[-76.7347,41.12871],[-76.7341,41.13281],[-76.7354,41.13801],[-76.73409,41.14451],[-76.73299,41.14841],[-76.73129,41.15321],[-76.73119,41.15561],[-76.7314,41.15881],[-76.73119,41.16321],[-76.7327,41.17201],[-76.73,41.17191],[-76.6996,41.16131],[-76.67979,41.15461],[-76.67069,41.15451]]]}},{"type":"Feature","properties":{"state":"PA","cwa":"CTP","countyname":"Perry","fips":"42099"},"geometry":{"type":"Polygon","coordinates":[[[-76.95319,40.60291],[-76.9544,40.60001],[-76.9571,40.59481],[-76.9594,40.59161],[-76.9647,40.58751],[-76.9688,40.58511],[-76.97189,40.58381],[-76.9749,40.58211],[-76.9818,40.57891],[-76.9852,40.57681],[-76.98759,40.57481],[-76.9907,40.57051],[-76.9918,40.56731],[-76.99239,40.56441],[-76.99129,40.56121],[-76.98779,40.55681],[-76.9866,40.55381],[-76.9863,40.55151],[-76.9828,40.54541],[-76.9815,40.54261],[-76.9804,40.53861],[-76.9814,40.53331],[-76.985,40.52601],[-76.9851,40.52071],[-76.9834,40.51521],[-76.9789,40.50831],[-76.97469,40.50351],[-76.97089,40.49971],[-76.9685,40.49771],[-76.96539,40.49571],[-76.96059,40.49351],[-76.95689,40.49241],[-76.95319,40.49061],[-76.95139,40.48861],[-76.9501,40.48611],[-76.94849,40.48211],[-76.9487,40.47311],[-76.9492,40.46951],[-76.9511,40.46531],[-76.9534,40.46221],[-76.95609,40.45941],[-76.9585,40.45761],[-76.96159,40.45581],[-76.9657,40.45431],[-76.9677,40.45331],[-76.972,40.45151],[-76.97359,40.45061],[-76.9788,40.44821],[-76.98109,40.44661],[-76.9855,40.44291],[-76.9889,40.43931],[-76.9909,40.43751],[-76.99229,40.43651],[-76.9954,40.43541],[-76.99789,40.43361],[-77.00159,40.42901],[-77.0046,40.42671],[-77.01009,40.42591],[-77.0134,40.42561],[-77.0159,40.42511],[-77.0168,40.42011],[-77.01559,40.41541],[-77.0133,40.41201],[-77.0123,40.40951],[-77.0118,40.40601],[-77.013,40.40261],[-77.01579,40.40021],[-77.0207,40.39811],[-77.0266,40.39371],[-77.0282,40.39141],[-77.029,40.38701],[-77.02799,40.38371],[-77.0267,40.38081],[-77.02489,40.37821],[-77.0226,40.37551],[-77.0217,40.37291],[-77.022,40.37011],[-77.0211,40.36691],[-77.01849,40.36461],[-77.0115,40.36131],[-77.00819,40.35861],[-77.0034,40.35751],[-76.9959,40.35641],[-76.9871,40.35671],[-76.9828,40.35721],[-76.9758,40.35651],[-76.9683,40.35641],[-76.9656,40.35721],[-76.9613,40.35801],[-76.9572,40.35771],[-76.95219,40.35811],[-76.9492,40.35811],[-76.9455,40.35771],[-76.9417,40.35771],[-76.93729,40.35741],[-76.9332,40.35541],[-76.9285,40.34791],[-76.9275,40.34401],[-76.92519,40.34121],[-76.91599,40.33221],[-76.9147,40.32841],[-76.9285,40.32351],[-76.9358,40.32111],[-76.9741,40.31021],[-76.9847,40.30881],[-77.00359,40.30591],[-77.0106,40.30541],[-77.0196,40.30431],[-77.0226,40.30411],[-77.0289,40.30431],[-77.0351,40.30431],[-77.0411,40.30461],[-77.049,40.30391],[-77.05199,40.30381],[-77.05579,40.30311],[-77.05869,40.30351],[-77.06149,40.30291],[-77.0637,40.30221],[-77.0677,40.30201],[-77.07359,40.30241],[-77.0864,40.30101],[-77.09029,40.30091],[-77.0936,40.30061],[-77.09769,40.30001],[-77.10149,40.29881],[-77.1046,40.29881],[-77.11079,40.29761],[-77.113,40.29741],[-77.1186,40.29701],[-77.12299,40.29691],[-77.1254,40.29631],[-77.12869,40.29511],[-77.1325,40.29521],[-77.1355,40.29491],[-77.1422,40.29311],[-77.1502,40.29131],[-77.1558,40.29091],[-77.159,40.29001],[-77.16599,40.28941],[-77.169,40.28961],[-77.1725,40.28881],[-77.17529,40.28921],[-77.17879,40.28851],[-77.1847,40.28781],[-77.187,40.28771],[-77.1916,40.28681],[-77.1943,40.28651],[-77.1979,40.28701],[-77.2029,40.28711],[-77.2067,40.28591],[-77.20969,40.28531],[-77.2135,40.28541],[-77.2174,40.28511],[-77.2212,40.28461],[-77.2243,40.28461],[-77.228,40.28391],[-77.2318,40.28361],[-77.2342,40.28361],[-77.23859,40.28411],[-77.24129,40.28301],[-77.24529,40.28221],[-77.24889,40.28221],[-77.2531,40.28181],[-77.2643,40.27931],[-77.2671,40.27921],[-77.26949,40.27871],[-77.2785,40.27641],[-77.28519,40.27521],[-77.2902,40.27331],[-77.3004,40.27071],[-77.3054,40.26911],[-77.3078,40.26871],[-77.3102,40.26801],[-77.3154,40.26751],[-77.3181,40.26801],[-77.32269,40.27071],[-77.33089,40.27681],[-77.3302,40.28071],[-77.3276,40.28351],[-77.3257,40.28641],[-77.3232,40.28941],[-77.3228,40.29231],[-77.325,40.29271],[-77.32719,40.29251],[-77.33099,40.29131],[-77.33379,40.29021],[-77.3401,40.28721],[-77.34309,40.28521],[-77.35329,40.27981],[-77.3606,40.27481],[-77.36369,40.27311],[-77.3659,40.27211],[-77.36909,40.27021],[-77.381,40.26451],[-77.38589,40.26241],[-77.4025,40.25701],[-77.4071,40.25611],[-77.4125,40.25541],[-77.417,40.25521],[-77.42049,40.25581],[-77.4228,40.25901],[-77.4197,40.26391],[-77.4172,40.26601],[-77.41119,40.26961],[-77.4106,40.27251],[-77.40849,40.27521],[-77.406,40.27721],[-77.40359,40.27951],[-77.4004,40.28181],[-77.3951,40.28461],[-77.3875,40.28991],[-77.3709,40.29931],[-77.3653,40.30201],[-77.36169,40.30461],[-77.3592,40.30741],[-77.3574,40.31101],[-77.35809,40.31361],[-77.3623,40.31391],[-77.3665,40.31341],[-77.37939,40.30941],[-77.38419,40.30771],[-77.38699,40.30621],[-77.3955,40.30291],[-77.40179,40.29991],[-77.4053,40.29781],[-77.4099,40.29551],[-77.4146,40.29341],[-77.418,40.29141],[-77.4202,40.29051],[-77.4225,40.28891],[-77.4264,40.28671],[-77.4319,40.28271],[-77.4376,40.27941],[-77.4426,40.27601],[-77.44569,40.27411],[-77.45029,40.27061],[-77.452,40.26971],[-77.4575,40.26621],[-77.46259,40.26261],[-77.4658,40.25961],[-77.4786,40.25121],[-77.48769,40.24621],[-77.4908,40.24421],[-77.4939,40.24261],[-77.4972,40.24021],[-77.50349,40.23701],[-77.50739,40.23561],[-77.5104,40.23431],[-77.51299,40.23271],[-77.516,40.23041],[-77.5189,40.22941],[-77.5263,40.22591],[-77.5276,40.22421],[-77.5295,40.22261],[-77.5373,40.21911],[-77.5435,40.21951],[-77.55659,40.21911],[-77.5598,40.21771],[-77.5626,40.21601],[-77.5646,40.21431],[-77.5668,40.21291],[-77.569,40.21191],[-77.5713,40.21031],[-77.5749,40.20861],[-77.577,40.20741],[-77.5787,40.20591],[-77.5805,40.20371],[-77.5899,40.19641],[-77.5933,40.19211],[-77.5981,40.18891],[-77.60509,40.18551],[-77.6105,40.19391],[-77.6129,40.19971],[-77.6066,40.20411],[-77.60609,40.21551],[-77.60619,40.22371],[-77.6057,40.22801],[-77.6078,40.23111],[-77.6097,40.23281],[-77.613,40.23321],[-77.617,40.23211],[-77.6212,40.22931],[-77.62469,40.22751],[-77.6399,40.21771],[-77.6433,40.21821],[-77.6459,40.22381],[-77.6485,40.22181],[-77.65099,40.22681],[-77.6513,40.22991],[-77.6489,40.23331],[-77.64539,40.23891],[-77.64999,40.24791],[-77.6482,40.24961],[-77.6459,40.25281],[-77.644,40.25711],[-77.64629,40.25911],[-77.6495,40.25911],[-77.6524,40.25871],[-77.6552,40.25801],[-77.6581,40.25651],[-77.6662,40.25181],[-77.6707,40.25721],[-77.6688,40.26041],[-77.6616,40.26631],[-77.6578,40.26921],[-77.6598,40.27471],[-77.66409,40.28031],[-77.6713,40.29041],[-77.6655,40.29651],[-77.6629,40.29881],[-77.65459,40.30711],[-77.6525,40.30901],[-77.64539,40.31461],[-77.6396,40.31971],[-77.6338,40.32391],[-77.6299,40.32641],[-77.6264,40.32921],[-77.6199,40.33361],[-77.61649,40.33641],[-77.6138,40.33771],[-77.6114,40.33971],[-77.6069,40.34301],[-77.6037,40.34411],[-77.5992,40.34831],[-77.5935,40.35121],[-77.5864,40.35541],[-77.5813,40.35811],[-77.57819,40.36011],[-77.5664,40.36701],[-77.5591,40.36981],[-77.5537,40.37121],[-77.54639,40.37401],[-77.54169,40.37531],[-77.5322,40.37581],[-77.5351,40.38511],[-77.5383,40.39371],[-77.5401,40.39921],[-77.51649,40.41201],[-77.5141,40.41281],[-77.5097,40.41491],[-77.5061,40.41711],[-77.4986,40.42121],[-77.4892,40.42601],[-77.48319,40.42881],[-77.47829,40.43191],[-77.4726,40.43401],[-77.4642,40.43841],[-77.4554,40.44251],[-77.453,40.44381],[-77.4463,40.44681],[-77.4436,40.44731],[-77.4404,40.44911],[-77.4359,40.45091],[-77.43069,40.45361],[-77.4269,40.45531],[-77.42049,40.45761],[-77.4063,40.46381],[-77.403,40.46561],[-77.39059,40.47101],[-77.3773,40.47721],[-77.375,40.47841],[-77.3381,40.49531],[-77.3054,40.51071],[-77.3014,40.51301],[-77.2922,40.51721],[-77.2887,40.51861],[-77.2855,40.51921],[-77.2821,40.51961],[-77.2798,40.52071],[-77.2772,40.52251],[-77.271,40.52471],[-77.2683,40.52601],[-77.2317,40.53851],[-77.2161,40.54461],[-77.20959,40.54751],[-77.2055,40.54911],[-77.19849,40.55231],[-77.18739,40.55541],[-77.18359,40.55661],[-77.17329,40.55761],[-77.1678,40.55941],[-77.1797,40.57721],[-77.1828,40.58221],[-77.17989,40.58251],[-77.17699,40.58311],[-77.1741,40.58411],[-77.16589,40.58641],[-77.1624,40.58671],[-77.1591,40.58661],[-77.15639,40.58701],[-77.1521,40.58721],[-77.1485,40.58831],[-77.14339,40.58901],[-77.1382,40.58941],[-77.1291,40.59071],[-77.1237,40.59101],[-77.1199,40.59191],[-77.1131,40.59301],[-77.10629,40.59311],[-77.1045,40.59471],[-77.1018,40.59611],[-77.099,40.59611],[-77.0861,40.59801],[-77.0824,40.59801],[-77.07899,40.59771],[-77.0713,40.59841],[-77.0645,40.59961],[-77.0597,40.60081],[-77.057,40.60091],[-77.04929,40.60231],[-77.04729,40.60251],[-77.04449,40.60341],[-77.0406,40.60421],[-77.0332,40.60351],[-77.02869,40.60401],[-77.0246,40.60421],[-77.01759,40.60581],[-77.0077,40.60881],[-76.99989,40.61091],[-76.9939,40.61331],[-76.9871,40.61641],[-76.9844,40.61731],[-76.97099,40.62251],[-76.95779,40.62721],[-76.9552,40.62801],[-76.95219,40.62811],[-76.9493,40.62781],[-76.9515,40.62441],[-76.9525,40.62051],[-76.95319,40.61671],[-76.9527,40.61131],[-76.9527,40.60501],[-76.95319,40.60291]]]}},{"type":"Feature","properties":{"state":"PA","cwa":"BGM","countyname":"Pike","fips":"42103"},"geometry":{"type":"Polygon","coordinates":[[[-75.0019,41.50791],[-74.99429,41.50871],[-74.9861,41.50801],[-74.98409,41.50601],[-74.9834,41.50421],[-74.9824,41.50041],[-74.9826,41.49651],[-74.9837,41.49331],[-74.9846,41.49121],[-74.9853,41.48871],[-74.9854,41.48561],[-74.9841,41.48201],[-74.9816,41.48001],[-74.97839,41.47921],[-74.9744,41.47861],[-74.9705,41.47761],[-74.9683,41.47721],[-74.9659,41.47691],[-74.9572,41.47651],[-74.9545,41.47761],[-74.9483,41.48071],[-74.94579,41.48301],[-74.9427,41.48351],[-74.9398,41.48341],[-74.93549,41.48291],[-74.9322,41.48201],[-74.92599,41.47791],[-74.92319,41.47701],[-74.919,41.47711],[-74.91579,41.47671],[-74.91299,41.47581],[-74.9099,41.47321],[-74.90849,41.46981],[-74.9081,41.46761],[-74.9079,41.46451],[-74.9063,41.46091],[-74.90269,41.45951],[-74.8974,41.45871],[-74.8941,41.45781],[-74.8912,41.45621],[-74.8896,41.45371],[-74.8892,41.45131],[-74.89069,41.44961],[-74.8927,41.44821],[-74.8945,41.44661],[-74.896,41.44351],[-74.8958,41.44001],[-74.8932,41.43881],[-74.88969,41.43821],[-74.8802,41.43961],[-74.87749,41.44021],[-74.87399,41.44131],[-74.8703,41.44221],[-74.8672,41.44331],[-74.86369,41.44421],[-74.86069,41.44441],[-74.8576,41.44421],[-74.8541,41.44311],[-74.84779,41.43961],[-74.8454,41.43751],[-74.8434,41.43601],[-74.84109,41.43471],[-74.8391,41.43311],[-74.8361,41.43131],[-74.8321,41.43061],[-74.8269,41.43131],[-74.82459,41.43401],[-74.8231,41.43651],[-74.8196,41.43951],[-74.8162,41.44141],[-74.8126,41.44281],[-74.80959,41.44301],[-74.80759,41.44281],[-74.80579,41.44211],[-74.8034,41.44031],[-74.80119,41.43801],[-74.79919,41.43051],[-74.7968,41.42611],[-74.79539,41.42401],[-74.793,41.42241],[-74.78979,41.42161],[-74.7867,41.42191],[-74.78429,41.42241],[-74.77699,41.42541],[-74.7736,41.42631],[-74.7711,41.42621],[-74.7679,41.42491],[-74.7636,41.42361],[-74.7602,41.42321],[-74.7578,41.42351],[-74.755,41.42501],[-74.7531,41.42611],[-74.75069,41.42791],[-74.74329,41.43071],[-74.7409,41.43111],[-74.7374,41.42981],[-74.7352,41.42671],[-74.7351,41.42151],[-74.7369,41.41701],[-74.73869,41.41351],[-74.74129,41.41071],[-74.7417,41.40791],[-74.7412,41.40601],[-74.73859,41.40121],[-74.7361,41.39841],[-74.7336,41.39701],[-74.7304,41.39561],[-74.727,41.39511],[-74.72089,41.39471],[-74.716,41.39261],[-74.71339,41.38981],[-74.7104,41.38211],[-74.7085,41.37891],[-74.70329,41.37511],[-74.6973,41.37161],[-74.6953,41.37061],[-74.6931,41.36891],[-74.6907,41.36671],[-74.6895,41.36381],[-74.6904,41.36091],[-74.69379,41.35901],[-74.6949,41.35731],[-74.697,41.35641],[-74.7006,41.35451],[-74.7052,41.35381],[-74.7085,41.35271],[-74.7121,41.35091],[-74.7169,41.34911],[-74.72089,41.34741],[-74.7269,41.34621],[-74.7304,41.34601],[-74.7366,41.34651],[-74.7449,41.34621],[-74.7491,41.34651],[-74.75249,41.34621],[-74.75459,41.34561],[-74.7568,41.34391],[-74.7594,41.34131],[-74.76089,41.33901],[-74.7631,41.33251],[-74.76569,41.32931],[-74.76939,41.32661],[-74.7725,41.32481],[-74.7754,41.32431],[-74.7782,41.32451],[-74.7851,41.32391],[-74.78909,41.32331],[-74.79259,41.32211],[-74.79559,41.31911],[-74.79449,41.31671],[-74.79279,41.31481],[-74.7922,41.31161],[-74.7949,41.30911],[-74.7976,41.30801],[-74.8045,41.30451],[-74.8075,41.30261],[-74.8099,41.30041],[-74.812,41.29811],[-74.8157,41.29611],[-74.8192,41.29501],[-74.8219,41.29381],[-74.8248,41.29171],[-74.8269,41.28961],[-74.8294,41.28791],[-74.8314,41.28481],[-74.8341,41.28111],[-74.83749,41.27821],[-74.839,41.27601],[-74.8414,41.27071],[-74.8465,41.26231],[-74.8454,41.25891],[-74.8464,41.25411],[-74.84879,41.25151],[-74.85249,41.25071],[-74.8553,41.25031],[-74.8574,41.24841],[-74.8592,41.24551],[-74.86179,41.24051],[-74.8624,41.23721],[-74.8651,41.23381],[-74.86639,41.23121],[-74.8672,41.22781],[-74.8644,41.22481],[-74.8616,41.22291],[-74.8594,41.21991],[-74.8604,41.21741],[-74.8676,41.20831],[-74.8713,41.20301],[-74.8743,41.19801],[-74.8783,41.19051],[-74.87859,41.18741],[-74.88049,41.18391],[-74.8828,41.18011],[-74.88779,41.17501],[-74.89,41.17321],[-74.89709,41.16821],[-74.89999,41.16561],[-74.9021,41.16081],[-74.9034,41.15841],[-74.9049,41.15621],[-74.9146,41.14661],[-74.91759,41.14391],[-74.9203,41.14201],[-74.9227,41.13891],[-74.9241,41.13751],[-74.9286,41.13481],[-74.93189,41.13311],[-74.9426,41.12981],[-74.9454,41.12871],[-74.9473,41.12671],[-74.94759,41.12411],[-74.9492,41.12261],[-74.9564,41.11911],[-74.9585,41.11791],[-74.9609,41.11611],[-74.96339,41.11471],[-74.9665,41.11371],[-74.96989,41.11381],[-74.97359,41.11311],[-74.9771,41.11161],[-74.9806,41.10981],[-74.9824,41.10781],[-74.9838,41.10511],[-74.9874,41.09941],[-74.98949,41.09551],[-74.9922,41.09281],[-74.9962,41.09291],[-74.9973,41.09021],[-74.99989,41.08951],[-75.00259,41.09101],[-75.0071,41.08831],[-75.0113,41.08751],[-75.0131,41.08391],[-75.0164,41.08451],[-75.01949,41.08481],[-75.0226,41.08391],[-75.0248,41.08291],[-75.0265,41.08021],[-75.02869,41.08141],[-75.0312,41.08441],[-75.0331,41.08711],[-75.0375,41.08841],[-75.0412,41.09171],[-75.0527,41.10781],[-75.0542,41.10971],[-75.0768,41.14101],[-75.0976,41.14341],[-75.1326,41.14681],[-75.14349,41.14801],[-75.1475,41.14851],[-75.15659,41.15011],[-75.15579,41.15451],[-75.12759,41.25281],[-75.1731,41.25011],[-75.1898,41.24891],[-75.23289,41.24621],[-75.2496,41.24571],[-75.28149,41.24381],[-75.3127,41.24261],[-75.3241,41.24151],[-75.3289,41.24121],[-75.3567,41.24021],[-75.3489,41.24581],[-75.34589,41.24821],[-75.342,41.25441],[-75.3446,41.25691],[-75.3474,41.25801],[-75.34969,41.25971],[-75.3483,41.26161],[-75.3474,41.26331],[-75.3473,41.26531],[-75.34399,41.26761],[-75.3391,41.26791],[-75.335,41.26951],[-75.3324,41.27461],[-75.3335,41.27811],[-75.3316,41.28121],[-75.3302,41.28391],[-75.32839,41.28671],[-75.3256,41.28771],[-75.3252,41.28971],[-75.326,41.29241],[-75.3277,41.29431],[-75.328,41.29701],[-75.3267,41.29821],[-75.322,41.30061],[-75.3196,41.30391],[-75.3147,41.30981],[-75.3138,41.31251],[-75.31609,41.31651],[-75.31599,41.31941],[-75.3125,41.32151],[-75.31219,41.32441],[-75.3109,41.32801],[-75.31149,41.33121],[-75.3134,41.33221],[-75.31619,41.33401],[-75.3185,41.33621],[-75.3211,41.33811],[-75.3228,41.33981],[-75.32619,41.34041],[-75.32809,41.33841],[-75.3304,41.33541],[-75.33379,41.33621],[-75.3378,41.33631],[-75.34019,41.33611],[-75.3437,41.33711],[-75.3446,41.34071],[-75.3382,41.34611],[-75.3379,41.34921],[-75.33939,41.35061],[-75.34209,41.35181],[-75.34299,41.35521],[-75.34599,41.35731],[-75.3475,41.35961],[-75.35,41.36431],[-75.35069,41.36791],[-75.34879,41.36991],[-75.3453,41.37121],[-75.33939,41.37561],[-75.3361,41.37581],[-75.33089,41.36971],[-75.32809,41.36881],[-75.3247,41.36691],[-75.3201,41.36781],[-75.3163,41.36831],[-75.3091,41.37471],[-75.3052,41.37351],[-75.2991,41.36791],[-75.29169,41.36881],[-75.2848,41.37121],[-75.2783,41.37251],[-75.2732,41.37211],[-75.26569,41.37241],[-75.2623,41.37511],[-75.2614,41.38271],[-75.2588,41.38411],[-75.2558,41.38621],[-75.2538,41.38921],[-75.2539,41.39241],[-75.2565,41.39391],[-75.2557,41.39771],[-75.253,41.40071],[-75.2473,41.40251],[-75.24719,41.40551],[-75.24879,41.40781],[-75.2511,41.41071],[-75.2491,41.41461],[-75.24619,41.41681],[-75.2492,41.41811],[-75.2465,41.42001],[-75.2426,41.42121],[-75.2383,41.42061],[-75.2344,41.42141],[-75.2334,41.42421],[-75.2304,41.42471],[-75.229,41.42631],[-75.22649,41.42481],[-75.22359,41.42481],[-75.2206,41.42441],[-75.2176,41.42441],[-75.2151,41.42661],[-75.21259,41.42771],[-75.21049,41.43041],[-75.2071,41.43091],[-75.20309,41.43201],[-75.2001,41.43401],[-75.1983,41.43741],[-75.19479,41.43821],[-75.1917,41.43931],[-75.18909,41.44171],[-75.18639,41.44331],[-75.18919,41.44871],[-75.18839,41.45091],[-75.187,41.45331],[-75.18819,41.45641],[-75.187,41.45861],[-75.17879,41.46231],[-75.17799,41.46481],[-75.1738,41.46921],[-75.1709,41.47251],[-75.1691,41.47511],[-75.16669,41.47791],[-75.1246,41.53181],[-75.1151,41.54371],[-75.1084,41.55301],[-75.09879,41.56551],[-75.0915,41.57451],[-75.0877,41.57951],[-75.0853,41.58231],[-75.0808,41.58821],[-75.0746,41.59571],[-75.0702,41.60171],[-75.0677,41.60011],[-75.0657,41.59781],[-75.063,41.59401],[-75.0607,41.59171],[-75.0573,41.58941],[-75.0524,41.58751],[-75.0496,41.58541],[-75.0462,41.58211],[-75.04369,41.57451],[-75.0424,41.57251],[-75.03979,41.56921],[-75.03699,41.56701],[-75.0341,41.56561],[-75.0301,41.56461],[-75.02689,41.56281],[-75.0246,41.55921],[-75.0207,41.55461],[-75.0182,41.55101],[-75.0161,41.54531],[-75.0171,41.54311],[-75.0233,41.54111],[-75.02489,41.53911],[-75.02489,41.53671],[-75.0245,41.53461],[-75.02209,41.53291],[-75.0187,41.53251],[-75.01569,41.53181],[-75.0096,41.52841],[-75.0061,41.52591],[-75.003,41.52291],[-75.001,41.51861],[-75.00359,41.51161],[-75.0019,41.50791]]]}},{"type":"Feature","properties":{"state":"PA","cwa":"CTP","countyname":"Potter","fips":"42105"},"geometry":{"type":"Polygon","coordinates":[[[-78.1233,42.00041],[-78.11449,42.00021],[-78.0928,42.00011],[-78.0308,41.99941],[-77.9986,41.99881],[-77.92979,41.99871],[-77.9115,41.99841],[-77.77029,41.99841],[-77.74979,41.99881],[-77.74319,41.99861],[-77.658,41.99941],[-77.60979,41.99941],[-77.60899,41.96501],[-77.60909,41.96151],[-77.6078,41.92191],[-77.6068,41.88051],[-77.6059,41.83921],[-77.606,41.83421],[-77.6057,41.82881],[-77.6054,41.81641],[-77.60429,41.76111],[-77.60419,41.74471],[-77.60239,41.67091],[-77.601,41.60181],[-77.59959,41.54231],[-77.5991,41.52651],[-77.599,41.51101],[-77.59859,41.50011],[-77.5981,41.47861],[-77.6548,41.47811],[-77.6663,41.47821],[-77.6709,41.47801],[-77.7418,41.47751],[-77.75069,41.47761],[-77.7614,41.47741],[-77.7723,41.47751],[-77.78059,41.47731],[-77.8089,41.47721],[-77.81599,41.47701],[-77.8285,41.47701],[-77.8325,41.47681],[-77.8424,41.47671],[-77.8613,41.47621],[-77.9107,41.47581],[-77.9217,41.47591],[-77.9518,41.47561],[-77.9892,41.47481],[-78.02509,41.47541],[-78.03819,41.47541],[-78.0508,41.47581],[-78.0803,41.50311],[-78.1029,41.52451],[-78.11649,41.53701],[-78.1214,41.54131],[-78.12469,41.54461],[-78.141,41.56001],[-78.2034,41.61811],[-78.2036,41.62511],[-78.2038,41.64961],[-78.2043,41.73641],[-78.20499,41.78271],[-78.2057,41.85891],[-78.2064,41.87611],[-78.2066,41.99961],[-78.15379,42.00011],[-78.1365,42.00041],[-78.1233,42.00041]]]}},{"type":"Feature","properties":{"state":"PA","cwa":"CTP","countyname":"Schuylkill","fips":"42107"},"geometry":{"type":"Polygon","coordinates":[[[-76.02859,40.90211],[-76.021,40.90461],[-75.9973,40.91301],[-75.98949,40.90591],[-75.9649,40.88451],[-75.9577,40.87831],[-75.9533,40.87511],[-75.9315,40.85611],[-75.9274,40.85271],[-75.91119,40.83851],[-75.9062,40.83371],[-75.88599,40.81631],[-75.8791,40.81211],[-75.8745,40.80911],[-75.87099,40.80711],[-75.8587,40.79911],[-75.85339,40.79591],[-75.8284,40.77991],[-75.8158,40.77231],[-75.8124,40.76991],[-75.8007,40.76231],[-75.78329,40.75141],[-75.78149,40.75011],[-75.7734,40.74531],[-75.7679,40.74171],[-75.7584,40.73591],[-75.7604,40.73391],[-75.764,40.73211],[-75.76659,40.73051],[-75.77119,40.72971],[-75.77869,40.72911],[-75.78059,40.72471],[-75.784,40.72281],[-75.7978,40.71651],[-75.80769,40.70801],[-75.8107,40.70651],[-75.82059,40.70331],[-75.8232,40.70171],[-75.8414,40.69371],[-75.8525,40.69251],[-75.8559,40.69251],[-75.891,40.67751],[-75.90739,40.67131],[-75.9703,40.64831],[-75.99319,40.63971],[-76.0049,40.60451],[-76.00999,40.58791],[-76.0136,40.57791],[-76.0164,40.57651],[-76.0181,40.57401],[-76.02229,40.57471],[-76.02579,40.57841],[-76.0285,40.57831],[-76.0337,40.57771],[-76.03719,40.58051],[-76.0402,40.58341],[-76.04379,40.58391],[-76.0471,40.58181],[-76.05019,40.57581],[-76.05389,40.57421],[-76.0571,40.57581],[-76.0587,40.57921],[-76.06219,40.57971],[-76.0658,40.57921],[-76.0794,40.56611],[-76.0862,40.56491],[-76.0942,40.56391],[-76.0992,40.56311],[-76.1022,40.56241],[-76.1065,40.56201],[-76.11179,40.56051],[-76.1153,40.55911],[-76.1216,40.55741],[-76.12469,40.55601],[-76.12859,40.55531],[-76.13319,40.55411],[-76.1368,40.55151],[-76.14159,40.55011],[-76.144,40.54961],[-76.1554,40.54501],[-76.1601,40.54051],[-76.1653,40.53971],[-76.1721,40.53511],[-76.1851,40.53561],[-76.188,40.53531],[-76.1917,40.53391],[-76.1955,40.53191],[-76.1982,40.53111],[-76.2054,40.53041],[-76.2104,40.52951],[-76.2132,40.52951],[-76.2159,40.52911],[-76.2183,40.52901],[-76.224,40.52701],[-76.2318,40.52381],[-76.2347,40.52181],[-76.2422,40.52001],[-76.2458,40.51961],[-76.25449,40.51751],[-76.2584,40.51691],[-76.26299,40.51681],[-76.2697,40.51741],[-76.27399,40.51741],[-76.27769,40.51681],[-76.2866,40.51581],[-76.2935,40.51551],[-76.3014,40.51481],[-76.309,40.51561],[-76.3137,40.51591],[-76.3182,40.51521],[-76.32159,40.51441],[-76.3252,40.51441],[-76.32929,40.51551],[-76.3325,40.51571],[-76.33549,40.51571],[-76.3389,40.51541],[-76.342,40.51411],[-76.34489,40.51311],[-76.3474,40.51271],[-76.3563,40.51061],[-76.3669,40.50991],[-76.3698,40.50941],[-76.3722,40.50851],[-76.37589,40.50681],[-76.37849,40.50611],[-76.3852,40.50551],[-76.3881,40.50451],[-76.39149,40.50361],[-76.395,40.50231],[-76.39899,40.50131],[-76.40549,40.49911],[-76.4089,40.49811],[-76.41309,40.49731],[-76.4163,40.49631],[-76.42039,40.49571],[-76.4235,40.49551],[-76.4387,40.49591],[-76.44189,40.49701],[-76.45679,40.50611],[-76.5341,40.55431],[-76.5626,40.57181],[-76.56529,40.57361],[-76.5864,40.58631],[-76.6078,40.59991],[-76.6122,40.60251],[-76.6148,40.60431],[-76.6412,40.62081],[-76.66879,40.63761],[-76.6983,40.65631],[-76.702,40.65681],[-76.7002,40.66331],[-76.6932,40.66351],[-76.65839,40.67531],[-76.6334,40.68441],[-76.6029,40.69601],[-76.5964,40.69821],[-76.5724,40.70541],[-76.56609,40.70771],[-76.5631,40.70861],[-76.52319,40.72351],[-76.4742,40.74151],[-76.4591,40.74691],[-76.41679,40.76261],[-76.3909,40.77161],[-76.38799,40.77271],[-76.38039,40.77601],[-76.377,40.77671],[-76.3072,40.80181],[-76.29819,40.83471],[-76.28529,40.88101],[-76.28439,40.88381],[-76.2528,40.91291],[-76.2478,40.91731],[-76.20779,40.94971],[-76.1046,40.92271],[-76.0985,40.92131],[-76.07059,40.91341],[-76.0443,40.90621],[-76.02859,40.90211]]]}},{"type":"Feature","properties":{"state":"PA","cwa":"CTP","countyname":"Snyder","fips":"42109"},"geometry":{"type":"Polygon","coordinates":[[[-76.8511,40.88801],[-76.8427,40.88671],[-76.8392,40.88751],[-76.8345,40.88901],[-76.8305,40.88791],[-76.8251,40.88751],[-76.8165,40.88361],[-76.8135,40.88201],[-76.8103,40.87961],[-76.807,40.87881],[-76.80389,40.87921],[-76.80029,40.88131],[-76.7986,40.87961],[-76.7988,40.87561],[-76.8016,40.86971],[-76.8053,40.86331],[-76.8065,40.86001],[-76.8097,40.85521],[-76.8126,40.84791],[-76.8145,40.84591],[-76.81889,40.84231],[-76.8223,40.83841],[-76.8249,40.83601],[-76.8271,40.83351],[-76.8299,40.83071],[-76.83559,40.82611],[-76.8387,40.82321],[-76.8448,40.81561],[-76.84779,40.81151],[-76.8492,40.80721],[-76.8513,40.80211],[-76.85329,40.79801],[-76.85439,40.79511],[-76.85619,40.78861],[-76.8586,40.78091],[-76.8588,40.77721],[-76.8587,40.77471],[-76.8578,40.77001],[-76.85709,40.76501],[-76.8568,40.76061],[-76.856,40.75561],[-76.8565,40.75001],[-76.8566,40.74651],[-76.8564,40.74351],[-76.85519,40.73691],[-76.8549,40.72961],[-76.8555,40.72471],[-76.85719,40.71981],[-76.86089,40.71141],[-76.8643,40.70631],[-76.8653,40.70441],[-76.8671,40.70241],[-76.86929,40.69881],[-76.8741,40.69351],[-76.877,40.69101],[-76.87939,40.68771],[-76.88149,40.68591],[-76.88689,40.68271],[-76.8895,40.68221],[-76.89259,40.68021],[-76.89619,40.67851],[-76.8994,40.67621],[-76.9031,40.67431],[-76.90839,40.67041],[-76.91209,40.66741],[-76.9142,40.66511],[-76.9166,40.66201],[-76.91959,40.65661],[-76.92229,40.65261],[-76.9286,40.64501],[-76.93439,40.64091],[-76.93919,40.63891],[-76.9403,40.64501],[-76.9423,40.64771],[-76.9446,40.65001],[-76.9498,40.64901],[-76.9536,40.64791],[-76.95779,40.64721],[-76.9614,40.64591],[-76.9651,40.64681],[-76.9675,40.64501],[-76.96809,40.64141],[-76.9711,40.64191],[-76.97569,40.64301],[-76.97659,40.64531],[-76.9798,40.64501],[-76.9846,40.64371],[-76.98769,40.64351],[-76.9902,40.64101],[-76.99409,40.63801],[-76.9971,40.63601],[-76.9987,40.63771],[-77.0021,40.63881],[-77.0039,40.64011],[-77.00559,40.64231],[-77.0047,40.64501],[-77.005,40.64751],[-77.00729,40.65091],[-77.00809,40.65511],[-77.0077,40.65751],[-77.009,40.66011],[-77.0114,40.66181],[-77.0143,40.66201],[-77.0169,40.66001],[-77.0211,40.66031],[-77.0246,40.65901],[-77.0261,40.65651],[-77.02869,40.65571],[-77.0316,40.65731],[-77.034,40.65991],[-77.0331,40.66231],[-77.033,40.66491],[-77.0338,40.66701],[-77.0354,40.66891],[-77.0358,40.67521],[-77.0386,40.67921],[-77.042,40.67861],[-77.0442,40.67651],[-77.04649,40.67591],[-77.04919,40.67601],[-77.0527,40.67531],[-77.05779,40.67681],[-77.0607,40.67941],[-77.0658,40.67881],[-77.0683,40.67971],[-77.0714,40.67941],[-77.0743,40.67871],[-77.078,40.67871],[-77.0822,40.67801],[-77.08839,40.67791],[-77.0943,40.67701],[-77.0973,40.67961],[-77.0983,40.68351],[-77.1009,40.68801],[-77.105,40.68951],[-77.10699,40.69071],[-77.1106,40.69101],[-77.11349,40.68971],[-77.1177,40.68831],[-77.1228,40.68701],[-77.1252,40.68581],[-77.1302,40.68491],[-77.13329,40.68461],[-77.13869,40.68351],[-77.1473,40.68071],[-77.1507,40.67891],[-77.1562,40.67771],[-77.172,40.67951],[-77.18719,40.68151],[-77.1935,40.68211],[-77.214,40.68471],[-77.23019,40.68641],[-77.2351,40.68711],[-77.241,40.68761],[-77.24519,40.68831],[-77.25809,40.68951],[-77.26379,40.69051],[-77.279,40.69231],[-77.2879,40.69361],[-77.3026,40.69521],[-77.339,40.69981],[-77.3544,40.70161],[-77.35439,40.70681],[-77.355,40.72811],[-77.3566,40.80671],[-77.33459,40.81361],[-77.3215,40.81711],[-77.3128,40.81901],[-77.2873,40.82431],[-77.24889,40.83171],[-77.2286,40.83521],[-77.1839,40.84331],[-77.1514,40.84951],[-77.1356,40.85301],[-77.13129,40.85421],[-77.12469,40.85571],[-77.078,40.86741],[-77.0553,40.87061],[-77.05039,40.86861],[-77.04849,40.86691],[-77.0452,40.86591],[-77.0416,40.86341],[-77.0375,40.86391],[-77.0356,40.86461],[-77.03249,40.86441],[-77.03059,40.86341],[-77.0282,40.86141],[-77.0254,40.85841],[-77.0216,40.85781],[-77.0189,40.85841],[-77.0161,40.86071],[-77.0146,40.86431],[-77.0123,40.86671],[-77.0113,40.86881],[-77.0097,40.86991],[-77.0038,40.87241],[-76.99889,40.87241],[-76.99609,40.87271],[-76.99419,40.87501],[-76.99,40.87571],[-76.9838,40.87591],[-76.974,40.87721],[-76.9713,40.87851],[-76.9702,40.88051],[-76.962,40.88301],[-76.9575,40.88401],[-76.9479,40.88561],[-76.9459,40.88641],[-76.9436,40.88781],[-76.94029,40.88821],[-76.9341,40.88731],[-76.9302,40.88751],[-76.92609,40.88701],[-76.9237,40.88621],[-76.9192,40.88511],[-76.9165,40.88471],[-76.91199,40.88451],[-76.9049,40.88501],[-76.8965,40.88641],[-76.89449,40.88691],[-76.8914,40.88851],[-76.8858,40.88731],[-76.8818,40.88621],[-76.87659,40.88441],[-76.87469,40.88471],[-76.8724,40.88581],[-76.86819,40.88711],[-76.8615,40.88871],[-76.8568,40.88941],[-76.8545,40.88941],[-76.8511,40.88801]]]}},{"type":"Feature","properties":{"state":"PA","cwa":"CTP","countyname":"Somerset","fips":"42111"},"geometry":{"type":"Polygon","coordinates":[[[-78.9808,40.28541],[-78.9667,40.28511],[-78.92979,40.28501],[-78.92699,40.28451],[-78.92509,40.27951],[-78.918,40.27731],[-78.91109,40.27641],[-78.9054,40.27541],[-78.90099,40.27331],[-78.8985,40.27191],[-78.8945,40.26891],[-78.8959,40.26661],[-78.897,40.26381],[-78.8947,40.26161],[-78.89269,40.25801],[-78.8919,40.25371],[-78.89069,40.24961],[-78.88799,40.24781],[-78.8844,40.24491],[-78.8816,40.24481],[-78.8802,40.24681],[-78.8778,40.24771],[-78.8751,40.24841],[-78.86729,40.24841],[-78.8644,40.24571],[-78.861,40.24551],[-78.85899,40.24341],[-78.8549,40.24441],[-78.852,40.24581],[-78.8483,40.24621],[-78.8461,40.24551],[-78.84309,40.24521],[-78.836,40.24521],[-78.7996,40.24401],[-78.7915,40.24421],[-78.7603,40.24321],[-78.674,40.24301],[-78.6582,40.24331],[-78.66109,40.23211],[-78.67699,40.21121],[-78.69869,40.16141],[-78.7212,40.11181],[-78.72279,40.10781],[-78.73759,40.07471],[-78.7411,40.07021],[-78.75079,40.07451],[-78.7562,40.06841],[-78.76199,40.05901],[-78.7632,40.05681],[-78.76299,40.03671],[-78.7623,40.01461],[-78.7615,40.01181],[-78.7614,40.00411],[-78.76089,39.99981],[-78.76099,39.98671],[-78.7596,39.93261],[-78.75919,39.91091],[-78.7594,39.90321],[-78.7585,39.88261],[-78.75839,39.87511],[-78.758,39.86661],[-78.7584,39.85951],[-78.75729,39.82351],[-78.7653,39.79991],[-78.767,39.79541],[-78.7692,39.79141],[-78.77129,39.78931],[-78.781,39.77161],[-78.7914,39.75161],[-78.7923,39.74951],[-78.7953,39.74481],[-78.797,39.74121],[-78.7989,39.73841],[-78.8019,39.73461],[-78.8034,39.73191],[-78.80479,39.72891],[-78.8064,39.72641],[-78.808,39.72321],[-78.8116,39.72291],[-78.8548,39.72301],[-78.9313,39.72271],[-78.9906,39.72251],[-79.0443,39.72291],[-79.08459,39.72251],[-79.12479,39.72251],[-79.2076,39.72201],[-79.3135,39.72201],[-79.33489,39.72181],[-79.34589,39.72191],[-79.37479,39.72161],[-79.3875,39.72161],[-79.3921,39.72191],[-79.38989,39.72481],[-79.38969,39.72771],[-79.39059,39.72991],[-79.3922,39.73211],[-79.3948,39.73371],[-79.39819,39.73361],[-79.40109,39.73401],[-79.4068,39.73381],[-79.40929,39.73461],[-79.4098,39.73731],[-79.40939,39.73951],[-79.40839,39.74161],[-79.4061,39.74261],[-79.40359,39.74301],[-79.4005,39.74271],[-79.39719,39.74281],[-79.3938,39.74451],[-79.39449,39.74791],[-79.3959,39.75021],[-79.3983,39.75251],[-79.3997,39.75521],[-79.3987,39.75801],[-79.389,39.76141],[-79.3864,39.76201],[-79.3847,39.76371],[-79.3801,39.76681],[-79.37869,39.76961],[-79.3799,39.77261],[-79.38609,39.77561],[-79.3905,39.77741],[-79.39339,39.77981],[-79.3949,39.78291],[-79.3922,39.78441],[-79.3892,39.78401],[-79.3866,39.78311],[-79.38329,39.78271],[-79.38129,39.78591],[-79.3801,39.78971],[-79.3768,39.78941],[-79.3737,39.78781],[-79.3709,39.78611],[-79.3625,39.78401],[-79.3597,39.78201],[-79.3554,39.78211],[-79.3529,39.78401],[-79.3518,39.78711],[-79.35439,39.78851],[-79.3575,39.78821],[-79.3614,39.78831],[-79.36539,39.79061],[-79.3677,39.79461],[-79.3689,39.79831],[-79.3685,39.80191],[-79.36629,39.80391],[-79.3643,39.80671],[-79.36449,39.80931],[-79.3651,39.81161],[-79.36549,39.81921],[-79.3671,39.82251],[-79.3689,39.82441],[-79.3724,39.82751],[-79.3753,39.82801],[-79.3807,39.82721],[-79.3829,39.82931],[-79.3818,39.83411],[-79.3825,39.83701],[-79.3856,39.83851],[-79.3895,39.83981],[-79.3929,39.84251],[-79.3957,39.84431],[-79.3979,39.84501],[-79.40569,39.84821],[-79.4078,39.84881],[-79.4107,39.85001],[-79.417,39.85381],[-79.4143,39.86181],[-79.3987,39.90061],[-79.37479,39.93321],[-79.37299,39.93541],[-79.34389,39.97411],[-79.3255,39.99961],[-79.3131,40.01511],[-79.3027,40.02861],[-79.3007,40.03091],[-79.29549,40.03771],[-79.29379,40.04041],[-79.2888,40.04581],[-79.2785,40.05581],[-79.2763,40.05861],[-79.2727,40.06221],[-79.2706,40.06461],[-79.26759,40.06861],[-79.2679,40.07161],[-79.2674,40.07451],[-79.2655,40.07731],[-79.2641,40.07871],[-79.26109,40.07921],[-79.2588,40.08021],[-79.2571,40.08591],[-79.2561,40.08781],[-79.2521,40.09071],[-79.2468,40.09351],[-79.24329,40.09261],[-79.2403,40.09371],[-79.2382,40.09571],[-79.2289,40.09781],[-79.2261,40.09961],[-79.2241,40.10241],[-79.2226,40.10421],[-79.222,40.10631],[-79.22179,40.10881],[-79.2201,40.11301],[-79.2167,40.11501],[-79.2145,40.11731],[-79.2108,40.11871],[-79.2057,40.11671],[-79.2029,40.11621],[-79.2001,40.11831],[-79.197,40.11811],[-79.19659,40.11501],[-79.1946,40.11251],[-79.1906,40.10981],[-79.1861,40.10971],[-79.1832,40.11111],[-79.1822,40.11331],[-79.18079,40.11561],[-79.1786,40.11751],[-79.1755,40.11971],[-79.1731,40.12281],[-79.1722,40.12591],[-79.16969,40.12711],[-79.16769,40.12881],[-79.1674,40.13161],[-79.1663,40.13521],[-79.1656,40.13891],[-79.1629,40.14171],[-79.16309,40.14571],[-79.1626,40.14811],[-79.1625,40.15391],[-79.1607,40.15731],[-79.161,40.16051],[-79.1568,40.16051],[-79.1534,40.16081],[-79.1494,40.16061],[-79.142,40.16301],[-79.1401,40.16461],[-79.1413,40.17171],[-79.14159,40.17531],[-79.143,40.17891],[-79.1405,40.18001],[-79.1353,40.17871],[-79.1302,40.18071],[-79.12669,40.18451],[-79.1272,40.18811],[-79.1259,40.19061],[-79.1241,40.19261],[-79.1244,40.19511],[-79.1253,40.19741],[-79.1256,40.20011],[-79.1222,40.20241],[-79.1197,40.20331],[-79.1166,40.20381],[-79.1144,40.20541],[-79.114,40.20821],[-79.1131,40.21101],[-79.1102,40.21161],[-79.10789,40.21301],[-79.10699,40.21451],[-79.10789,40.21731],[-79.1047,40.21701],[-79.103,40.21961],[-79.1011,40.22331],[-79.0991,40.22581],[-79.09859,40.22871],[-79.1008,40.23151],[-79.0957,40.23321],[-79.0947,40.23651],[-79.0917,40.23981],[-79.0886,40.24131],[-79.08649,40.24301],[-79.08559,40.24601],[-79.0824,40.24991],[-79.0795,40.25071],[-79.07809,40.25261],[-79.07809,40.25481],[-79.0784,40.25861],[-79.0756,40.26231],[-79.0737,40.26521],[-79.06799,40.27251],[-79.0654,40.27371],[-79.0591,40.27611],[-79.057,40.27831],[-79.0559,40.28531],[-79.05299,40.28491],[-79.0457,40.28491],[-79.0228,40.28511],[-79.00259,40.28501],[-78.99989,40.28521],[-78.9808,40.28541]]]}},{"type":"Feature","properties":{"state":"PA","cwa":"CTP","countyname":"Sullivan","fips":"42113"},"geometry":{"type":"Polygon","coordinates":[[[-76.3089,41.31341],[-76.3107,41.30841],[-76.3176,41.30871],[-76.3219,41.30871],[-76.39899,41.30831],[-76.4062,41.30821],[-76.4088,41.30771],[-76.42599,41.29331],[-76.44749,41.27571],[-76.45239,41.27651],[-76.49969,41.28551],[-76.52029,41.28821],[-76.5247,41.28921],[-76.5376,41.29131],[-76.5481,41.29321],[-76.549,41.29601],[-76.59029,41.30391],[-76.59299,41.30461],[-76.6663,41.35281],[-76.7073,41.37881],[-76.74429,41.40181],[-76.7503,41.40621],[-76.7552,41.41951],[-76.7686,41.46051],[-76.77599,41.48281],[-76.78049,41.49571],[-76.78159,41.49941],[-76.7868,41.51321],[-76.7981,41.54461],[-76.8028,41.55841],[-76.8046,41.56451],[-76.8138,41.59021],[-76.74969,41.58321],[-76.61929,41.57341],[-76.5795,41.57011],[-76.4946,41.56371],[-76.4231,41.55791],[-76.3612,41.55321],[-76.2425,41.54361],[-76.22079,41.54211],[-76.2206,41.53861],[-76.22189,41.53221],[-76.22379,41.52451],[-76.2297,41.50911],[-76.24,41.48331],[-76.24249,41.47671],[-76.24969,41.45921],[-76.25259,41.45161],[-76.2774,41.39091],[-76.2826,41.37751],[-76.28429,41.37401],[-76.2999,41.33531],[-76.3089,41.31341]]]}},{"type":"Feature","properties":{"state":"PA","cwa":"BGM","countyname":"Susquehanna","fips":"42115"},"geometry":{"type":"Polygon","coordinates":[[[-75.4835,41.99921],[-75.4824,41.98611],[-75.4806,41.95791],[-75.47919,41.92771],[-75.4787,41.92051],[-75.478,41.90211],[-75.4769,41.88001],[-75.47449,41.85201],[-75.4741,41.84571],[-75.4702,41.77311],[-75.4673,41.72701],[-75.46609,41.70451],[-75.4627,41.64911],[-75.46239,41.64161],[-75.4693,41.64141],[-75.4748,41.64171],[-75.50169,41.64141],[-75.5202,41.64141],[-75.5322,41.64161],[-75.55389,41.64141],[-75.5767,41.64181],[-75.6195,41.64211],[-75.6225,41.64191],[-75.6516,41.64231],[-75.6881,41.64221],[-75.7049,41.64251],[-75.7207,41.64201],[-75.7588,41.64251],[-75.7823,41.64321],[-75.8687,41.64411],[-75.87479,41.64441],[-75.9248,41.64421],[-75.9564,41.64441],[-75.9931,41.64431],[-76.0083,41.64421],[-76.0188,41.64391],[-76.0309,41.64421],[-76.0349,41.64411],[-76.06239,41.64431],[-76.07079,41.64401],[-76.11459,41.64351],[-76.11549,41.65221],[-76.1177,41.68371],[-76.119,41.69971],[-76.1193,41.70621],[-76.1215,41.73221],[-76.1218,41.73871],[-76.1228,41.75081],[-76.1242,41.76611],[-76.12469,41.76981],[-76.1318,41.84691],[-76.13309,41.85971],[-76.1344,41.88021],[-76.13589,41.89161],[-76.13789,41.91221],[-76.1449,41.97851],[-76.14629,41.99381],[-76.1469,41.99871],[-76.1405,41.99891],[-76.1058,41.99881],[-75.9499,41.99901],[-75.935,41.99871],[-75.8992,41.99871],[-75.8895,41.99891],[-75.8707,41.99881],[-75.83369,41.99831],[-75.7733,41.99801],[-75.7617,41.99781],[-75.689,41.99821],[-75.6085,41.99891],[-75.5006,41.99931],[-75.4835,41.99921]]]}},{"type":"Feature","properties":{"state":"PA","cwa":"CTP","countyname":"Tioga","fips":"42117"},"geometry":{"type":"Polygon","coordinates":[[[-76.9266,42.00121],[-76.92599,41.99581],[-76.9161,41.92381],[-76.9051,41.84561],[-76.90369,41.83351],[-76.9021,41.82451],[-76.8994,41.80721],[-76.89899,41.79901],[-76.89809,41.78771],[-76.8967,41.77491],[-76.8952,41.76421],[-76.8938,41.74961],[-76.89359,41.74521],[-76.891,41.72911],[-76.8899,41.71861],[-76.88789,41.70421],[-76.884,41.67381],[-76.8836,41.66911],[-76.8806,41.64441],[-76.8792,41.63411],[-76.8777,41.62041],[-76.87469,41.59691],[-76.87669,41.59341],[-76.8771,41.59111],[-76.88049,41.58951],[-76.8876,41.58681],[-76.88989,41.58671],[-76.89349,41.58581],[-76.89619,41.58571],[-76.8986,41.58451],[-76.9021,41.58321],[-76.9063,41.58241],[-76.90839,41.58161],[-76.91019,41.58151],[-76.9153,41.58221],[-76.9218,41.58091],[-76.9237,41.57811],[-76.92519,41.57491],[-76.9259,41.57221],[-76.9287,41.57061],[-76.9325,41.56931],[-76.9361,41.56901],[-76.93999,41.56941],[-76.9427,41.56931],[-76.9452,41.56881],[-76.94849,41.56721],[-76.95029,41.56601],[-76.9526,41.56481],[-76.9545,41.56301],[-76.9563,41.56101],[-76.95869,41.55881],[-76.9609,41.55771],[-76.9628,41.55541],[-76.96049,41.55331],[-76.9639,41.55131],[-77.0375,41.54901],[-77.07899,41.54791],[-77.1162,41.54711],[-77.1625,41.54641],[-77.18439,41.54561],[-77.21439,41.54511],[-77.2306,41.54511],[-77.2537,41.54461],[-77.2774,41.54461],[-77.29079,41.54421],[-77.2985,41.54441],[-77.37469,41.54381],[-77.5001,41.54321],[-77.5317,41.54291],[-77.5481,41.54291],[-77.59959,41.54231],[-77.601,41.60181],[-77.60239,41.67091],[-77.60419,41.74471],[-77.60429,41.76111],[-77.6054,41.81641],[-77.6057,41.82881],[-77.606,41.83421],[-77.6059,41.83921],[-77.6068,41.88051],[-77.6078,41.92191],[-77.60909,41.96151],[-77.60899,41.96501],[-77.60979,41.99941],[-77.5636,41.99951],[-77.5039,42.00011],[-77.3958,42.00011],[-77.38699,41.99991],[-77.3539,42.00001],[-77.3125,41.99971],[-77.2606,41.99981],[-77.24429,41.99961],[-77.1963,41.99981],[-77.1709,41.99941],[-77.1259,41.99941],[-77.1057,41.99961],[-77.0879,42.00011],[-77.064,42.00041],[-77.0264,42.00061],[-76.9657,42.00131],[-76.9328,42.00171],[-76.9266,42.00121]]]}},{"type":"Feature","properties":{"state":"PA","cwa":"CTP","countyname":"Union","fips":"42119"},"geometry":{"type":"Polygon","coordinates":[[[-76.8575,41.06791],[-76.85709,41.06551],[-76.8576,41.06151],[-76.8574,41.05501],[-76.85619,41.05081],[-76.85719,41.04431],[-76.85909,41.04091],[-76.86079,41.03741],[-76.8611,41.03251],[-76.861,41.02901],[-76.86169,41.02621],[-76.8631,41.02341],[-76.86469,41.01901],[-76.8656,41.01471],[-76.8669,41.00981],[-76.8672,41.00771],[-76.86729,41.00011],[-76.8675,40.99691],[-76.86909,40.99351],[-76.8718,40.98951],[-76.87479,40.98551],[-76.87749,40.98131],[-76.8791,40.97761],[-76.8818,40.97301],[-76.882,40.96851],[-76.8783,40.96231],[-76.8772,40.95831],[-76.8773,40.95521],[-76.87669,40.95291],[-76.8749,40.94921],[-76.8728,40.94561],[-76.8716,40.94391],[-76.8689,40.94131],[-76.8672,40.93791],[-76.8638,40.93231],[-76.862,40.92841],[-76.8548,40.91721],[-76.8504,40.91331],[-76.8482,40.91051],[-76.8457,40.90851],[-76.8433,40.90711],[-76.8409,40.90451],[-76.83489,40.90031],[-76.82929,40.89541],[-76.8248,40.89121],[-76.82159,40.88961],[-76.81149,40.88751],[-76.8046,40.88561],[-76.80029,40.88131],[-76.80389,40.87921],[-76.807,40.87881],[-76.8103,40.87961],[-76.8135,40.88201],[-76.8165,40.88361],[-76.8251,40.88751],[-76.8305,40.88791],[-76.8345,40.88901],[-76.8392,40.88751],[-76.8427,40.88671],[-76.8511,40.88801],[-76.8545,40.88941],[-76.8568,40.88941],[-76.8615,40.88871],[-76.86819,40.88711],[-76.8724,40.88581],[-76.87469,40.88471],[-76.87659,40.88441],[-76.8818,40.88621],[-76.8858,40.88731],[-76.8914,40.88851],[-76.89449,40.88691],[-76.8965,40.88641],[-76.9049,40.88501],[-76.91199,40.88451],[-76.9165,40.88471],[-76.9192,40.88511],[-76.9237,40.88621],[-76.92609,40.88701],[-76.9302,40.88751],[-76.9341,40.88731],[-76.94029,40.88821],[-76.9436,40.88781],[-76.9459,40.88641],[-76.9479,40.88561],[-76.9575,40.88401],[-76.962,40.88301],[-76.9702,40.88051],[-76.9713,40.87851],[-76.974,40.87721],[-76.9838,40.87591],[-76.99,40.87571],[-76.99419,40.87501],[-76.99609,40.87271],[-76.99889,40.87241],[-77.0038,40.87241],[-77.0097,40.86991],[-77.0113,40.86881],[-77.0123,40.86671],[-77.0146,40.86431],[-77.0161,40.86071],[-77.0189,40.85841],[-77.0216,40.85781],[-77.0254,40.85841],[-77.0282,40.86141],[-77.03059,40.86341],[-77.03249,40.86441],[-77.0356,40.86461],[-77.0375,40.86391],[-77.0416,40.86341],[-77.0452,40.86591],[-77.04849,40.86691],[-77.05039,40.86861],[-77.0553,40.87061],[-77.078,40.86741],[-77.12469,40.85571],[-77.13129,40.85421],[-77.1356,40.85301],[-77.1514,40.84951],[-77.1839,40.84331],[-77.2286,40.83521],[-77.24889,40.83171],[-77.2873,40.82431],[-77.3128,40.81901],[-77.3215,40.81711],[-77.33459,40.81361],[-77.3566,40.80671],[-77.3569,40.82381],[-77.3577,40.84461],[-77.3616,40.84651],[-77.3652,40.84731],[-77.35719,40.85201],[-77.3148,40.88341],[-77.3054,40.89001],[-77.3009,40.89371],[-77.2795,40.90941],[-77.2772,40.91181],[-77.2521,40.93991],[-77.243,40.94961],[-77.20399,40.99261],[-77.1954,41.00001],[-77.1503,41.03721],[-77.1438,41.04321],[-77.1437,41.04651],[-77.1441,41.06811],[-77.13609,41.06891],[-77.1172,41.06891],[-77.0808,41.08031],[-77.0699,41.08351],[-76.99969,41.08661],[-76.9948,41.08701],[-76.9785,41.08771],[-76.97269,41.10711],[-76.9711,41.11181],[-76.9682,41.12191],[-76.9669,41.12511],[-76.963,41.13811],[-76.96,41.14881],[-76.8967,41.13911],[-76.8977,41.13681],[-76.8983,41.13361],[-76.89799,41.13071],[-76.89709,41.12741],[-76.8958,41.12481],[-76.8958,41.12101],[-76.89529,41.11841],[-76.8928,41.11181],[-76.8919,41.10861],[-76.8914,41.10541],[-76.8896,41.10101],[-76.8875,41.09861],[-76.8858,41.09571],[-76.8838,41.09311],[-76.8796,41.08991],[-76.8782,41.08831],[-76.87469,41.08501],[-76.8735,41.08351],[-76.8704,41.08151],[-76.8653,41.07981],[-76.863,41.07821],[-76.8601,41.07551],[-76.8584,41.07321],[-76.8577,41.07061],[-76.8575,41.06791]]]}},{"type":"Feature","properties":{"state":"PA","cwa":"PBZ","countyname":"Venango","fips":"42121"},"geometry":{"type":"Polygon","coordinates":[[[-79.5121,41.62451],[-79.5112,41.50021],[-79.5123,41.46521],[-79.5219,41.46521],[-79.52209,41.46041],[-79.5218,41.44051],[-79.4782,41.44011],[-79.4779,41.38531],[-79.4778,41.37531],[-79.478,41.36821],[-79.4781,41.33951],[-79.47919,41.33561],[-79.53349,41.33591],[-79.5412,41.33541],[-79.5415,41.33031],[-79.5415,41.32091],[-79.6038,41.32151],[-79.6041,41.31861],[-79.6045,41.27711],[-79.62189,41.27721],[-79.6262,41.27701],[-79.62769,41.26781],[-79.6325,41.26661],[-79.6328,41.26131],[-79.6329,41.25361],[-79.6497,41.25371],[-79.6503,41.25001],[-79.64989,41.24021],[-79.65009,41.23661],[-79.6497,41.21801],[-79.6627,41.20501],[-79.6685,41.19881],[-79.6665,41.19651],[-79.6708,41.19301],[-79.6689,41.19171],[-79.6655,41.18891],[-79.6684,41.18621],[-79.6702,41.18371],[-79.6773,41.18401],[-79.67979,41.18341],[-79.683,41.18381],[-79.6865,41.18271],[-79.69009,41.18191],[-79.6933,41.18351],[-79.6961,41.18431],[-79.7001,41.18071],[-79.69959,41.17741],[-79.7001,41.17541],[-79.69759,41.17341],[-79.70519,41.17281],[-79.7188,41.17261],[-79.7678,41.17271],[-79.80479,41.17321],[-79.8639,41.17281],[-79.9058,41.17211],[-79.93459,41.17181],[-79.9544,41.17181],[-79.9584,41.17161],[-79.98769,41.17191],[-79.99979,41.17181],[-79.99979,41.48161],[-79.9992,41.49011],[-79.9986,41.50051],[-79.99229,41.50081],[-79.98669,41.50061],[-79.9823,41.50011],[-79.9817,41.50591],[-79.9817,41.51241],[-79.9685,41.51291],[-79.9642,41.51281],[-79.9592,41.51341],[-79.959,41.52241],[-79.9591,41.52461],[-79.94939,41.52531],[-79.9427,41.52521],[-79.9436,41.53741],[-79.92349,41.53751],[-79.9255,41.54971],[-79.9192,41.55011],[-79.9095,41.55031],[-79.90939,41.55451],[-79.9089,41.56201],[-79.8957,41.56221],[-79.8931,41.56341],[-79.8929,41.57401],[-79.87019,41.57421],[-79.8732,41.58121],[-79.8593,41.58471],[-79.8499,41.58741],[-79.8494,41.59871],[-79.8414,41.59991],[-79.841,41.60211],[-79.8296,41.60201],[-79.8289,41.62201],[-79.76839,41.62081],[-79.7681,41.61771],[-79.7379,41.61771],[-79.6876,41.61731],[-79.67039,41.61741],[-79.6614,41.61721],[-79.65089,41.61731],[-79.6367,41.61711],[-79.6129,41.61711],[-79.6129,41.62431],[-79.5928,41.62401],[-79.5121,41.62451]]]}},{"type":"Feature","properties":{"state":"PA","cwa":"CTP","countyname":"Warren","fips":"42123"},"geometry":{"type":"Polygon","coordinates":[[[-79.06129,41.99991],[-79.0528,41.99921],[-78.99979,41.99911],[-78.9189,41.99811],[-78.91859,41.95291],[-78.9157,41.95291],[-78.91669,41.88111],[-78.9171,41.86621],[-78.916,41.85691],[-78.91579,41.84091],[-78.9218,41.84091],[-78.9216,41.83091],[-78.94869,41.83051],[-78.95119,41.76321],[-78.95219,41.72851],[-78.9529,41.71511],[-78.9547,41.66931],[-78.9546,41.65121],[-78.95499,41.64021],[-78.9555,41.63771],[-78.95599,41.62461],[-78.9591,41.62391],[-78.9628,41.62411],[-78.9865,41.62431],[-79.0335,41.62511],[-79.04369,41.62511],[-79.0553,41.62561],[-79.0832,41.62621],[-79.0982,41.62621],[-79.11449,41.62661],[-79.12479,41.62661],[-79.2007,41.62751],[-79.2486,41.62771],[-79.3633,41.62641],[-79.4026,41.62571],[-79.4751,41.62521],[-79.47839,41.62501],[-79.4936,41.62471],[-79.5121,41.62451],[-79.5928,41.62401],[-79.6129,41.62431],[-79.6128,41.66101],[-79.613,41.67451],[-79.61279,41.67951],[-79.61259,41.69501],[-79.6129,41.70481],[-79.61269,41.72171],[-79.6128,41.75001],[-79.6125,41.78721],[-79.6125,41.81231],[-79.6122,41.82881],[-79.6121,41.85001],[-79.612,41.87481],[-79.6114,41.88591],[-79.6112,41.89921],[-79.6111,41.93571],[-79.61079,41.96881],[-79.60999,41.99881],[-79.58089,41.99891],[-79.563,41.99871],[-79.5588,41.99851],[-79.50349,41.99851],[-79.4725,41.99821],[-79.4245,41.99861],[-79.3882,41.99871],[-79.3135,41.99861],[-79.24979,41.99881],[-79.20689,41.99901],[-79.20219,41.99921],[-79.1848,41.99941],[-79.145,41.99941],[-79.1385,41.99921],[-79.1244,41.99951],[-79.0649,41.99931],[-79.06129,41.99991]]]}},{"type":"Feature","properties":{"state":"PA","cwa":"PBZ","countyname":"Washington","fips":"42125"},"geometry":{"type":"Polygon","coordinates":[[[-80.3937,40.47731],[-80.3615,40.47751],[-80.3511,40.46971],[-80.3143,40.44001],[-80.2916,40.42141],[-80.2864,40.41751],[-80.27689,40.41001],[-80.26399,40.39931],[-80.25919,40.39561],[-80.2288,40.37061],[-80.2011,40.34751],[-80.182,40.33221],[-80.14989,40.32241],[-80.1153,40.31211],[-80.111,40.31061],[-80.0869,40.30361],[-80.08289,40.30261],[-80.0808,40.30181],[-80.07259,40.29941],[-80.06799,40.29831],[-80.047,40.29181],[-80.0332,40.28791],[-80.0224,40.28451],[-79.9846,40.27351],[-79.97079,40.26921],[-79.9632,40.26701],[-79.95699,40.26541],[-79.9182,40.25371],[-79.9155,40.25141],[-79.9182,40.24881],[-79.92039,40.24751],[-79.9238,40.24581],[-79.9274,40.24421],[-79.92999,40.24331],[-79.9352,40.24201],[-79.9423,40.24141],[-79.9519,40.24091],[-79.95599,40.24051],[-79.9594,40.23971],[-79.9649,40.23761],[-79.9678,40.23551],[-79.9696,40.23361],[-79.9707,40.23141],[-79.97079,40.22891],[-79.9697,40.22591],[-79.9658,40.22151],[-79.962,40.21811],[-79.9593,40.21591],[-79.9556,40.21361],[-79.953,40.21241],[-79.95,40.21151],[-79.9442,40.21031],[-79.9402,40.21011],[-79.9371,40.20951],[-79.9276,40.20671],[-79.9241,40.20501],[-79.91679,40.19981],[-79.9138,40.19831],[-79.91,40.19711],[-79.9001,40.19511],[-79.8964,40.19451],[-79.8921,40.19441],[-79.8889,40.19491],[-79.8811,40.19671],[-79.8774,40.19711],[-79.86649,40.19771],[-79.8602,40.19471],[-79.8554,40.19191],[-79.85339,40.18921],[-79.8522,40.18581],[-79.8508,40.18051],[-79.8504,40.17781],[-79.85049,40.17541],[-79.8512,40.17261],[-79.8527,40.16981],[-79.8555,40.16631],[-79.85789,40.16431],[-79.86069,40.16271],[-79.86369,40.16191],[-79.86559,40.16181],[-79.8704,40.16211],[-79.88139,40.16411],[-79.8873,40.16501],[-79.8933,40.16501],[-79.89619,40.16431],[-79.90009,40.16261],[-79.9025,40.16081],[-79.9043,40.15841],[-79.9049,40.15571],[-79.9042,40.15221],[-79.9022,40.14891],[-79.9002,40.14671],[-79.89259,40.14021],[-79.8909,40.13761],[-79.88879,40.13281],[-79.8877,40.13111],[-79.88609,40.12981],[-79.8819,40.12811],[-79.8791,40.12731],[-79.8771,40.12721],[-79.87109,40.12421],[-79.86359,40.12071],[-79.8601,40.11881],[-79.8568,40.11781],[-79.8532,40.11641],[-79.8504,40.11431],[-79.8491,40.11261],[-79.8462,40.10571],[-79.8435,40.10001],[-79.8425,40.09801],[-79.8397,40.09321],[-79.8391,40.09001],[-79.84049,40.08691],[-79.8436,40.08301],[-79.84669,40.08081],[-79.84949,40.07951],[-79.8532,40.07831],[-79.8634,40.07551],[-79.86659,40.07511],[-79.87,40.07521],[-79.8723,40.07571],[-79.87849,40.07831],[-79.8819,40.07921],[-79.8886,40.08021],[-79.8924,40.08031],[-79.89539,40.08011],[-79.8977,40.07931],[-79.9002,40.07781],[-79.9017,40.07461],[-79.8992,40.07171],[-79.8958,40.07051],[-79.88969,40.06971],[-79.88599,40.06881],[-79.8825,40.06731],[-79.8798,40.06501],[-79.8789,40.06241],[-79.87959,40.05981],[-79.8811,40.05781],[-79.8853,40.05471],[-79.8902,40.05141],[-79.89169,40.04841],[-79.89069,40.04561],[-79.88869,40.04371],[-79.88599,40.04201],[-79.8798,40.03881],[-79.8771,40.03681],[-79.87669,40.03271],[-79.88,40.02831],[-79.8852,40.02471],[-79.8894,40.02271],[-79.8955,40.02201],[-79.9043,40.02251],[-79.91,40.02201],[-79.9143,40.02101],[-79.92509,40.01601],[-79.92979,40.01171],[-79.9318,40.00591],[-79.9332,40.00281],[-79.9351,39.99931],[-79.9369,39.99801],[-79.9389,39.99691],[-79.9434,39.99511],[-79.9459,39.99451],[-79.9486,39.99411],[-79.951,39.99411],[-79.9536,39.99491],[-79.9566,39.99691],[-79.959,40.00001],[-79.9632,40.00801],[-79.9665,40.01121],[-79.9704,40.01351],[-79.97459,40.01381],[-79.9852,40.01311],[-79.9882,40.01191],[-79.9935,40.00901],[-79.9954,40.00621],[-79.99509,40.00191],[-79.994,39.99661],[-79.9927,39.99391],[-79.99129,39.99011],[-79.9919,39.98521],[-79.9959,39.98351],[-79.9996,39.98391],[-80.0049,39.98461],[-80.0071,39.98461],[-80.0105,39.98331],[-80.0134,39.98151],[-80.0154,39.97911],[-80.0181,39.97761],[-80.0207,39.97891],[-80.0225,39.98031],[-80.0254,39.98131],[-80.0282,39.98291],[-80.0331,39.98351],[-80.0336,39.98071],[-80.03239,39.97781],[-80.03529,39.97601],[-80.0379,39.97501],[-80.04099,39.97471],[-80.04379,39.97661],[-80.047,39.97781],[-80.049,39.97981],[-80.04549,39.98471],[-80.0489,39.98591],[-80.0508,39.98891],[-80.04649,39.99291],[-80.0433,39.99461],[-80.03989,39.99611],[-80.0443,39.99921],[-80.04559,40.00231],[-80.047,40.00451],[-80.05,40.00631],[-80.05379,40.00481],[-80.0591,40.00451],[-80.0581,40.00811],[-80.0611,40.00891],[-80.0643,40.00661],[-80.0666,40.00521],[-80.06779,40.00341],[-80.0724,40.00011],[-80.08739,39.99081],[-80.0927,39.99191],[-80.0972,39.99171],[-80.1022,39.99051],[-80.1054,39.99091],[-80.1087,39.98991],[-80.11079,39.98841],[-80.1179,39.99121],[-80.12009,39.99081],[-80.1223,39.99011],[-80.1292,39.98851],[-80.1336,39.99061],[-80.1365,39.99241],[-80.14169,39.99351],[-80.14429,39.99371],[-80.1465,39.99431],[-80.1502,39.99451],[-80.15279,39.99641],[-80.1553,39.99651],[-80.1563,39.99931],[-80.1599,40.00241],[-80.1624,40.00361],[-80.1666,40.00501],[-80.1703,40.00581],[-80.1737,40.00701],[-80.1759,40.00801],[-80.1803,40.00711],[-80.1832,40.00311],[-80.1879,40.00291],[-80.19109,40.00241],[-80.1935,40.00451],[-80.1953,40.00501],[-80.199,40.00391],[-80.2044,40.00351],[-80.2082,40.00491],[-80.2118,40.00331],[-80.2142,40.00281],[-80.2186,40.00381],[-80.22359,40.00531],[-80.226,40.00751],[-80.2282,40.00741],[-80.2308,40.00761],[-80.2333,40.00831],[-80.2362,40.00861],[-80.2393,40.00931],[-80.2418,40.00941],[-80.24339,40.00751],[-80.2457,40.00711],[-80.25159,40.00751],[-80.25349,40.00511],[-80.2565,40.00331],[-80.2593,40.00391],[-80.2625,40.00291],[-80.26649,40.00191],[-80.27,40.00281],[-80.2736,40.00291],[-80.27579,40.00481],[-80.2746,40.00671],[-80.27209,40.00761],[-80.2728,40.01081],[-80.2737,40.01331],[-80.27679,40.01291],[-80.2802,40.01301],[-80.2847,40.01281],[-80.2859,40.01571],[-80.28799,40.01921],[-80.2921,40.02031],[-80.29449,40.01871],[-80.29749,40.01991],[-80.3007,40.02041],[-80.30379,40.01991],[-80.3069,40.01811],[-80.3103,40.01671],[-80.31,40.01271],[-80.3092,40.00751],[-80.3111,40.00481],[-80.313,40.00341],[-80.3152,40.00371],[-80.3175,40.00351],[-80.3203,40.00491],[-80.3224,40.00561],[-80.3256,40.00481],[-80.3286,40.00511],[-80.33099,40.00481],[-80.3332,40.00361],[-80.3417,40.00191],[-80.3443,40.00061],[-80.3481,40.00101],[-80.3512,40.00031],[-80.35439,39.99741],[-80.35709,39.99701],[-80.37,39.99701],[-80.3725,39.99641],[-80.3752,39.99511],[-80.3798,39.99371],[-80.38779,39.98921],[-80.391,39.98781],[-80.3929,39.98601],[-80.39549,39.98311],[-80.396,39.97961],[-80.3974,39.97781],[-80.4015,39.97831],[-80.4051,39.97741],[-80.40929,39.97661],[-80.4134,39.97671],[-80.4172,39.97531],[-80.42049,39.97461],[-80.4226,39.97271],[-80.4266,39.97271],[-80.4296,39.97551],[-80.4324,39.97701],[-80.4353,39.97741],[-80.4444,39.97461],[-80.44769,39.97001],[-80.4483,39.96711],[-80.4508,39.96751],[-80.45129,39.97041],[-80.4536,39.97271],[-80.4554,39.97081],[-80.45789,39.96891],[-80.46149,39.96661],[-80.4591,39.96361],[-80.46149,39.96181],[-80.46519,39.96121],[-80.4685,39.96141],[-80.4704,39.96071],[-80.46809,39.95811],[-80.4665,39.95561],[-80.4716,39.95461],[-80.4757,39.95221],[-80.48029,39.95271],[-80.48199,39.95341],[-80.4869,39.95461],[-80.4901,39.95451],[-80.4909,39.95681],[-80.48869,39.95841],[-80.4872,39.96031],[-80.48859,39.96161],[-80.4907,39.96101],[-80.493,39.95911],[-80.4973,39.95851],[-80.50089,39.95681],[-80.5009,39.95441],[-80.5077,39.95701],[-80.5106,39.95961],[-80.51279,39.96011],[-80.5155,39.96101],[-80.5188,39.96311],[-80.5192,39.96591],[-80.519,40.00301],[-80.5191,40.01661],[-80.51929,40.02581],[-80.519,40.03641],[-80.51929,40.04541],[-80.519,40.06461],[-80.519,40.07741],[-80.51929,40.09531],[-80.519,40.09891],[-80.5189,40.11771],[-80.5191,40.12501],[-80.5191,40.15971],[-80.5191,40.17251],[-80.5189,40.18371],[-80.5189,40.19881],[-80.5191,40.20361],[-80.5192,40.26221],[-80.519,40.28991],[-80.519,40.34911],[-80.518,40.36781],[-80.5183,40.39891],[-80.518,40.40341],[-80.5179,40.41151],[-80.518,40.43231],[-80.5177,40.46311],[-80.519,40.47371],[-80.519,40.47741],[-80.491,40.47751],[-80.4665,40.47731],[-80.4426,40.47781],[-80.3937,40.47731]]]}},{"type":"Feature","properties":{"state":"PA","cwa":"BGM","countyname":"Wyoming","fips":"42131"},"geometry":{"type":"Polygon","coordinates":[[[-76.11549,41.65221],[-76.11459,41.64351],[-76.07079,41.64401],[-76.06239,41.64431],[-76.0349,41.64411],[-76.0309,41.64421],[-76.0188,41.64391],[-76.0083,41.64421],[-75.9931,41.64431],[-75.9564,41.64441],[-75.9248,41.64421],[-75.87479,41.64441],[-75.8687,41.64411],[-75.7823,41.64321],[-75.7588,41.64251],[-75.7207,41.64201],[-75.71919,41.63781],[-75.7207,41.63501],[-75.7242,41.63461],[-75.729,41.63561],[-75.7374,41.62501],[-75.74439,41.61561],[-75.74979,41.60711],[-75.757,41.59801],[-75.75809,41.59631],[-75.7634,41.58971],[-75.7702,41.58081],[-75.7747,41.57451],[-75.7696,41.56821],[-75.77299,41.56341],[-75.7762,41.55911],[-75.7794,41.55521],[-75.7915,41.53881],[-75.8019,41.52321],[-75.7941,41.51881],[-75.77209,41.50591],[-75.7869,41.48691],[-75.8098,41.45811],[-75.82539,41.43811],[-75.8342,41.42761],[-75.8361,41.42561],[-75.8389,41.42451],[-75.8509,41.42191],[-75.862,41.41931],[-75.8686,41.41731],[-75.8742,41.41601],[-75.8885,41.41311],[-75.9222,41.40511],[-75.9303,41.40341],[-75.9322,41.40281],[-75.9459,41.39991],[-76.0095,41.38461],[-76.0537,41.38271],[-76.0637,41.38251],[-76.0738,41.38201],[-76.1,41.38151],[-76.1036,41.38121],[-76.1464,41.38021],[-76.25249,41.37811],[-76.28059,41.37731],[-76.2826,41.37751],[-76.2774,41.39091],[-76.25259,41.45161],[-76.24969,41.45921],[-76.24249,41.47671],[-76.24,41.48331],[-76.2297,41.50911],[-76.22379,41.52451],[-76.22189,41.53221],[-76.2206,41.53861],[-76.22079,41.54211],[-76.2184,41.54881],[-76.2026,41.62091],[-76.2019,41.62511],[-76.201,41.62871],[-76.2006,41.63231],[-76.2016,41.63531],[-76.2018,41.63881],[-76.2016,41.64171],[-76.20049,41.64441],[-76.1989,41.64681],[-76.18649,41.64771],[-76.1358,41.65071],[-76.11549,41.65221]]]}},{"type":"Feature","properties":{"state":"PA","cwa":"CTP","countyname":"York","fips":"42133"},"geometry":{"type":"Polygon","coordinates":[[[-76.834,40.21691],[-76.8308,40.20981],[-76.8299,40.20711],[-76.828,40.20441],[-76.8252,40.20271],[-76.8223,40.20151],[-76.8185,40.20081],[-76.81429,40.20101],[-76.8099,40.20061],[-76.8042,40.20061],[-76.8013,40.20011],[-76.7977,40.19851],[-76.79469,40.19661],[-76.7924,40.19491],[-76.7896,40.19331],[-76.78719,40.19141],[-76.78,40.18721],[-76.7725,40.18321],[-76.7669,40.18101],[-76.7635,40.17911],[-76.76019,40.17801],[-76.757,40.17721],[-76.7529,40.17571],[-76.7506,40.17271],[-76.7495,40.16931],[-76.7481,40.15811],[-76.7482,40.15521],[-76.74619,40.14821],[-76.7457,40.14521],[-76.7455,40.14261],[-76.74419,40.13291],[-76.7427,40.13031],[-76.74049,40.12821],[-76.7381,40.12631],[-76.7346,40.12391],[-76.73119,40.12231],[-76.7262,40.12171],[-76.7214,40.12001],[-76.71719,40.11751],[-76.7109,40.11311],[-76.7055,40.10881],[-76.7029,40.10701],[-76.6962,40.10161],[-76.6925,40.09811],[-76.6886,40.09361],[-76.68629,40.09071],[-76.6842,40.08731],[-76.6823,40.08531],[-76.68,40.08201],[-76.67789,40.07851],[-76.6757,40.07441],[-76.67349,40.07151],[-76.6712,40.06951],[-76.6691,40.06711],[-76.66689,40.06551],[-76.66489,40.06381],[-76.6548,40.06021],[-76.6517,40.05941],[-76.6478,40.05871],[-76.64429,40.05901],[-76.6405,40.05901],[-76.6362,40.05821],[-76.6299,40.05641],[-76.6224,40.05471],[-76.6129,40.05401],[-76.6064,40.05261],[-76.5983,40.05161],[-76.59399,40.05071],[-76.59039,40.04951],[-76.5879,40.04891],[-76.5851,40.04851],[-76.57719,40.04631],[-76.5728,40.04541],[-76.5695,40.04531],[-76.5662,40.04541],[-76.5552,40.04611],[-76.5528,40.04671],[-76.54939,40.04781],[-76.5432,40.05011],[-76.53999,40.05111],[-76.5374,40.05131],[-76.5344,40.05081],[-76.5328,40.04861],[-76.5319,40.04641],[-76.5322,40.03781],[-76.5302,40.03211],[-76.52879,40.03001],[-76.5275,40.02741],[-76.5251,40.02421],[-76.52129,40.02071],[-76.51859,40.01871],[-76.5158,40.01691],[-76.51289,40.01401],[-76.5108,40.01061],[-76.5052,40.00511],[-76.50349,40.00291],[-76.50089,40.00071],[-76.49889,39.99751],[-76.4978,39.99481],[-76.4976,39.99171],[-76.49689,39.98891],[-76.49609,39.98061],[-76.4955,39.97801],[-76.49419,39.97441],[-76.491,39.96941],[-76.48959,39.96611],[-76.48759,39.96281],[-76.4855,39.96031],[-76.4791,39.95471],[-76.47749,39.95281],[-76.47569,39.94981],[-76.47359,39.94771],[-76.46999,39.94481],[-76.4665,39.94271],[-76.45979,39.94111],[-76.4539,39.93811],[-76.44939,39.93491],[-76.4463,39.93331],[-76.4437,39.93241],[-76.4408,39.93191],[-76.4368,39.93071],[-76.43359,39.93011],[-76.4256,39.92741],[-76.4203,39.92491],[-76.4172,39.92311],[-76.4118,39.92031],[-76.4076,39.91731],[-76.405,39.91581],[-76.3985,39.91491],[-76.39639,39.91441],[-76.3922,39.91291],[-76.3893,39.91011],[-76.3855,39.90541],[-76.38499,39.90141],[-76.3838,39.89751],[-76.3836,39.89491],[-76.383,39.89281],[-76.381,39.89061],[-76.37959,39.88741],[-76.3798,39.88291],[-76.3812,39.87931],[-76.3811,39.87591],[-76.3792,39.86971],[-76.378,39.86691],[-76.3759,39.86491],[-76.3678,39.85941],[-76.3601,39.85531],[-76.35229,39.84891],[-76.3507,39.84621],[-76.3512,39.84331],[-76.351,39.84041],[-76.35,39.83741],[-76.3428,39.82921],[-76.33939,39.82401],[-76.3369,39.82141],[-76.334,39.81881],[-76.3302,39.81611],[-76.3276,39.81471],[-76.32459,39.81371],[-76.32259,39.81281],[-76.3192,39.81181],[-76.3156,39.80991],[-76.3131,39.80671],[-76.3112,39.80391],[-76.3071,39.80011],[-76.30289,39.79661],[-76.30009,39.79391],[-76.2977,39.79111],[-76.2959,39.78731],[-76.2932,39.78371],[-76.28979,39.78161],[-76.28529,39.78031],[-76.2823,39.78021],[-76.27979,39.77961],[-76.2781,39.77831],[-76.2761,39.77561],[-76.271,39.76481],[-76.26929,39.76241],[-76.2679,39.76011],[-76.25999,39.75181],[-76.2566,39.75011],[-76.2492,39.73981],[-76.2464,39.73781],[-76.2439,39.73511],[-76.24229,39.73291],[-76.24039,39.73001],[-76.2394,39.72721],[-76.2389,39.72471],[-76.23959,39.72221],[-76.2416,39.72111],[-76.25449,39.72131],[-76.42419,39.72121],[-76.5424,39.72141],[-76.5703,39.72121],[-76.6092,39.72131],[-76.64429,39.72111],[-76.7054,39.72121],[-76.72089,39.72101],[-76.7718,39.72081],[-76.78339,39.72091],[-76.7856,39.72081],[-76.7876,39.72051],[-76.8078,39.72071],[-76.8231,39.72051],[-76.8976,39.72041],[-76.9361,39.72071],[-76.9427,39.72051],[-76.95779,39.72041],[-76.96329,39.72021],[-76.9743,39.72021],[-76.9909,39.71981],[-76.9996,39.71991],[-76.99969,39.74761],[-76.9994,39.75371],[-76.9995,39.82381],[-76.9994,39.82701],[-76.9984,39.83171],[-76.991,39.83431],[-76.98299,39.84171],[-76.9813,39.84411],[-76.97829,39.84781],[-76.9743,39.84981],[-76.9654,39.85051],[-76.9612,39.85321],[-76.9581,39.85541],[-76.9554,39.85631],[-76.95869,39.86141],[-76.962,39.86561],[-76.96349,39.87261],[-76.9678,39.87371],[-76.9726,39.87311],[-76.97459,39.87561],[-76.9779,39.88121],[-76.97739,39.88521],[-76.9805,39.88851],[-76.9822,39.89181],[-76.9838,39.89421],[-76.9825,39.89741],[-76.9838,39.90051],[-76.9796,39.90601],[-76.9733,39.91111],[-76.972,39.91401],[-76.9678,39.91581],[-76.9675,39.91911],[-76.9659,39.92191],[-76.9698,39.92211],[-76.9721,39.92541],[-76.9714,39.93171],[-76.9722,39.93431],[-76.96999,39.93671],[-76.9674,39.93561],[-76.9705,39.94121],[-76.99979,39.98421],[-77.0067,39.99461],[-77.016,40.00961],[-77.02029,40.01441],[-77.0263,40.01801],[-77.0327,40.01851],[-77.0434,40.02181],[-77.0466,40.02231],[-77.0537,40.02291],[-77.0574,40.02411],[-77.0599,40.02571],[-77.0639,40.02741],[-77.0676,40.02841],[-77.06989,40.03011],[-77.0713,40.03261],[-77.073,40.03471],[-77.078,40.03741],[-77.0808,40.04311],[-77.0845,40.04661],[-77.0892,40.05161],[-77.0929,40.05401],[-77.1017,40.05711],[-77.10429,40.05821],[-77.1069,40.06001],[-77.1246,40.06661],[-77.127,40.06801],[-77.1321,40.06901],[-77.1363,40.06951],[-77.125,40.07821],[-77.0602,40.12491],[-77.0449,40.13651],[-77.04179,40.13871],[-77.0337,40.14511],[-77.03149,40.14651],[-77.0271,40.14731],[-77.0226,40.14661],[-77.0186,40.14821],[-77.01199,40.14851],[-77.0088,40.14961],[-77.0065,40.15071],[-77.00449,40.15221],[-77.0009,40.15321],[-76.9965,40.15351],[-76.9917,40.15511],[-76.98859,40.15521],[-76.98589,40.15471],[-76.9814,40.15361],[-76.9785,40.15231],[-76.9743,40.15401],[-76.97189,40.15741],[-76.9742,40.15911],[-76.9775,40.15891],[-76.98009,40.16001],[-76.9816,40.16281],[-76.97729,40.16421],[-76.9734,40.16291],[-76.9707,40.16261],[-76.9668,40.16301],[-76.96329,40.16461],[-76.96,40.16391],[-76.9543,40.16541],[-76.9519,40.16581],[-76.9497,40.16571],[-76.9441,40.16431],[-76.9385,40.16401],[-76.934,40.16221],[-76.9294,40.16131],[-76.9226,40.16201],[-76.918,40.16301],[-76.91589,40.16381],[-76.91019,40.16531],[-76.9078,40.16551],[-76.9058,40.16681],[-76.9087,40.16961],[-76.9116,40.17111],[-76.9146,40.17291],[-76.9226,40.17661],[-76.92519,40.17931],[-76.92619,40.18141],[-76.9278,40.18361],[-76.9267,40.18771],[-76.92319,40.18771],[-76.92039,40.18651],[-76.9185,40.18471],[-76.9161,40.18311],[-76.9136,40.18291],[-76.9125,40.18601],[-76.91209,40.18891],[-76.9091,40.18981],[-76.91299,40.19301],[-76.9147,40.19491],[-76.91779,40.19751],[-76.92139,40.19781],[-76.9241,40.19721],[-76.9278,40.19701],[-76.9303,40.19871],[-76.9272,40.20011],[-76.92509,40.20281],[-76.92329,40.20621],[-76.92139,40.20881],[-76.9185,40.21011],[-76.9155,40.20851],[-76.91389,40.20511],[-76.91129,40.20481],[-76.91,40.20741],[-76.9067,40.21041],[-76.9073,40.21381],[-76.905,40.21631],[-76.9017,40.21261],[-76.89899,40.21431],[-76.8998,40.21721],[-76.90269,40.22061],[-76.9041,40.22351],[-76.90189,40.22421],[-76.89989,40.22341],[-76.8977,40.22431],[-76.8959,40.22271],[-76.89429,40.22071],[-76.89259,40.21821],[-76.8911,40.21521],[-76.88889,40.21381],[-76.88519,40.21431],[-76.8818,40.21681],[-76.8779,40.21771],[-76.8745,40.21641],[-76.87189,40.21561],[-76.8689,40.21581],[-76.8625,40.21881],[-76.8612,40.22351],[-76.8591,40.22611],[-76.8568,40.22581],[-76.8539,40.22491],[-76.84489,40.22281],[-76.8416,40.22221],[-76.8379,40.22061],[-76.834,40.21691]]]}},{"type":"Feature","properties":{"state":"PA","cwa":"CTP","countyname":"Northumberland","fips":"42097"},"geometry":{"type":"Polygon","coordinates":[[[-76.793,40.94701],[-76.7901,40.94701],[-76.7844,40.94781],[-76.7757,40.94951],[-76.7674,40.94981],[-76.7585,40.95141],[-76.74429,40.95431],[-76.7345,40.95451],[-76.7263,40.95621],[-76.7184,40.95731],[-76.71329,40.95841],[-76.7017,40.96031],[-76.69769,40.96151],[-76.6878,40.96271],[-76.6825,40.96481],[-76.6793,40.96551],[-76.67619,40.96551],[-76.6614,40.96801],[-76.65279,40.96231],[-76.647,40.96401],[-76.6445,40.96451],[-76.6413,40.96481],[-76.6358,40.96451],[-76.6328,40.96391],[-76.6292,40.96251],[-76.6252,40.96041],[-76.6159,40.95371],[-76.6134,40.95161],[-76.61089,40.94911],[-76.60889,40.94741],[-76.6025,40.94271],[-76.599,40.94161],[-76.5956,40.94091],[-76.5927,40.94041],[-76.5896,40.94011],[-76.5796,40.93981],[-76.57719,40.93951],[-76.5729,40.93931],[-76.56419,40.93961],[-76.5611,40.93941],[-76.5579,40.93781],[-76.55849,40.93401],[-76.5582,40.93161],[-76.5615,40.92531],[-76.5649,40.92131],[-76.5673,40.91691],[-76.5677,40.91451],[-76.5659,40.91021],[-76.5656,40.90661],[-76.5647,40.90411],[-76.56139,40.90001],[-76.56039,40.89761],[-76.5597,40.89481],[-76.5584,40.89191],[-76.55669,40.88921],[-76.5518,40.88351],[-76.5416,40.88251],[-76.528,40.88251],[-76.5176,40.88241],[-76.5052,40.88171],[-76.5051,40.87771],[-76.5087,40.87411],[-76.5093,40.87051],[-76.50809,40.86771],[-76.5079,40.86551],[-76.50629,40.86281],[-76.5033,40.86211],[-76.50079,40.85971],[-76.4993,40.85491],[-76.49899,40.85161],[-76.5019,40.84971],[-76.50529,40.84891],[-76.5076,40.84691],[-76.5079,40.84351],[-76.5074,40.83991],[-76.5052,40.83761],[-76.50449,40.83461],[-76.50279,40.83141],[-76.50169,40.82521],[-76.4986,40.82411],[-76.4947,40.82421],[-76.48949,40.82571],[-76.4862,40.82621],[-76.4833,40.82641],[-76.48029,40.82701],[-76.4729,40.82731],[-76.4711,40.82851],[-76.46819,40.82821],[-76.4637,40.82831],[-76.45779,40.83001],[-76.4536,40.83051],[-76.4498,40.83071],[-76.44479,40.83121],[-76.4405,40.83171],[-76.43739,40.83231],[-76.4348,40.83261],[-76.4278,40.83241],[-76.4234,40.83341],[-76.4119,40.83341],[-76.409,40.83391],[-76.4054,40.83361],[-76.3969,40.81061],[-76.39249,40.79781],[-76.38969,40.79251],[-76.38039,40.77601],[-76.38799,40.77271],[-76.3909,40.77161],[-76.41679,40.76261],[-76.4591,40.74691],[-76.4742,40.74151],[-76.52319,40.72351],[-76.5631,40.70861],[-76.56609,40.70771],[-76.5724,40.70541],[-76.5964,40.69821],[-76.6029,40.69601],[-76.6334,40.68441],[-76.65839,40.67531],[-76.6932,40.66351],[-76.7002,40.66331],[-76.702,40.65681],[-76.7049,40.65571],[-76.71259,40.65931],[-76.71619,40.65901],[-76.7195,40.65721],[-76.7213,40.65391],[-76.72359,40.65331],[-76.7291,40.65371],[-76.7333,40.65501],[-76.73759,40.65491],[-76.7412,40.65451],[-76.7447,40.65461],[-76.7486,40.65351],[-76.7514,40.65201],[-76.75259,40.65031],[-76.75539,40.64851],[-76.76279,40.64771],[-76.7653,40.64711],[-76.7702,40.64691],[-76.77679,40.64591],[-76.7804,40.64491],[-76.78529,40.64231],[-76.7886,40.64111],[-76.79259,40.64061],[-76.7944,40.64111],[-76.79649,40.64331],[-76.7986,40.64491],[-76.80199,40.64651],[-76.80579,40.64621],[-76.8088,40.64361],[-76.81,40.64021],[-76.8103,40.63511],[-76.8139,40.63341],[-76.81989,40.63341],[-76.8238,40.63411],[-76.82819,40.63341],[-76.8325,40.62871],[-76.837,40.62621],[-76.84119,40.62561],[-76.8556,40.62601],[-76.865,40.62731],[-76.869,40.62401],[-76.86919,40.62061],[-76.8697,40.61781],[-76.87209,40.61661],[-76.8752,40.61641],[-76.8779,40.61661],[-76.8827,40.61761],[-76.88699,40.61761],[-76.8902,40.61621],[-76.89149,40.61451],[-76.89,40.61141],[-76.8932,40.61011],[-76.8996,40.61061],[-76.9026,40.61181],[-76.908,40.61121],[-76.91109,40.61111],[-76.9208,40.60951],[-76.9194,40.60711],[-76.9194,40.60431],[-76.9222,40.60601],[-76.925,40.60851],[-76.9301,40.61081],[-76.935,40.61231],[-76.9396,40.61641],[-76.9469,40.62531],[-76.9493,40.62781],[-76.9469,40.63011],[-76.9403,40.63731],[-76.93919,40.63891],[-76.93439,40.64091],[-76.9286,40.64501],[-76.92229,40.65261],[-76.91959,40.65661],[-76.9166,40.66201],[-76.9142,40.66511],[-76.91209,40.66741],[-76.90839,40.67041],[-76.9031,40.67431],[-76.8994,40.67621],[-76.89619,40.67851],[-76.89259,40.68021],[-76.8895,40.68221],[-76.88689,40.68271],[-76.88149,40.68591],[-76.87939,40.68771],[-76.877,40.69101],[-76.8741,40.69351],[-76.86929,40.69881],[-76.8671,40.70241],[-76.8653,40.70441],[-76.8643,40.70631],[-76.86089,40.71141],[-76.85719,40.71981],[-76.8555,40.72471],[-76.8549,40.72961],[-76.85519,40.73691],[-76.8564,40.74351],[-76.8566,40.74651],[-76.8565,40.75001],[-76.856,40.75561],[-76.8568,40.76061],[-76.85709,40.76501],[-76.8578,40.77001],[-76.8587,40.77471],[-76.8588,40.77721],[-76.8586,40.78091],[-76.85619,40.78861],[-76.85439,40.79511],[-76.85329,40.79801],[-76.8513,40.80211],[-76.8492,40.80721],[-76.84779,40.81151],[-76.8448,40.81561],[-76.8387,40.82321],[-76.83559,40.82611],[-76.8299,40.83071],[-76.8271,40.83351],[-76.8249,40.83601],[-76.8223,40.83841],[-76.81889,40.84231],[-76.8145,40.84591],[-76.8126,40.84791],[-76.8097,40.85521],[-76.8065,40.86001],[-76.8053,40.86331],[-76.8016,40.86971],[-76.7988,40.87561],[-76.7986,40.87961],[-76.80029,40.88131],[-76.8046,40.88561],[-76.81149,40.88751],[-76.82159,40.88961],[-76.8248,40.89121],[-76.82929,40.89541],[-76.83489,40.90031],[-76.8409,40.90451],[-76.8433,40.90711],[-76.8457,40.90851],[-76.8482,40.91051],[-76.8504,40.91331],[-76.8548,40.91721],[-76.862,40.92841],[-76.8638,40.93231],[-76.8672,40.93791],[-76.8689,40.94131],[-76.8716,40.94391],[-76.8728,40.94561],[-76.8749,40.94921],[-76.87669,40.95291],[-76.8773,40.95521],[-76.8772,40.95831],[-76.8783,40.96231],[-76.882,40.96851],[-76.8818,40.97301],[-76.8791,40.97761],[-76.87749,40.98131],[-76.87479,40.98551],[-76.8718,40.98951],[-76.86909,40.99351],[-76.8675,40.99691],[-76.86729,41.00011],[-76.8672,41.00771],[-76.8669,41.00981],[-76.8656,41.01471],[-76.86469,41.01901],[-76.8631,41.02341],[-76.86169,41.02621],[-76.861,41.02901],[-76.8611,41.03251],[-76.86079,41.03741],[-76.85909,41.04091],[-76.85719,41.04431],[-76.85619,41.05081],[-76.8574,41.05501],[-76.8576,41.06151],[-76.85709,41.06551],[-76.8575,41.06791],[-76.8577,41.07061],[-76.8584,41.07321],[-76.8601,41.07551],[-76.863,41.07821],[-76.8653,41.07981],[-76.8704,41.08151],[-76.8735,41.08351],[-76.87469,41.08501],[-76.8782,41.08831],[-76.8796,41.08991],[-76.8838,41.09311],[-76.8858,41.09571],[-76.8875,41.09861],[-76.8896,41.10101],[-76.8914,41.10541],[-76.8919,41.10861],[-76.8928,41.11181],[-76.89529,41.11841],[-76.8958,41.12101],[-76.8958,41.12481],[-76.89709,41.12741],[-76.89799,41.13071],[-76.8983,41.13361],[-76.8977,41.13681],[-76.8967,41.13911],[-76.89529,41.14181],[-76.8938,41.14421],[-76.89169,41.14841],[-76.8902,41.15061],[-76.88889,41.15321],[-76.88519,41.15661],[-76.8802,41.15821],[-76.8718,41.16001],[-76.8587,41.16311],[-76.8293,41.16701],[-76.8099,41.17101],[-76.78999,41.17541],[-76.7772,41.17521],[-76.7695,41.17441],[-76.7327,41.17201],[-76.73119,41.16321],[-76.7314,41.15881],[-76.73119,41.15561],[-76.73129,41.15321],[-76.73299,41.14841],[-76.73409,41.14451],[-76.7354,41.13801],[-76.7341,41.13281],[-76.7347,41.12871],[-76.73399,41.12471],[-76.7347,41.12151],[-76.7351,41.11751],[-76.7354,41.10901],[-76.7344,41.10461],[-76.735,41.09351],[-76.73579,41.08981],[-76.73779,41.08641],[-76.739,41.08221],[-76.7455,41.06731],[-76.7492,41.06121],[-76.75719,41.04931],[-76.7577,41.04561],[-76.7596,41.03891],[-76.7643,41.02941],[-76.76199,41.02591],[-76.7706,41.01871],[-76.7723,41.01631],[-76.7757,41.00971],[-76.7738,41.00231],[-76.7743,41.00011],[-76.78419,40.96911],[-76.7858,40.96631],[-76.7869,40.96381],[-76.7869,40.96091],[-76.7857,40.95881],[-76.78809,40.95731],[-76.79079,40.95611],[-76.7905,40.95241],[-76.7924,40.95021],[-76.7944,40.94871],[-76.793,40.94701]]]}},{"type":"Feature","properties":{"state":"PA","cwa":"PBZ","countyname":"Fayette","fips":"42051"},"geometry":{"type":"Polygon","coordinates":[[[-79.47749,40.14151],[-79.4704,40.13851],[-79.4683,40.13681],[-79.466,40.13611],[-79.4586,40.13551],[-79.4556,40.13421],[-79.45229,40.13221],[-79.4491,40.13071],[-79.4477,40.12951],[-79.44749,40.12631],[-79.44559,40.12361],[-79.4422,40.11961],[-79.4379,40.11591],[-79.4348,40.11471],[-79.4297,40.11341],[-79.4262,40.11211],[-79.423,40.11061],[-79.4172,40.10561],[-79.41299,40.10381],[-79.40649,40.10241],[-79.4023,40.10261],[-79.3983,40.09621],[-79.3956,40.09231],[-79.393,40.09031],[-79.3909,40.08921],[-79.379,40.08421],[-79.3734,40.08141],[-79.3677,40.07991],[-79.36349,40.07801],[-79.3611,40.07641],[-79.35809,40.07501],[-79.3557,40.07411],[-79.35429,40.07241],[-79.352,40.06871],[-79.35,40.06431],[-79.3428,40.04631],[-79.34209,40.04351],[-79.339,40.04221],[-79.3354,40.04191],[-79.3284,40.04051],[-79.3251,40.04051],[-79.3221,40.04131],[-79.31619,40.04361],[-79.3138,40.04401],[-79.3112,40.04361],[-79.30569,40.04241],[-79.29379,40.04041],[-79.29549,40.03771],[-79.3007,40.03091],[-79.3027,40.02861],[-79.3131,40.01511],[-79.3255,39.99961],[-79.34389,39.97411],[-79.37299,39.93541],[-79.37479,39.93321],[-79.3987,39.90061],[-79.4143,39.86181],[-79.417,39.85381],[-79.4107,39.85001],[-79.4078,39.84881],[-79.40569,39.84821],[-79.3979,39.84501],[-79.3957,39.84431],[-79.3929,39.84251],[-79.3895,39.83981],[-79.3856,39.83851],[-79.3825,39.83701],[-79.3818,39.83411],[-79.3829,39.82931],[-79.3807,39.82721],[-79.3753,39.82801],[-79.3724,39.82751],[-79.3689,39.82441],[-79.3671,39.82251],[-79.36549,39.81921],[-79.3651,39.81161],[-79.36449,39.80931],[-79.3643,39.80671],[-79.36629,39.80391],[-79.3685,39.80191],[-79.3689,39.79831],[-79.3677,39.79461],[-79.36539,39.79061],[-79.3614,39.78831],[-79.3575,39.78821],[-79.35439,39.78851],[-79.3518,39.78711],[-79.3529,39.78401],[-79.3554,39.78211],[-79.3597,39.78201],[-79.3625,39.78401],[-79.3709,39.78611],[-79.3737,39.78781],[-79.3768,39.78941],[-79.3801,39.78971],[-79.38129,39.78591],[-79.38329,39.78271],[-79.3866,39.78311],[-79.3892,39.78401],[-79.3922,39.78441],[-79.3949,39.78291],[-79.39339,39.77981],[-79.3905,39.77741],[-79.38609,39.77561],[-79.3799,39.77261],[-79.37869,39.76961],[-79.3801,39.76681],[-79.3847,39.76371],[-79.3864,39.76201],[-79.389,39.76141],[-79.3987,39.75801],[-79.3997,39.75521],[-79.3983,39.75251],[-79.3959,39.75021],[-79.39449,39.74791],[-79.3938,39.74451],[-79.39719,39.74281],[-79.4005,39.74271],[-79.40359,39.74301],[-79.4061,39.74261],[-79.40839,39.74161],[-79.40939,39.73951],[-79.4098,39.73731],[-79.40929,39.73461],[-79.4068,39.73381],[-79.40109,39.73401],[-79.39819,39.73361],[-79.3948,39.73371],[-79.3922,39.73211],[-79.39059,39.72991],[-79.38969,39.72771],[-79.38989,39.72481],[-79.3921,39.72191],[-79.402,39.72161],[-79.4315,39.72151],[-79.476,39.72111],[-79.5481,39.72081],[-79.5839,39.72131],[-79.59859,39.72111],[-79.6094,39.72121],[-79.6224,39.72091],[-79.64459,39.72081],[-79.7203,39.72101],[-79.76379,39.72081],[-79.88799,39.72071],[-79.9097,39.72081],[-79.9157,39.72101],[-79.9126,39.72471],[-79.9105,39.72751],[-79.90929,39.72951],[-79.9057,39.73421],[-79.9043,39.73721],[-79.9033,39.74011],[-79.9035,39.74281],[-79.905,39.74521],[-79.9072,39.74741],[-79.91029,39.74981],[-79.91309,39.75171],[-79.9157,39.75251],[-79.92239,39.75361],[-79.9255,39.75461],[-79.9285,39.75601],[-79.9304,39.75751],[-79.9325,39.76051],[-79.93449,39.76421],[-79.9339,39.76771],[-79.9329,39.77111],[-79.93439,39.77531],[-79.935,39.77851],[-79.9343,39.78171],[-79.93259,39.78471],[-79.92989,39.78611],[-79.9276,39.78641],[-79.9211,39.78661],[-79.9165,39.78721],[-79.91399,39.78801],[-79.9116,39.78931],[-79.9099,39.79071],[-79.9088,39.79351],[-79.90929,39.79741],[-79.91019,39.79961],[-79.9118,39.80241],[-79.91409,39.80551],[-79.9162,39.80741],[-79.91779,39.80921],[-79.91959,39.81161],[-79.9209,39.81421],[-79.9213,39.81661],[-79.92149,39.82031],[-79.9219,39.82351],[-79.9218,39.83171],[-79.923,39.83511],[-79.9246,39.83831],[-79.9277,39.83971],[-79.93069,39.84031],[-79.9332,39.84051],[-79.93639,39.84171],[-79.93819,39.84351],[-79.93819,39.84611],[-79.93629,39.84791],[-79.9277,39.85261],[-79.92599,39.85401],[-79.9246,39.85671],[-79.925,39.85931],[-79.9266,39.86151],[-79.9295,39.86501],[-79.9305,39.86711],[-79.92899,39.87071],[-79.9255,39.87311],[-79.9194,39.87521],[-79.9166,39.87711],[-79.9154,39.88051],[-79.9171,39.88481],[-79.92039,39.88861],[-79.922,39.89131],[-79.92339,39.89331],[-79.9246,39.89601],[-79.9285,39.90261],[-79.9291,39.90431],[-79.9295,39.90701],[-79.92889,39.90951],[-79.9274,39.91231],[-79.9238,39.91691],[-79.9231,39.92041],[-79.9248,39.92381],[-79.92709,39.92611],[-79.9306,39.92901],[-79.9351,39.93361],[-79.9413,39.94121],[-79.9437,39.94391],[-79.95029,39.94931],[-79.953,39.95111],[-79.9556,39.95251],[-79.9583,39.95361],[-79.9642,39.95501],[-79.96809,39.95551],[-79.9716,39.95541],[-79.97479,39.95501],[-79.97929,39.95391],[-79.987,39.95091],[-79.9907,39.94981],[-79.99409,39.94951],[-79.9968,39.95011],[-79.9996,39.95141],[-80.007,39.95621],[-80.009,39.95851],[-80.0102,39.96181],[-80.0107,39.97031],[-80.0106,39.97291],[-80.0099,39.97561],[-80.0086,39.97781],[-80.0062,39.97981],[-80.003,39.98161],[-79.9996,39.98391],[-79.9959,39.98351],[-79.9919,39.98521],[-79.99129,39.99011],[-79.9927,39.99391],[-79.994,39.99661],[-79.99509,40.00191],[-79.9954,40.00621],[-79.9935,40.00901],[-79.9882,40.01191],[-79.9852,40.01311],[-79.97459,40.01381],[-79.9704,40.01351],[-79.9665,40.01121],[-79.9632,40.00801],[-79.959,40.00001],[-79.9566,39.99691],[-79.9536,39.99491],[-79.951,39.99411],[-79.9486,39.99411],[-79.9459,39.99451],[-79.9434,39.99511],[-79.9389,39.99691],[-79.9369,39.99801],[-79.9351,39.99931],[-79.9332,40.00281],[-79.9318,40.00591],[-79.92979,40.01171],[-79.92509,40.01601],[-79.9143,40.02101],[-79.91,40.02201],[-79.9043,40.02251],[-79.8955,40.02201],[-79.8894,40.02271],[-79.8852,40.02471],[-79.88,40.02831],[-79.87669,40.03271],[-79.8771,40.03681],[-79.8798,40.03881],[-79.88599,40.04201],[-79.88869,40.04371],[-79.89069,40.04561],[-79.89169,40.04841],[-79.8902,40.05141],[-79.8853,40.05471],[-79.8811,40.05781],[-79.87959,40.05981],[-79.8789,40.06241],[-79.8798,40.06501],[-79.8825,40.06731],[-79.88599,40.06881],[-79.88969,40.06971],[-79.8958,40.07051],[-79.8992,40.07171],[-79.9017,40.07461],[-79.9002,40.07781],[-79.8977,40.07931],[-79.89539,40.08011],[-79.8924,40.08031],[-79.8886,40.08021],[-79.8819,40.07921],[-79.87849,40.07831],[-79.8723,40.07571],[-79.87,40.07521],[-79.86659,40.07511],[-79.8634,40.07551],[-79.8532,40.07831],[-79.84949,40.07951],[-79.84669,40.08081],[-79.8436,40.08301],[-79.84049,40.08691],[-79.8391,40.09001],[-79.8397,40.09321],[-79.8425,40.09801],[-79.8435,40.10001],[-79.8462,40.10571],[-79.8491,40.11261],[-79.8504,40.11431],[-79.8532,40.11641],[-79.8568,40.11781],[-79.8601,40.11881],[-79.86359,40.12071],[-79.87109,40.12421],[-79.8771,40.12721],[-79.8742,40.12911],[-79.87029,40.12861],[-79.86829,40.12811],[-79.8622,40.12821],[-79.8586,40.12801],[-79.8475,40.12791],[-79.79919,40.12791],[-79.76099,40.12811],[-79.7455,40.12801],[-79.74139,40.12601],[-79.7379,40.12311],[-79.7345,40.12071],[-79.7308,40.12021],[-79.7277,40.12051],[-79.7251,40.12251],[-79.7224,40.12091],[-79.71989,40.11661],[-79.723,40.11351],[-79.71799,40.11301],[-79.7156,40.11091],[-79.7138,40.11041],[-79.712,40.10931],[-79.707,40.10761],[-79.70319,40.10951],[-79.6978,40.10991],[-79.69109,40.11291],[-79.68829,40.11331],[-79.6857,40.11331],[-79.68439,40.11001],[-79.6822,40.10801],[-79.6797,40.10701],[-79.6768,40.10621],[-79.673,40.10571],[-79.6701,40.10551],[-79.6675,40.10391],[-79.667,40.10041],[-79.66859,40.09761],[-79.666,40.09711],[-79.6638,40.09511],[-79.6615,40.09471],[-79.6601,40.09671],[-79.6576,40.09631],[-79.6562,40.09501],[-79.65469,40.09321],[-79.65459,40.09011],[-79.6521,40.08861],[-79.6485,40.08771],[-79.6446,40.08931],[-79.6422,40.08871],[-79.6413,40.08721],[-79.6441,40.08491],[-79.6409,40.08311],[-79.6382,40.08381],[-79.6338,40.08681],[-79.6306,40.08721],[-79.62759,40.08841],[-79.6245,40.09311],[-79.6216,40.09381],[-79.6197,40.09241],[-79.60899,40.09231],[-79.6035,40.09031],[-79.6031,40.08861],[-79.6031,40.08661],[-79.602,40.08511],[-79.6013,40.08331],[-79.5972,40.08271],[-79.5928,40.08241],[-79.59209,40.08541],[-79.5933,40.09011],[-79.5926,40.09221],[-79.5901,40.09491],[-79.5862,40.09731],[-79.58469,40.10041],[-79.5852,40.10211],[-79.5826,40.10371],[-79.57919,40.10511],[-79.5761,40.10371],[-79.5699,40.10541],[-79.5666,40.10591],[-79.5634,40.10521],[-79.5609,40.10591],[-79.5591,40.11111],[-79.55659,40.11261],[-79.5534,40.11261],[-79.5487,40.10991],[-79.54549,40.10991],[-79.5407,40.11361],[-79.5413,40.11951],[-79.5397,40.12251],[-79.5351,40.12721],[-79.5308,40.12771],[-79.5282,40.12411],[-79.52409,40.12581],[-79.5215,40.12801],[-79.5174,40.13191],[-79.5151,40.13461],[-79.5122,40.13591],[-79.5087,40.13801],[-79.50549,40.14031],[-79.50159,40.14111],[-79.49519,40.14131],[-79.49,40.14111],[-79.4866,40.14291],[-79.4833,40.14341],[-79.48039,40.14301],[-79.47749,40.14151]]]}},{"type":"Feature","properties":{"state":"PA","cwa":"PBZ","countyname":"Westmoreland","fips":"42129"},"geometry":{"type":"Polygon","coordinates":[[[-79.6088,40.62601],[-79.6055,40.62471],[-79.6018,40.62471],[-79.59889,40.62611],[-79.5965,40.62831],[-79.5934,40.63231],[-79.5906,40.63481],[-79.5873,40.63651],[-79.5848,40.63681],[-79.583,40.63391],[-79.5849,40.63011],[-79.5871,40.62751],[-79.5886,40.62511],[-79.5888,40.62161],[-79.5892,40.61861],[-79.5888,40.61571],[-79.58549,40.61311],[-79.584,40.61071],[-79.584,40.60731],[-79.58199,40.60331],[-79.57899,40.60171],[-79.575,40.60251],[-79.5721,40.60511],[-79.5693,40.60721],[-79.56599,40.60791],[-79.5631,40.60711],[-79.5609,40.60591],[-79.5584,40.60511],[-79.5554,40.60511],[-79.5513,40.60391],[-79.5523,40.60161],[-79.5546,40.60061],[-79.5568,40.59921],[-79.5592,40.59741],[-79.56509,40.59431],[-79.56689,40.59181],[-79.5692,40.58691],[-79.5704,40.58391],[-79.5675,40.57781],[-79.5666,40.57491],[-79.5643,40.57141],[-79.56059,40.56341],[-79.55769,40.56121],[-79.55219,40.55841],[-79.5471,40.55551],[-79.5369,40.55071],[-79.5337,40.54861],[-79.5294,40.54541],[-79.52769,40.54331],[-79.5253,40.54201],[-79.5218,40.54131],[-79.51929,40.54151],[-79.5169,40.54211],[-79.51369,40.54261],[-79.51089,40.54171],[-79.5071,40.53721],[-79.5006,40.53311],[-79.4984,40.53121],[-79.4974,40.52911],[-79.4977,40.52641],[-79.4935,40.52501],[-79.48869,40.52611],[-79.4861,40.52791],[-79.48489,40.53061],[-79.4847,40.53451],[-79.4833,40.53621],[-79.48119,40.53701],[-79.47729,40.53571],[-79.4776,40.53211],[-79.47639,40.52991],[-79.4697,40.53261],[-79.4649,40.53391],[-79.4614,40.53421],[-79.45689,40.53431],[-79.4542,40.53371],[-79.45039,40.53081],[-79.4492,40.52751],[-79.4563,40.52331],[-79.45869,40.52071],[-79.45979,40.51741],[-79.4573,40.51091],[-79.4542,40.50571],[-79.4553,40.50061],[-79.4553,40.49691],[-79.45309,40.49221],[-79.4527,40.48861],[-79.4538,40.48531],[-79.45119,40.48211],[-79.44769,40.48101],[-79.4452,40.48181],[-79.4379,40.48701],[-79.43439,40.48831],[-79.4302,40.48871],[-79.4285,40.48341],[-79.4263,40.48001],[-79.42329,40.47301],[-79.4201,40.47011],[-79.41489,40.47101],[-79.41129,40.47341],[-79.4077,40.47441],[-79.4043,40.47251],[-79.4022,40.46761],[-79.4003,40.46491],[-79.39729,40.46161],[-79.395,40.45661],[-79.3917,40.45461],[-79.3865,40.45341],[-79.3818,40.45271],[-79.3741,40.45371],[-79.3704,40.45591],[-79.3681,40.45971],[-79.36639,40.46531],[-79.36639,40.46851],[-79.3668,40.47171],[-79.3669,40.47511],[-79.36549,40.47771],[-79.36259,40.47851],[-79.3596,40.47841],[-79.3574,40.47571],[-79.3577,40.47341],[-79.3585,40.47031],[-79.3605,40.46531],[-79.3623,40.46251],[-79.362,40.45921],[-79.3606,40.45491],[-79.35699,40.45211],[-79.3539,40.45171],[-79.3507,40.45191],[-79.3473,40.45281],[-79.34589,40.45481],[-79.3454,40.46081],[-79.3455,40.46441],[-79.34509,40.46771],[-79.3429,40.46971],[-79.3387,40.46991],[-79.3362,40.46641],[-79.33379,40.46461],[-79.332,40.46251],[-79.3312,40.46041],[-79.3302,40.45461],[-79.3278,40.45251],[-79.3248,40.45331],[-79.3228,40.45581],[-79.3204,40.45781],[-79.31689,40.45901],[-79.3103,40.45981],[-79.3032,40.46121],[-79.30099,40.46101],[-79.29929,40.45941],[-79.298,40.45581],[-79.299,40.45411],[-79.30129,40.45181],[-79.3014,40.44801],[-79.3,40.44471],[-79.3018,40.43861],[-79.3013,40.43571],[-79.29829,40.43461],[-79.29,40.43651],[-79.2878,40.43811],[-79.28539,40.44171],[-79.28329,40.44281],[-79.2807,40.44231],[-79.2779,40.44151],[-79.2747,40.44021],[-79.2725,40.43871],[-79.27049,40.43441],[-79.2695,40.42851],[-79.2699,40.42661],[-79.2718,40.42471],[-79.2737,40.42231],[-79.2735,40.41941],[-79.271,40.41771],[-79.26839,40.41681],[-79.26569,40.41641],[-79.2626,40.41711],[-79.255,40.42141],[-79.25369,40.42301],[-79.2502,40.42931],[-79.2476,40.43171],[-79.2435,40.43111],[-79.2392,40.43021],[-79.2341,40.43071],[-79.2307,40.43021],[-79.22829,40.42941],[-79.2248,40.42741],[-79.222,40.42681],[-79.21529,40.42471],[-79.2128,40.42301],[-79.2104,40.42061],[-79.2072,40.41581],[-79.2008,40.41121],[-79.19669,40.41221],[-79.1942,40.41411],[-79.1915,40.41511],[-79.1841,40.41381],[-79.17509,40.41131],[-79.1634,40.41051],[-79.15839,40.41171],[-79.15469,40.41131],[-79.1525,40.40941],[-79.15189,40.40731],[-79.1535,40.40051],[-79.1495,40.39801],[-79.1461,40.39781],[-79.1377,40.39861],[-79.13499,40.39831],[-79.1235,40.39511],[-79.11649,40.39391],[-79.1158,40.38931],[-79.118,40.38971],[-79.12119,40.38971],[-79.12579,40.38771],[-79.12859,40.38501],[-79.12849,40.38181],[-79.1281,40.37821],[-79.1273,40.37551],[-79.12469,40.37291],[-79.12109,40.37061],[-79.1148,40.37241],[-79.10979,40.37331],[-79.10419,40.36941],[-79.1008,40.36881],[-79.09679,40.37131],[-79.09499,40.37561],[-79.0923,40.37831],[-79.0901,40.38121],[-79.08739,40.38771],[-79.0821,40.38951],[-79.0795,40.38881],[-79.07629,40.38711],[-79.07359,40.38491],[-79.0695,40.38051],[-79.0648,40.37911],[-79.0599,40.38001],[-79.0573,40.38401],[-79.05109,40.38961],[-79.0477,40.39061],[-79.045,40.39111],[-79.0413,40.39241],[-79.03999,40.39581],[-79.036,40.39631],[-79.03329,40.39881],[-79.0318,40.40241],[-79.02859,40.40571],[-79.03159,40.40821],[-79.0338,40.40931],[-79.03419,40.41211],[-79.03249,40.41741],[-79.03,40.41901],[-79.02679,40.41961],[-79.02129,40.41991],[-79.01769,40.42031],[-79.01189,40.41941],[-79.00919,40.41791],[-78.99599,40.41311],[-78.9907,40.41241],[-78.988,40.41151],[-78.9861,40.40991],[-78.9823,40.40581],[-78.98109,40.40351],[-78.97919,40.40071],[-78.97669,40.39791],[-78.97469,40.39601],[-78.98209,40.38341],[-78.9968,40.35941],[-78.9996,40.35561],[-79.0032,40.35271],[-79.0051,40.35181],[-79.007,40.34981],[-79.0079,40.34701],[-79.0102,40.34411],[-79.0097,40.34061],[-79.0164,40.33861],[-79.02039,40.33511],[-79.0228,40.33031],[-79.0235,40.32821],[-79.0256,40.32581],[-79.02879,40.32381],[-79.0309,40.32131],[-79.0311,40.31841],[-79.0345,40.31611],[-79.03729,40.31371],[-79.03619,40.31081],[-79.03709,40.30811],[-79.04089,40.30331],[-79.0453,40.29971],[-79.0463,40.29641],[-79.04929,40.29381],[-79.05099,40.29021],[-79.0544,40.28921],[-79.0559,40.28531],[-79.057,40.27831],[-79.0591,40.27611],[-79.0654,40.27371],[-79.06799,40.27251],[-79.0737,40.26521],[-79.0756,40.26231],[-79.0784,40.25861],[-79.07809,40.25481],[-79.07809,40.25261],[-79.0795,40.25071],[-79.0824,40.24991],[-79.08559,40.24601],[-79.08649,40.24301],[-79.0886,40.24131],[-79.0917,40.23981],[-79.0947,40.23651],[-79.0957,40.23321],[-79.1008,40.23151],[-79.09859,40.22871],[-79.0991,40.22581],[-79.1011,40.22331],[-79.103,40.21961],[-79.1047,40.21701],[-79.10789,40.21731],[-79.10699,40.21451],[-79.10789,40.21301],[-79.1102,40.21161],[-79.1131,40.21101],[-79.114,40.20821],[-79.1144,40.20541],[-79.1166,40.20381],[-79.1197,40.20331],[-79.1222,40.20241],[-79.1256,40.20011],[-79.1253,40.19741],[-79.1244,40.19511],[-79.1241,40.19261],[-79.1259,40.19061],[-79.1272,40.18811],[-79.12669,40.18451],[-79.1302,40.18071],[-79.1353,40.17871],[-79.1405,40.18001],[-79.143,40.17891],[-79.14159,40.17531],[-79.1413,40.17171],[-79.1401,40.16461],[-79.142,40.16301],[-79.1494,40.16061],[-79.1534,40.16081],[-79.1568,40.16051],[-79.161,40.16051],[-79.1607,40.15731],[-79.1625,40.15391],[-79.1626,40.14811],[-79.16309,40.14571],[-79.1629,40.14171],[-79.1656,40.13891],[-79.1663,40.13521],[-79.1674,40.13161],[-79.16769,40.12881],[-79.16969,40.12711],[-79.1722,40.12591],[-79.1731,40.12281],[-79.1755,40.11971],[-79.1786,40.11751],[-79.18079,40.11561],[-79.1822,40.11331],[-79.1832,40.11111],[-79.1861,40.10971],[-79.1906,40.10981],[-79.1946,40.11251],[-79.19659,40.11501],[-79.197,40.11811],[-79.2001,40.11831],[-79.2029,40.11621],[-79.2057,40.11671],[-79.2108,40.11871],[-79.2145,40.11731],[-79.2167,40.11501],[-79.2201,40.11301],[-79.22179,40.10881],[-79.222,40.10631],[-79.2226,40.10421],[-79.2241,40.10241],[-79.2261,40.09961],[-79.2289,40.09781],[-79.2382,40.09571],[-79.2403,40.09371],[-79.24329,40.09261],[-79.2468,40.09351],[-79.2521,40.09071],[-79.2561,40.08781],[-79.2571,40.08591],[-79.2588,40.08021],[-79.26109,40.07921],[-79.2641,40.07871],[-79.2655,40.07731],[-79.2674,40.07451],[-79.2679,40.07161],[-79.26759,40.06861],[-79.2706,40.06461],[-79.2727,40.06221],[-79.2763,40.05861],[-79.2785,40.05581],[-79.2888,40.04581],[-79.29379,40.04041],[-79.30569,40.04241],[-79.3112,40.04361],[-79.3138,40.04401],[-79.31619,40.04361],[-79.3221,40.04131],[-79.3251,40.04051],[-79.3284,40.04051],[-79.3354,40.04191],[-79.339,40.04221],[-79.34209,40.04351],[-79.3428,40.04631],[-79.35,40.06431],[-79.352,40.06871],[-79.35429,40.07241],[-79.3557,40.07411],[-79.35809,40.07501],[-79.3611,40.07641],[-79.36349,40.07801],[-79.3677,40.07991],[-79.3734,40.08141],[-79.379,40.08421],[-79.3909,40.08921],[-79.393,40.09031],[-79.3956,40.09231],[-79.3983,40.09621],[-79.4023,40.10261],[-79.40649,40.10241],[-79.41299,40.10381],[-79.4172,40.10561],[-79.423,40.11061],[-79.4262,40.11211],[-79.4297,40.11341],[-79.4348,40.11471],[-79.4379,40.11591],[-79.4422,40.11961],[-79.44559,40.12361],[-79.44749,40.12631],[-79.4477,40.12951],[-79.4491,40.13071],[-79.45229,40.13221],[-79.4556,40.13421],[-79.4586,40.13551],[-79.466,40.13611],[-79.4683,40.13681],[-79.4704,40.13851],[-79.47749,40.14151],[-79.48039,40.14301],[-79.4833,40.14341],[-79.4866,40.14291],[-79.49,40.14111],[-79.49519,40.14131],[-79.50159,40.14111],[-79.50549,40.14031],[-79.5087,40.13801],[-79.5122,40.13591],[-79.5151,40.13461],[-79.5174,40.13191],[-79.5215,40.12801],[-79.52409,40.12581],[-79.5282,40.12411],[-79.5308,40.12771],[-79.5351,40.12721],[-79.5397,40.12251],[-79.5413,40.11951],[-79.5407,40.11361],[-79.54549,40.10991],[-79.5487,40.10991],[-79.5534,40.11261],[-79.55659,40.11261],[-79.5591,40.11111],[-79.5609,40.10591],[-79.5634,40.10521],[-79.5666,40.10591],[-79.5699,40.10541],[-79.5761,40.10371],[-79.57919,40.10511],[-79.5826,40.10371],[-79.5852,40.10211],[-79.58469,40.10041],[-79.5862,40.09731],[-79.5901,40.09491],[-79.5926,40.09221],[-79.5933,40.09011],[-79.59209,40.08541],[-79.5928,40.08241],[-79.5972,40.08271],[-79.6013,40.08331],[-79.602,40.08511],[-79.6031,40.08661],[-79.6031,40.08861],[-79.6035,40.09031],[-79.60899,40.09231],[-79.6197,40.09241],[-79.6216,40.09381],[-79.6245,40.09311],[-79.62759,40.08841],[-79.6306,40.08721],[-79.6338,40.08681],[-79.6382,40.08381],[-79.6409,40.08311],[-79.6441,40.08491],[-79.6413,40.08721],[-79.6422,40.08871],[-79.6446,40.08931],[-79.6485,40.08771],[-79.6521,40.08861],[-79.65459,40.09011],[-79.65469,40.09321],[-79.6562,40.09501],[-79.6576,40.09631],[-79.6601,40.09671],[-79.6615,40.09471],[-79.6638,40.09511],[-79.666,40.09711],[-79.66859,40.09761],[-79.667,40.10041],[-79.6675,40.10391],[-79.6701,40.10551],[-79.673,40.10571],[-79.6768,40.10621],[-79.6797,40.10701],[-79.6822,40.10801],[-79.68439,40.11001],[-79.6857,40.11331],[-79.68829,40.11331],[-79.69109,40.11291],[-79.6978,40.10991],[-79.70319,40.10951],[-79.707,40.10761],[-79.712,40.10931],[-79.7138,40.11041],[-79.7156,40.11091],[-79.71799,40.11301],[-79.723,40.11351],[-79.71989,40.11661],[-79.7224,40.12091],[-79.7251,40.12251],[-79.7277,40.12051],[-79.7308,40.12021],[-79.7345,40.12071],[-79.7379,40.12311],[-79.74139,40.12601],[-79.7455,40.12801],[-79.76099,40.12811],[-79.79919,40.12791],[-79.8475,40.12791],[-79.8586,40.12801],[-79.8622,40.12821],[-79.86829,40.12811],[-79.87029,40.12861],[-79.8742,40.12911],[-79.8771,40.12721],[-79.8791,40.12731],[-79.8819,40.12811],[-79.88609,40.12981],[-79.8877,40.13111],[-79.88879,40.13281],[-79.8909,40.13761],[-79.89259,40.14021],[-79.9002,40.14671],[-79.9022,40.14891],[-79.9042,40.15221],[-79.9049,40.15571],[-79.9043,40.15841],[-79.9025,40.16081],[-79.90009,40.16261],[-79.89619,40.16431],[-79.8933,40.16501],[-79.8873,40.16501],[-79.88139,40.16411],[-79.8704,40.16211],[-79.86559,40.16181],[-79.86369,40.16191],[-79.86069,40.16271],[-79.85789,40.16431],[-79.8555,40.16631],[-79.8527,40.16981],[-79.8512,40.17261],[-79.85049,40.17541],[-79.8504,40.17781],[-79.8508,40.18051],[-79.8522,40.18581],[-79.85339,40.18921],[-79.8554,40.19191],[-79.8602,40.19471],[-79.86649,40.19771],[-79.85979,40.20121],[-79.8397,40.20831],[-79.8061,40.21931],[-79.7943,40.22341],[-79.78799,40.22561],[-79.7846,40.22741],[-79.78809,40.22841],[-79.7996,40.23081],[-79.80589,40.23341],[-79.807,40.23711],[-79.8064,40.23911],[-79.8055,40.24071],[-79.8035,40.24171],[-79.80009,40.24531],[-79.7981,40.24871],[-79.797,40.25111],[-79.79539,40.25381],[-79.78889,40.26011],[-79.78809,40.26351],[-79.7944,40.27121],[-79.7958,40.27431],[-79.79659,40.27811],[-79.7959,40.28041],[-79.7921,40.28161],[-79.7878,40.28181],[-79.783,40.28161],[-79.77859,40.28251],[-79.7754,40.28561],[-79.77489,40.28771],[-79.7878,40.29831],[-79.7857,40.30891],[-79.78,40.33201],[-79.7781,40.34111],[-79.77399,40.35811],[-79.77309,40.36321],[-79.7706,40.37491],[-79.7692,40.37801],[-79.7673,40.38121],[-79.7636,40.38641],[-79.765,40.38971],[-79.7607,40.39221],[-79.754,40.38851],[-79.75079,40.38881],[-79.74889,40.39131],[-79.7429,40.39691],[-79.73859,40.39581],[-79.7381,40.39851],[-79.7354,40.39901],[-79.73219,40.40011],[-79.73,40.40781],[-79.7277,40.40841],[-79.722,40.40931],[-79.7242,40.41111],[-79.7272,40.41311],[-79.7222,40.41501],[-79.71899,40.41441],[-79.7168,40.41511],[-79.71519,40.41771],[-79.7123,40.41911],[-79.71,40.42081],[-79.70679,40.42371],[-79.7049,40.42681],[-79.7044,40.43131],[-79.7039,40.43841],[-79.7037,40.44931],[-79.7025,40.47621],[-79.70229,40.48691],[-79.7021,40.48961],[-79.70219,40.51871],[-79.7018,40.52501],[-79.70699,40.52821],[-79.7084,40.53091],[-79.7103,40.53221],[-79.71539,40.53371],[-79.7192,40.53791],[-79.7214,40.54091],[-79.7315,40.54551],[-79.7355,40.54891],[-79.7389,40.54941],[-79.74239,40.54851],[-79.7485,40.55091],[-79.7513,40.55131],[-79.7587,40.55021],[-79.7615,40.55051],[-79.7655,40.55021],[-79.77209,40.56361],[-79.7744,40.56981],[-79.7705,40.58571],[-79.76289,40.59341],[-79.7575,40.59601],[-79.75459,40.59711],[-79.7411,40.60071],[-79.73309,40.60321],[-79.7215,40.60791],[-79.71709,40.61341],[-79.7157,40.61671],[-79.7137,40.61951],[-79.7111,40.62171],[-79.709,40.62311],[-79.7048,40.62581],[-79.6997,40.62861],[-79.6937,40.63511],[-79.6914,40.63831],[-79.6893,40.64251],[-79.6889,40.64751],[-79.6895,40.65031],[-79.6909,40.65331],[-79.69279,40.65641],[-79.6944,40.65861],[-79.6954,40.66161],[-79.6952,40.66521],[-79.6927,40.66951],[-79.6886,40.67011],[-79.6852,40.67101],[-79.6821,40.67131],[-79.6792,40.67211],[-79.6747,40.67491],[-79.67149,40.67821],[-79.66759,40.67981],[-79.66479,40.67911],[-79.6616,40.67781],[-79.65839,40.67601],[-79.65359,40.67241],[-79.6478,40.67001],[-79.644,40.66881],[-79.64069,40.66731],[-79.63779,40.66501],[-79.637,40.66201],[-79.6372,40.65931],[-79.63589,40.65451],[-79.6326,40.65161],[-79.62859,40.64871],[-79.62569,40.64731],[-79.6223,40.64581],[-79.6142,40.64401],[-79.6111,40.64201],[-79.60909,40.63811],[-79.6094,40.63351],[-79.6101,40.63051],[-79.60989,40.62831],[-79.6088,40.62601]]]}},{"type":"Feature","properties":{"state":"PA","cwa":"CTP","countyname":"Centre","fips":"42027"},"geometry":{"type":"Polygon","coordinates":[[[-77.8974,41.19841],[-77.8975,41.19191],[-77.89729,41.18231],[-77.89739,41.17761],[-77.8875,41.17691],[-77.87859,41.17681],[-77.87469,41.17701],[-77.7896,41.17721],[-77.7897,41.17431],[-77.7895,41.14641],[-77.78889,41.14241],[-77.78169,41.14501],[-77.778,41.14651],[-77.7757,41.14431],[-77.7735,41.14121],[-77.7709,41.13811],[-77.76839,41.13461],[-77.7568,41.11951],[-77.7504,41.11151],[-77.74599,41.10661],[-77.74319,41.10751],[-77.7384,41.10781],[-77.7351,41.10911],[-77.7324,41.11051],[-77.72929,41.11111],[-77.7263,41.11061],[-77.7243,41.10771],[-77.7216,41.10601],[-77.7186,41.10501],[-77.7149,41.10561],[-77.7128,41.10781],[-77.7114,41.11081],[-77.7054,41.11351],[-77.6961,41.10791],[-77.69309,41.10671],[-77.6893,41.10681],[-77.68629,41.10841],[-77.6842,41.10931],[-77.6802,41.10871],[-77.6764,41.10681],[-77.6717,41.10561],[-77.6674,41.10811],[-77.6636,41.10871],[-77.6605,41.10581],[-77.6595,41.10201],[-77.65749,41.10031],[-77.6542,41.09891],[-77.6494,41.09781],[-77.6449,41.09751],[-77.6405,41.09681],[-77.6364,41.09531],[-77.6335,41.09501],[-77.63,41.09371],[-77.6243,41.09201],[-77.62189,41.09111],[-77.6199,41.08901],[-77.61629,41.08761],[-77.61259,41.08591],[-77.6096,41.08411],[-77.604,41.08141],[-77.6009,41.08061],[-77.5975,41.07901],[-77.59499,41.07751],[-77.59209,41.07501],[-77.5908,41.07171],[-77.5861,41.07061],[-77.5834,41.06971],[-77.58179,41.06741],[-77.57629,41.06851],[-77.5741,41.06851],[-77.57169,41.06721],[-77.5683,41.06531],[-77.5648,41.06141],[-77.5629,41.05701],[-77.5747,41.05011],[-77.5784,41.04831],[-77.5787,41.04551],[-77.5477,41.00901],[-77.5235,40.98001],[-77.5088,40.96271],[-77.49969,40.96421],[-77.44379,40.97431],[-77.4352,40.97561],[-77.4157,40.97761],[-77.3903,40.97991],[-77.369,40.98321],[-77.34029,40.98811],[-77.32079,40.99361],[-77.3163,40.99501],[-77.2933,41.00121],[-77.2757,41.00631],[-77.2137,41.02371],[-77.16689,41.03711],[-77.1533,41.04091],[-77.1438,41.04321],[-77.1503,41.03721],[-77.1954,41.00001],[-77.20399,40.99261],[-77.243,40.94961],[-77.2521,40.93991],[-77.2772,40.91181],[-77.2795,40.90941],[-77.3009,40.89371],[-77.3054,40.89001],[-77.3148,40.88341],[-77.35719,40.85201],[-77.3652,40.84731],[-77.36919,40.84661],[-77.37469,40.84531],[-77.37949,40.84391],[-77.40659,40.83551],[-77.4229,40.83001],[-77.42979,40.82751],[-77.4525,40.81801],[-77.4618,40.81441],[-77.4955,40.80001],[-77.5104,40.79411],[-77.53699,40.78391],[-77.5525,40.77761],[-77.5713,40.76961],[-77.5934,40.76131],[-77.59679,40.76021],[-77.6214,40.75331],[-77.6526,40.74491],[-77.6619,40.73771],[-77.6813,40.72971],[-77.6838,40.72871],[-77.71049,40.71451],[-77.71819,40.72681],[-77.73689,40.72431],[-77.74969,40.72241],[-77.7687,40.71921],[-77.7896,40.72821],[-77.8101,40.73731],[-77.81339,40.73851],[-77.8249,40.74351],[-77.82809,40.74271],[-77.83279,40.74101],[-77.8389,40.73851],[-77.84769,40.73531],[-77.85259,40.73331],[-77.864,40.72901],[-77.8684,40.72701],[-77.88499,40.72051],[-77.8918,40.71741],[-77.9049,40.71081],[-77.9442,40.69161],[-78.1066,40.73671],[-78.1168,40.73901],[-78.12469,40.74161],[-78.1321,40.74341],[-78.2036,40.74041],[-78.25639,40.73791],[-78.3629,40.73331],[-78.3653,40.73541],[-78.36729,40.73811],[-78.3708,40.74401],[-78.3718,40.74621],[-78.3732,40.74831],[-78.3745,40.75071],[-78.3765,40.75351],[-78.3745,40.75611],[-78.36729,40.76181],[-78.3652,40.76411],[-78.36069,40.76571],[-78.35899,40.76751],[-78.35609,40.76811],[-78.3536,40.76821],[-78.3518,40.76971],[-78.3511,40.77431],[-78.3484,40.77741],[-78.3462,40.77961],[-78.3427,40.78231],[-78.3428,40.78441],[-78.3425,40.78761],[-78.3434,40.79021],[-78.341,40.79141],[-78.33939,40.79431],[-78.3391,40.79701],[-78.337,40.79931],[-78.3341,40.80031],[-78.33109,40.80101],[-78.3292,40.80321],[-78.32719,40.80501],[-78.3229,40.80591],[-78.3213,40.80651],[-78.3204,40.80811],[-78.3184,40.80831],[-78.31419,40.80921],[-78.3121,40.81221],[-78.3108,40.81461],[-78.3078,40.81641],[-78.306,40.81951],[-78.30109,40.82291],[-78.2997,40.82561],[-78.30009,40.83021],[-78.3018,40.83381],[-78.2989,40.83531],[-78.29539,40.83751],[-78.29369,40.84021],[-78.2915,40.84241],[-78.291,40.84491],[-78.29099,40.84721],[-78.2879,40.84961],[-78.2859,40.84971],[-78.2835,40.85091],[-78.2791,40.85071],[-78.27509,40.84931],[-78.2737,40.84801],[-78.2715,40.84731],[-78.2692,40.84711],[-78.26749,40.84911],[-78.2654,40.85051],[-78.2635,40.85131],[-78.2626,40.85301],[-78.2603,40.85431],[-78.25629,40.85471],[-78.2524,40.85441],[-78.2491,40.85611],[-78.2472,40.85841],[-78.2484,40.86051],[-78.2483,40.86281],[-78.2492,40.86561],[-78.249,40.86901],[-78.2472,40.87161],[-78.2381,40.87261],[-78.23599,40.87411],[-78.237,40.87561],[-78.2409,40.87691],[-78.2445,40.87651],[-78.2465,40.87581],[-78.2481,40.87781],[-78.24439,40.88041],[-78.2422,40.88131],[-78.2398,40.88141],[-78.2338,40.87961],[-78.2316,40.87941],[-78.22919,40.88131],[-78.2278,40.88561],[-78.2252,40.88801],[-78.2211,40.88891],[-78.2214,40.89151],[-78.2242,40.89561],[-78.22549,40.89721],[-78.227,40.89821],[-78.22829,40.89991],[-78.22739,40.90381],[-78.2248,40.90641],[-78.2239,40.90941],[-78.22169,40.91071],[-78.2198,40.91261],[-78.2168,40.91391],[-78.2146,40.91451],[-78.2102,40.91691],[-78.2063,40.91681],[-78.20399,40.91611],[-78.1996,40.91761],[-78.197,40.91871],[-78.1951,40.91991],[-78.1916,40.91981],[-78.1894,40.91911],[-78.1858,40.92121],[-78.1825,40.92261],[-78.17889,40.92551],[-78.1772,40.93031],[-78.17509,40.93191],[-78.1719,40.93351],[-78.1711,40.93651],[-78.1672,40.93681],[-78.1647,40.93881],[-78.1636,40.94031],[-78.16109,40.94201],[-78.1579,40.94131],[-78.15559,40.94231],[-78.1572,40.94561],[-78.15749,40.94841],[-78.159,40.95041],[-78.15929,40.95401],[-78.1625,40.95471],[-78.1669,40.95261],[-78.1691,40.95351],[-78.1698,40.95581],[-78.1683,40.95961],[-78.1643,40.96151],[-78.15939,40.96121],[-78.1552,40.95971],[-78.1514,40.95751],[-78.1493,40.95691],[-78.1465,40.95541],[-78.14729,40.95181],[-78.14709,40.94941],[-78.1441,40.94891],[-78.14079,40.95011],[-78.13979,40.95351],[-78.1396,40.95631],[-78.13889,40.95831],[-78.1362,40.96261],[-78.1358,40.96671],[-78.1325,40.96631],[-78.1301,40.96301],[-78.1315,40.95981],[-78.1358,40.95641],[-78.1344,40.95421],[-78.1311,40.95171],[-78.1329,40.94741],[-78.1309,40.94591],[-78.12769,40.94611],[-78.12389,40.94681],[-78.12099,40.94661],[-78.1223,40.94371],[-78.12099,40.94231],[-78.1179,40.94261],[-78.1114,40.94511],[-78.1105,40.94671],[-78.1091,40.95011],[-78.1067,40.95021],[-78.1039,40.94961],[-78.0992,40.95141],[-78.0947,40.95061],[-78.0909,40.95361],[-78.08469,40.95491],[-78.0788,40.95651],[-78.0785,40.96041],[-78.0808,40.96351],[-78.0833,40.96581],[-78.0845,40.96821],[-78.0871,40.97021],[-78.0924,40.97031],[-78.09409,40.97121],[-78.0965,40.97301],[-78.0928,40.97351],[-78.08939,40.97571],[-78.0901,40.98051],[-78.0853,40.98051],[-78.0836,40.98161],[-78.0823,40.98381],[-78.0826,40.98691],[-78.0843,40.99041],[-78.08649,40.99351],[-78.0843,40.99451],[-78.0803,40.99321],[-78.07719,40.99321],[-78.0742,40.99351],[-78.071,40.99511],[-78.0677,40.99751],[-78.06429,40.99531],[-78.0619,40.99531],[-78.062,40.99801],[-78.0637,40.99941],[-78.06499,41.00101],[-78.06329,41.00451],[-78.0609,41.00431],[-78.0579,41.00381],[-78.056,41.00511],[-78.0561,41.00781],[-78.0583,41.01061],[-78.06049,41.01231],[-78.06329,41.01321],[-78.0667,41.01281],[-78.0693,41.01361],[-78.06979,41.01591],[-78.0685,41.01951],[-78.0709,41.02031],[-78.0756,41.02251],[-78.074,41.02401],[-78.0713,41.02591],[-78.07449,41.02661],[-78.07729,41.02701],[-78.0803,41.02991],[-78.0793,41.03311],[-78.0761,41.03441],[-78.06979,41.03281],[-78.0663,41.03531],[-78.061,41.03611],[-78.0582,41.03681],[-78.0573,41.03921],[-78.0592,41.04141],[-78.06219,41.04321],[-78.0636,41.04591],[-78.06,41.05161],[-78.06229,41.05321],[-78.0646,41.05251],[-78.06899,41.04981],[-78.0722,41.05121],[-78.07339,41.05471],[-78.0738,41.05751],[-78.07639,41.05961],[-78.08549,41.05721],[-78.088,41.05711],[-78.09039,41.05871],[-78.0895,41.06161],[-78.08839,41.06391],[-78.0862,41.06591],[-78.0854,41.06801],[-78.0879,41.06901],[-78.0898,41.06941],[-78.0957,41.07111],[-78.09679,41.07271],[-78.09389,41.07531],[-78.0925,41.07931],[-78.09409,41.08191],[-78.0966,41.08481],[-78.1028,41.09591],[-78.10439,41.09951],[-78.1059,41.10221],[-78.1077,41.10621],[-78.1106,41.11071],[-78.1115,41.11441],[-78.1091,41.11701],[-78.1054,41.11971],[-78.1018,41.12141],[-78.098,41.12141],[-78.0953,41.11941],[-78.0936,41.11601],[-78.0907,41.11531],[-78.0882,41.11641],[-78.08669,41.11831],[-78.0868,41.12071],[-78.0864,41.12311],[-78.084,41.12551],[-78.0803,41.12581],[-78.0731,41.12171],[-78.0704,41.12191],[-78.0687,41.12531],[-78.06979,41.12971],[-78.0662,41.13211],[-78.06219,41.13111],[-78.05959,41.13081],[-78.05689,41.13111],[-78.0551,41.13381],[-78.0542,41.14121],[-78.0536,41.14401],[-78.0517,41.14541],[-78.045,41.14591],[-78.04259,41.14821],[-78.04089,41.15111],[-78.0386,41.15361],[-78.03519,41.15351],[-78.0292,41.15061],[-78.02689,41.15041],[-78.02399,41.15121],[-78.0208,41.15251],[-78.0179,41.15301],[-78.015,41.15181],[-78.01369,41.14951],[-78.0125,41.14641],[-78.01019,41.14371],[-78.0079,41.14331],[-78.00529,41.14391],[-78.0027,41.14571],[-78.00079,41.14831],[-78.0003,41.15091],[-78.00159,41.15851],[-78.001,41.16101],[-77.9985,41.16311],[-77.9958,41.16321],[-77.99059,41.16201],[-77.9873,41.16331],[-77.9846,41.16961],[-77.9817,41.17131],[-77.97839,41.17181],[-77.9716,41.17441],[-77.97079,41.17841],[-77.97359,41.18921],[-77.973,41.20381],[-77.9712,41.20641],[-77.9647,41.21061],[-77.9622,41.21501],[-77.95959,41.21711],[-77.9556,41.21731],[-77.953,41.21581],[-77.94939,41.21321],[-77.9444,41.21081],[-77.9406,41.20961],[-77.9366,41.21081],[-77.93549,41.21421],[-77.939,41.22091],[-77.9387,41.22331],[-77.937,41.22551],[-77.93449,41.22641],[-77.93169,41.22651],[-77.9269,41.22621],[-77.9241,41.22641],[-77.9209,41.22841],[-77.91879,41.23161],[-77.91689,41.23541],[-77.91209,41.24231],[-77.9069,41.24551],[-77.8988,41.25121],[-77.8978,41.24711],[-77.8977,41.24301],[-77.8974,41.19841]]]}},{"type":"Feature","properties":{"state":"PA","cwa":"CTP","countyname":"Lycoming","fips":"42081"},"geometry":{"type":"Polygon","coordinates":[[[-76.8046,41.56451],[-76.8028,41.55841],[-76.7981,41.54461],[-76.7868,41.51321],[-76.78159,41.49941],[-76.78049,41.49571],[-76.77599,41.48281],[-76.7686,41.46051],[-76.7552,41.41951],[-76.7503,41.40621],[-76.74429,41.40181],[-76.7073,41.37881],[-76.6663,41.35281],[-76.59299,41.30461],[-76.59029,41.30391],[-76.549,41.29601],[-76.5481,41.29321],[-76.5376,41.29131],[-76.5247,41.28921],[-76.52029,41.28821],[-76.49969,41.28551],[-76.45239,41.27651],[-76.44749,41.27571],[-76.47839,41.25051],[-76.4956,41.23711],[-76.5004,41.23321],[-76.52229,41.21371],[-76.5675,41.17781],[-76.5751,41.17161],[-76.5928,41.15781],[-76.64079,41.15571],[-76.67069,41.15451],[-76.67979,41.15461],[-76.6996,41.16131],[-76.73,41.17191],[-76.7327,41.17201],[-76.7695,41.17441],[-76.7772,41.17521],[-76.78999,41.17541],[-76.8099,41.17101],[-76.8293,41.16701],[-76.8587,41.16311],[-76.8718,41.16001],[-76.8802,41.15821],[-76.88519,41.15661],[-76.88889,41.15321],[-76.8902,41.15061],[-76.89169,41.14841],[-76.8938,41.14421],[-76.89529,41.14181],[-76.8967,41.13911],[-76.96,41.14881],[-76.963,41.13811],[-76.9669,41.12511],[-76.9682,41.12191],[-76.9711,41.11181],[-76.97269,41.10711],[-76.9785,41.08771],[-76.9948,41.08701],[-76.99969,41.08661],[-77.0699,41.08351],[-77.0808,41.08031],[-77.1172,41.06891],[-77.13609,41.06891],[-77.1441,41.06811],[-77.15079,41.06881],[-77.1643,41.06871],[-77.2225,41.12491],[-77.23859,41.14001],[-77.24969,41.15091],[-77.2622,41.16241],[-77.27119,41.17181],[-77.27299,41.17591],[-77.2756,41.17911],[-77.27789,41.18071],[-77.2838,41.18271],[-77.2868,41.18271],[-77.28899,41.18331],[-77.292,41.18561],[-77.2934,41.19051],[-77.2915,41.19411],[-77.29189,41.19681],[-77.2942,41.19851],[-77.2969,41.19971],[-77.2996,41.20151],[-77.3034,41.20521],[-77.3073,41.20871],[-77.313,41.21241],[-77.31609,41.21501],[-77.3204,41.21831],[-77.32629,41.21951],[-77.3294,41.21991],[-77.3321,41.21971],[-77.3349,41.22051],[-77.34389,41.22061],[-77.3471,41.22031],[-77.351,41.22041],[-77.349,41.22381],[-77.3499,41.22831],[-77.3536,41.23021],[-77.35789,41.23071],[-77.36089,41.23271],[-77.3633,41.23341],[-77.3657,41.23271],[-77.3696,41.23331],[-77.37479,41.23671],[-77.3782,41.23851],[-77.3835,41.24201],[-77.3893,41.24671],[-77.3978,41.25211],[-77.40089,41.25451],[-77.40469,41.25881],[-77.40649,41.26221],[-77.4119,41.26721],[-77.4162,41.26991],[-77.42229,41.27171],[-77.4253,41.27391],[-77.42709,41.27861],[-77.4284,41.28091],[-77.43089,41.28321],[-77.43439,41.28451],[-77.43999,41.28551],[-77.4437,41.28681],[-77.4459,41.28821],[-77.45,41.29321],[-77.451,41.29511],[-77.4527,41.29981],[-77.45589,41.30421],[-77.46069,41.30631],[-77.4667,41.30951],[-77.4711,41.31321],[-77.4726,41.31671],[-77.4735,41.32131],[-77.4748,41.32551],[-77.47459,41.33241],[-77.47479,41.33591],[-77.47749,41.33951],[-77.48119,41.34171],[-77.4845,41.34451],[-77.4893,41.34781],[-77.49319,41.35011],[-77.5005,41.35391],[-77.50459,41.35461],[-77.5099,41.35511],[-77.5171,41.35611],[-77.5217,41.35731],[-77.5272,41.35891],[-77.53339,41.36221],[-77.5368,41.36431],[-77.5397,41.36731],[-77.5405,41.37081],[-77.5421,41.38171],[-77.54449,41.38611],[-77.54919,41.39391],[-77.5599,41.40751],[-77.5647,41.41271],[-77.5682,41.41381],[-77.57169,41.41651],[-77.5746,41.41991],[-77.57619,41.42271],[-77.5787,41.43061],[-77.58019,41.43471],[-77.5816,41.43761],[-77.58379,41.44011],[-77.5888,41.44121],[-77.5919,41.44111],[-77.59679,41.44231],[-77.5975,41.44671],[-77.5981,41.47861],[-77.59859,41.50011],[-77.599,41.51101],[-77.5991,41.52651],[-77.59959,41.54231],[-77.5481,41.54291],[-77.5317,41.54291],[-77.5001,41.54321],[-77.37469,41.54381],[-77.2985,41.54441],[-77.29079,41.54421],[-77.2774,41.54461],[-77.2537,41.54461],[-77.2306,41.54511],[-77.21439,41.54511],[-77.18439,41.54561],[-77.1625,41.54641],[-77.1162,41.54711],[-77.07899,41.54791],[-77.0375,41.54901],[-76.9639,41.55131],[-76.96049,41.55331],[-76.9628,41.55541],[-76.9609,41.55771],[-76.95869,41.55881],[-76.9563,41.56101],[-76.9545,41.56301],[-76.9526,41.56481],[-76.95029,41.56601],[-76.94849,41.56721],[-76.9452,41.56881],[-76.9427,41.56931],[-76.93999,41.56941],[-76.9361,41.56901],[-76.9325,41.56931],[-76.9287,41.57061],[-76.9259,41.57221],[-76.92519,41.57491],[-76.9237,41.57811],[-76.9218,41.58091],[-76.9153,41.58221],[-76.91019,41.58151],[-76.90839,41.58161],[-76.9063,41.58241],[-76.9021,41.58321],[-76.8986,41.58451],[-76.89619,41.58571],[-76.89349,41.58581],[-76.88989,41.58671],[-76.8876,41.58681],[-76.88049,41.58951],[-76.8771,41.59111],[-76.87669,41.59341],[-76.87469,41.59691],[-76.8575,41.59491],[-76.8138,41.59021],[-76.8046,41.56451]]]}},{"type":"Feature","properties":{"state":"PA","cwa":"BGM","countyname":"Wayne","fips":"42127"},"geometry":{"type":"Polygon","coordinates":[[[-75.3606,41.99971],[-75.35349,41.99711],[-75.3494,41.99591],[-75.3466,41.99531],[-75.3417,41.99311],[-75.339,41.98881],[-75.3377,41.98561],[-75.341,41.97671],[-75.3423,41.97361],[-75.34019,41.97141],[-75.3364,41.97041],[-75.3284,41.96761],[-75.326,41.96471],[-75.3231,41.96241],[-75.32,41.96091],[-75.3176,41.95381],[-75.3116,41.94961],[-75.30679,41.94901],[-75.304,41.94821],[-75.3014,41.94871],[-75.3017,41.95221],[-75.2995,41.95421],[-75.2959,41.95481],[-75.2931,41.95431],[-75.2915,41.95191],[-75.29179,41.94811],[-75.2902,41.94401],[-75.2858,41.94211],[-75.2826,41.94041],[-75.28069,41.93961],[-75.2791,41.93861],[-75.2784,41.93581],[-75.2772,41.93311],[-75.27699,41.92971],[-75.2765,41.92671],[-75.2766,41.92291],[-75.2754,41.91961],[-75.2727,41.91541],[-75.2697,41.91141],[-75.2678,41.90771],[-75.26759,41.90331],[-75.2728,41.89711],[-75.2726,41.89321],[-75.2715,41.88831],[-75.2678,41.88601],[-75.2618,41.88451],[-75.2587,41.88011],[-75.2579,41.87601],[-75.2605,41.87391],[-75.26369,41.87071],[-75.26369,41.86811],[-75.2623,41.86561],[-75.2605,41.86381],[-75.25819,41.86241],[-75.2529,41.86201],[-75.2504,41.86231],[-75.2475,41.86371],[-75.245,41.86561],[-75.2417,41.86701],[-75.23869,41.86571],[-75.2336,41.86091],[-75.23009,41.85931],[-75.2263,41.85781],[-75.2229,41.85811],[-75.2204,41.86021],[-75.2157,41.86671],[-75.2137,41.86781],[-75.2103,41.86901],[-75.2081,41.86951],[-75.2035,41.86961],[-75.1977,41.86871],[-75.1935,41.86681],[-75.19119,41.86491],[-75.1895,41.86191],[-75.1861,41.86011],[-75.1827,41.86181],[-75.18069,41.86511],[-75.1797,41.86861],[-75.1763,41.87221],[-75.17249,41.87221],[-75.16969,41.87081],[-75.1683,41.86791],[-75.1684,41.86421],[-75.1688,41.86101],[-75.1684,41.85821],[-75.1665,41.85481],[-75.1645,41.85191],[-75.1618,41.85001],[-75.159,41.84901],[-75.1562,41.84841],[-75.15269,41.84861],[-75.1497,41.84961],[-75.14429,41.85181],[-75.1411,41.85251],[-75.1347,41.84801],[-75.13129,41.84531],[-75.1279,41.84491],[-75.1208,41.84591],[-75.1179,41.84571],[-75.1156,41.84461],[-75.114,41.84301],[-75.1133,41.84011],[-75.1134,41.83641],[-75.115,41.82961],[-75.1152,41.82731],[-75.11449,41.82511],[-75.1134,41.82311],[-75.1112,41.82191],[-75.10799,41.82111],[-75.1017,41.81901],[-75.09959,41.81801],[-75.0973,41.81581],[-75.0935,41.81341],[-75.0899,41.81181],[-75.0859,41.81171],[-75.0803,41.81461],[-75.0771,41.81521],[-75.0737,41.81491],[-75.072,41.81281],[-75.072,41.80921],[-75.0741,41.80291],[-75.0757,41.79971],[-75.0776,41.79801],[-75.08199,41.79671],[-75.0869,41.79731],[-75.0907,41.79711],[-75.09399,41.79521],[-75.09689,41.79191],[-75.1,41.78961],[-75.1019,41.78721],[-75.1032,41.78311],[-75.104,41.77901],[-75.1045,41.77351],[-75.10349,41.77121],[-75.1009,41.76921],[-75.0964,41.76851],[-75.0928,41.76831],[-75.089,41.76901],[-75.0807,41.77091],[-75.0761,41.77141],[-75.0742,41.77051],[-75.0727,41.76901],[-75.0693,41.76751],[-75.06519,41.76661],[-75.0611,41.76471],[-75.0581,41.76041],[-75.056,41.75621],[-75.0543,41.75401],[-75.0532,41.75071],[-75.0528,41.74451],[-75.0547,41.73581],[-75.0541,41.72961],[-75.0535,41.72711],[-75.0517,41.72061],[-75.0499,41.71611],[-75.0509,41.71221],[-75.0547,41.71171],[-75.0612,41.71291],[-75.0659,41.71261],[-75.0686,41.70871],[-75.0673,41.70551],[-75.0598,41.69971],[-75.05669,41.69571],[-75.0533,41.68971],[-75.0517,41.68391],[-75.0514,41.68011],[-75.0527,41.67841],[-75.0591,41.67281],[-75.0578,41.66931],[-75.0542,41.66801],[-75.0508,41.66381],[-75.0497,41.66181],[-75.0488,41.65751],[-75.0489,41.64851],[-75.04819,41.64471],[-75.049,41.64021],[-75.04839,41.63291],[-75.0443,41.62491],[-75.044,41.62191],[-75.0444,41.61841],[-75.0463,41.61601],[-75.0487,41.61621],[-75.0523,41.61821],[-75.05679,41.61841],[-75.0611,41.61661],[-75.0608,41.61381],[-75.0601,41.61111],[-75.0625,41.60971],[-75.0684,41.61011],[-75.0723,41.60921],[-75.0747,41.60691],[-75.07339,41.60461],[-75.0702,41.60171],[-75.0746,41.59571],[-75.0808,41.58821],[-75.0853,41.58231],[-75.0877,41.57951],[-75.0915,41.57451],[-75.09879,41.56551],[-75.1084,41.55301],[-75.1151,41.54371],[-75.1246,41.53181],[-75.16669,41.47791],[-75.1691,41.47511],[-75.1709,41.47251],[-75.1738,41.46921],[-75.17799,41.46481],[-75.17879,41.46231],[-75.187,41.45861],[-75.18819,41.45641],[-75.187,41.45331],[-75.18839,41.45091],[-75.18919,41.44871],[-75.18639,41.44331],[-75.18909,41.44171],[-75.1917,41.43931],[-75.19479,41.43821],[-75.1983,41.43741],[-75.2001,41.43401],[-75.20309,41.43201],[-75.2071,41.43091],[-75.21049,41.43041],[-75.21259,41.42771],[-75.2151,41.42661],[-75.2176,41.42441],[-75.2206,41.42441],[-75.22359,41.42481],[-75.22649,41.42481],[-75.229,41.42631],[-75.2304,41.42471],[-75.2334,41.42421],[-75.2344,41.42141],[-75.2383,41.42061],[-75.2426,41.42121],[-75.2465,41.42001],[-75.2492,41.41811],[-75.24619,41.41681],[-75.2491,41.41461],[-75.2511,41.41071],[-75.24879,41.40781],[-75.24719,41.40551],[-75.2473,41.40251],[-75.253,41.40071],[-75.2557,41.39771],[-75.2565,41.39391],[-75.2539,41.39241],[-75.2538,41.38921],[-75.2558,41.38621],[-75.2588,41.38411],[-75.2614,41.38271],[-75.2623,41.37511],[-75.26569,41.37241],[-75.2732,41.37211],[-75.2783,41.37251],[-75.2848,41.37121],[-75.29169,41.36881],[-75.2991,41.36791],[-75.3052,41.37351],[-75.3091,41.37471],[-75.3163,41.36831],[-75.3201,41.36781],[-75.3247,41.36691],[-75.32809,41.36881],[-75.33089,41.36971],[-75.3361,41.37581],[-75.33939,41.37561],[-75.3453,41.37121],[-75.34879,41.36991],[-75.35069,41.36791],[-75.35,41.36431],[-75.3475,41.35961],[-75.34599,41.35731],[-75.34299,41.35521],[-75.34209,41.35181],[-75.33939,41.35061],[-75.3379,41.34921],[-75.3382,41.34611],[-75.3446,41.34071],[-75.3437,41.33711],[-75.34019,41.33611],[-75.3378,41.33631],[-75.33379,41.33621],[-75.3304,41.33541],[-75.32809,41.33841],[-75.32619,41.34041],[-75.3228,41.33981],[-75.3211,41.33811],[-75.3185,41.33621],[-75.31619,41.33401],[-75.3134,41.33221],[-75.31149,41.33121],[-75.3109,41.32801],[-75.31219,41.32441],[-75.3125,41.32151],[-75.31599,41.31941],[-75.31609,41.31651],[-75.3138,41.31251],[-75.3147,41.30981],[-75.3196,41.30391],[-75.322,41.30061],[-75.3267,41.29821],[-75.328,41.29701],[-75.3277,41.29431],[-75.326,41.29241],[-75.3252,41.28971],[-75.3256,41.28771],[-75.32839,41.28671],[-75.3302,41.28391],[-75.3316,41.28121],[-75.3335,41.27811],[-75.3324,41.27461],[-75.335,41.26951],[-75.3391,41.26791],[-75.34399,41.26761],[-75.3473,41.26531],[-75.3474,41.26331],[-75.3483,41.26161],[-75.34969,41.25971],[-75.3474,41.25801],[-75.3446,41.25691],[-75.342,41.25441],[-75.34589,41.24821],[-75.3489,41.24581],[-75.3567,41.24021],[-75.3592,41.23921],[-75.36259,41.23921],[-75.3709,41.23801],[-75.4593,41.23421],[-75.49619,41.23281],[-75.5011,41.23271],[-75.50529,41.23351],[-75.50169,41.23651],[-75.4965,41.24261],[-75.4935,41.24351],[-75.4912,41.24241],[-75.4883,41.24251],[-75.4854,41.24311],[-75.4843,41.24581],[-75.4822,41.24681],[-75.4789,41.24691],[-75.4761,41.24521],[-75.4733,41.24441],[-75.4695,41.24481],[-75.4679,41.24771],[-75.46539,41.24771],[-75.4623,41.24691],[-75.4573,41.25281],[-75.4544,41.25411],[-75.4507,41.25321],[-75.4474,41.25441],[-75.4436,41.25721],[-75.4413,41.25861],[-75.4436,41.30391],[-75.4471,41.36421],[-75.4488,41.40351],[-75.45219,41.46771],[-75.45229,41.47601],[-75.45409,41.50221],[-75.4546,41.50601],[-75.4553,41.52111],[-75.4573,41.54681],[-75.45869,41.57321],[-75.4593,41.58771],[-75.4611,41.61761],[-75.4614,41.62001],[-75.46239,41.64161],[-75.4627,41.64911],[-75.46609,41.70451],[-75.4673,41.72701],[-75.4702,41.77311],[-75.4741,41.84571],[-75.47449,41.85201],[-75.4769,41.88001],[-75.478,41.90211],[-75.4787,41.92051],[-75.47919,41.92771],[-75.4806,41.95791],[-75.4824,41.98611],[-75.4835,41.99921],[-75.4771,41.99941],[-75.4427,41.99921],[-75.432,41.99941],[-75.3796,41.99921],[-75.3606,41.99971]]]}},{"type":"Feature","properties":{"state":"PA","cwa":"CLE","countyname":"Erie","fips":"42049"},"geometry":{"type":"MultiPolygon","coordinates":[[[[-79.762,42.25191],[-79.7621,42.22621],[-79.7618,42.18361],[-79.7618,42.15531],[-79.76189,42.15051],[-79.7621,42.14801],[-79.76199,42.14241],[-79.7621,42.12941],[-79.7617,42.11901],[-79.7618,42.01961],[-79.7612,41.99941],[-79.75249,41.99911],[-79.64909,41.99931],[-79.625,41.99911],[-79.60999,41.99881],[-79.61079,41.96881],[-79.6111,41.93571],[-79.6112,41.89921],[-79.6114,41.88591],[-79.612,41.87481],[-79.6121,41.85001],[-79.65569,41.85101],[-79.658,41.85131],[-79.6824,41.85171],[-79.69939,41.85151],[-79.7046,41.85121],[-79.7207,41.85121],[-79.75079,41.85081],[-79.8257,41.85091],[-79.88689,41.85081],[-80.0079,41.85041],[-80.048,41.84991],[-80.05389,41.85021],[-80.0705,41.84941],[-80.0881,41.85001],[-80.1026,41.84961],[-80.1068,41.84971],[-80.12479,41.84951],[-80.1288,41.84961],[-80.2065,41.84941],[-80.36169,41.84951],[-80.4796,41.84981],[-80.49889,41.84961],[-80.51939,41.84911],[-80.51939,41.96811],[-80.51909,41.97761],[-80.51652,41.97815],[-80.51505,41.97863],[-80.51029,41.981],[-80.50591,41.98219],[-80.5021,41.98416],[-80.49979,41.98504],[-80.49877,41.9856],[-80.49791,41.98551],[-80.49687,41.98569],[-80.49583,41.98626],[-80.49487,41.98709],[-80.49423,41.98732],[-80.49156,41.98784],[-80.48963,41.98775],[-80.48807,41.98812],[-80.48411,41.98943],[-80.48261,41.99009],[-80.48009,41.99048],[-80.47544,41.99229],[-80.47372,41.99247],[-80.47185,41.99298],[-80.47004,41.99373],[-80.46658,41.99463],[-80.464,41.99566],[-80.46191,41.99604],[-80.45572,41.99801],[-80.45137,41.9997],[-80.45081,42.00006],[-80.45066,42.0004],[-80.45008,42.00051],[-80.44781,42.00172],[-80.44395,42.00277],[-80.43701,42.00584],[-80.43609,42.00586],[-80.43545,42.00561],[-80.43303,42.00582],[-80.43113,42.00623],[-80.42459,42.00815],[-80.42216,42.00927],[-80.42082,42.0097],[-80.41794,42.01041],[-80.41257,42.01133],[-80.40977,42.01158],[-80.40502,42.01309],[-80.403,42.01336],[-80.40063,42.01414],[-80.39919,42.01482],[-80.39361,42.01647],[-80.38925,42.01798],[-80.3883,42.01846],[-80.38612,42.01912],[-80.38416,42.02015],[-80.38032,42.02145],[-80.37835,42.02252],[-80.37749,42.02282],[-80.37639,42.02353],[-80.37402,42.02438],[-80.37353,42.02438],[-80.37306,42.02401],[-80.37504,42.02237],[-80.37496,42.02202],[-80.37429,42.02119],[-80.37113,42.01882],[-80.37009,42.01774],[-80.36895,42.01731],[-80.36821,42.01733],[-80.36766,42.01759],[-80.3676,42.01779],[-80.37002,42.01818],[-80.37199,42.0201],[-80.37325,42.02111],[-80.37401,42.02209],[-80.37398,42.02243],[-80.37365,42.02277],[-80.37263,42.02317],[-80.37218,42.02314],[-80.37202,42.02296],[-80.37177,42.02305],[-80.37165,42.02332],[-80.37135,42.02326],[-80.37113,42.02289],[-80.37162,42.0225],[-80.37168,42.02209],[-80.37122,42.02239],[-80.3703,42.02223],[-80.3707,42.02298],[-80.3707,42.02351],[-80.36969,42.02438],[-80.36972,42.02461],[-80.36993,42.0247],[-80.37022,42.02456],[-80.37083,42.02394],[-80.37187,42.0239],[-80.37095,42.02486],[-80.36908,42.02527],[-80.36745,42.02635],[-80.36325,42.02797],[-80.36089,42.02825],[-80.3597,42.02861],[-80.35801,42.02871],[-80.35494,42.02958],[-80.35122,42.02979],[-80.34917,42.03024],[-80.34822,42.03068],[-80.34684,42.03098],[-80.34512,42.03178],[-80.34322,42.03214],[-80.33978,42.03315],[-80.33874,42.03324],[-80.33775,42.03363],[-80.33653,42.03439],[-80.33447,42.03519],[-80.33089,42.03587],[-80.32367,42.03841],[-80.31947,42.04063],[-80.31889,42.04068],[-80.31772,42.04125],[-80.31474,42.04214],[-80.31256,42.04306],[-80.3118,42.04354],[-80.30848,42.04459],[-80.30596,42.04585],[-80.304,42.04628],[-80.29977,42.04818],[-80.299,42.04827],[-80.29676,42.04908],[-80.29491,42.05001],[-80.29111,42.05232],[-80.28607,42.05429],[-80.28362,42.05502],[-80.27797,42.05719],[-80.27656,42.05756],[-80.27342,42.05891],[-80.27306,42.05893],[-80.27299,42.05907],[-80.26765,42.06048],[-80.26578,42.06124],[-80.26483,42.06179],[-80.26265,42.06348],[-80.26028,42.06458],[-80.25786,42.06606],[-80.24817,42.07055],[-80.24411,42.07279],[-80.24051,42.07599],[-80.24008,42.07653],[-80.24013,42.07697],[-80.23998,42.07695],[-80.23848,42.07492],[-80.23805,42.07477],[-80.23779,42.07486],[-80.23825,42.075],[-80.23862,42.07543],[-80.23929,42.07634],[-80.23947,42.07687],[-80.2392,42.07669],[-80.23878,42.07682],[-80.23656,42.07774],[-80.23619,42.07811],[-80.23511,42.07752],[-80.23389,42.07747],[-80.23379,42.07726],[-80.23048,42.07796],[-80.22729,42.07946],[-80.22359,42.08006],[-80.21729,42.08206],[-80.20918,42.08606],[-80.20458,42.08876],[-80.19839,42.08986],[-80.19358,42.09236],[-80.18808,42.09426],[-80.18308,42.09656],[-80.17448,42.10176],[-80.16588,42.10586],[-80.16508,42.10676],[-80.16088,42.10956],[-80.16068,42.11006],[-80.16018,42.10976],[-80.15848,42.11056],[-80.15688,42.11246],[-80.15648,42.11246],[-80.15408,42.11476],[-80.15202,42.12045],[-80.14947,42.12439],[-80.14113,42.14147],[-80.14055,42.14165],[-80.13965,42.14161],[-80.13621,42.14994],[-80.13347,42.15236],[-80.13043,42.15633],[-80.12851,42.15725],[-80.12727,42.15844],[-80.11737,42.16634],[-80.1144,42.16655],[-80.10833,42.16884],[-80.10511,42.16875],[-80.09608,42.17206],[-80.08851,42.17318],[-80.07739,42.17126],[-80.07357,42.16923],[-80.07338,42.16866],[-80.07966,42.16458],[-80.08003,42.16363],[-80.07898,42.16186],[-80.07538,42.15886],[-80.07198,42.15536],[-80.08036,42.152],[-80.08042,42.15248],[-80.08128,42.15359],[-80.08164,42.15433],[-80.0815,42.15488],[-80.08193,42.15519],[-80.08204,42.1549],[-80.08234,42.15504],[-80.0826,42.1559],[-80.08324,42.15712],[-80.08278,42.15746],[-80.08306,42.15771],[-80.08422,42.15744],[-80.08486,42.15808],[-80.08502,42.15854],[-80.08428,42.15889],[-80.0843,42.15914],[-80.08554,42.15941],[-80.08554,42.15928],[-80.08523,42.15919],[-80.08551,42.15909],[-80.08649,42.15963],[-80.08652,42.15984],[-80.08802,42.16141],[-80.08975,42.16143],[-80.09098,42.16106],[-80.09283,42.1598],[-80.09318,42.1567],[-80.09344,42.15629],[-80.09387,42.15655],[-80.09411,42.157],[-80.09416,42.15749],[-80.09396,42.15805],[-80.09457,42.15859],[-80.09472,42.15892],[-80.09463,42.1597],[-80.09426,42.16005],[-80.09386,42.16142],[-80.09409,42.16167],[-80.09436,42.16146],[-80.0948,42.16141],[-80.0948,42.16086],[-80.09608,42.16086],[-80.09794,42.1606],[-80.09809,42.16063],[-80.09793,42.16138],[-80.09811,42.16157],[-80.09851,42.1615],[-80.09889,42.16167],[-80.09866,42.16005],[-80.09886,42.16001],[-80.09925,42.16004],[-80.09925,42.16019],[-80.09957,42.16031],[-80.09979,42.16076],[-80.09971,42.1612],[-80.10051,42.16164],[-80.10327,42.16163],[-80.10394,42.16146],[-80.10394,42.16136],[-80.10118,42.16072],[-80.0998,42.15994],[-80.09941,42.1596],[-80.09959,42.1592],[-80.09999,42.15915],[-80.10055,42.15987],[-80.10114,42.16011],[-80.1016,42.15998],[-80.1024,42.16021],[-80.10264,42.16007],[-80.10344,42.16043],[-80.10516,42.16071],[-80.10571,42.16056],[-80.10876,42.16057],[-80.109,42.16086],[-80.10937,42.16085],[-80.10921,42.16058],[-80.10983,42.16047],[-80.10978,42.16026],[-80.10484,42.16003],[-80.10132,42.15964],[-80.10049,42.15921],[-80.10039,42.15888],[-80.10235,42.15785],[-80.10225,42.15798],[-80.10244,42.15831],[-80.10213,42.15856],[-80.10192,42.15839],[-80.10173,42.15869],[-80.10179,42.15902],[-80.10226,42.15915],[-80.10263,42.15897],[-80.10283,42.15814],[-80.10324,42.15775],[-80.10313,42.15855],[-80.10328,42.15883],[-80.10473,42.15933],[-80.10556,42.15953],[-80.10617,42.15936],[-80.10582,42.15883],[-80.10626,42.15873],[-80.10715,42.15893],[-80.10471,42.15601],[-80.10411,42.15601],[-80.10383,42.15572],[-80.10363,42.15541],[-80.10434,42.15479],[-80.10604,42.15636],[-80.10637,42.15639],[-80.10681,42.15722],[-80.1076,42.15757],[-80.10793,42.15808],[-80.10847,42.15836],[-80.10861,42.15808],[-80.10818,42.15735],[-80.10831,42.15691],[-80.10855,42.15703],[-80.10887,42.15824],[-80.11123,42.15851],[-80.11132,42.15873],[-80.11106,42.15891],[-80.11145,42.15899],[-80.11132,42.15923],[-80.11148,42.15944],[-80.11386,42.15986],[-80.11433,42.15975],[-80.11488,42.15993],[-80.11621,42.15978],[-80.1163,42.15965],[-80.1137,42.1591],[-80.11283,42.15918],[-80.112,42.15883],[-80.11195,42.15866],[-80.11661,42.15915],[-80.11649,42.15895],[-80.11464,42.15858],[-80.1116,42.15819],[-80.1104,42.15761],[-80.10993,42.15705],[-80.11392,42.15812],[-80.11429,42.15812],[-80.11427,42.1579],[-80.11473,42.15794],[-80.11493,42.15816],[-80.11763,42.15887],[-80.11772,42.15857],[-80.11798,42.15858],[-80.11899,42.15913],[-80.12007,42.15879],[-80.11963,42.15867],[-80.11969,42.15841],[-80.12193,42.15735],[-80.12469,42.15786],[-80.12512,42.15775],[-80.12532,42.15751],[-80.12488,42.15731],[-80.12134,42.15669],[-80.12161,42.15716],[-80.11912,42.15838],[-80.11729,42.1579],[-80.11513,42.15659],[-80.11188,42.15656],[-80.11138,42.15596],[-80.10985,42.15519],[-80.10751,42.15445],[-80.10727,42.15467],[-80.10748,42.1547],[-80.10754,42.15488],[-80.10735,42.15504],[-80.1071,42.1548],[-80.10688,42.15508],[-80.10674,42.15496],[-80.10658,42.15506],[-80.10489,42.15428],[-80.10484,42.15405],[-80.10182,42.15297],[-80.1012,42.15291],[-80.10353,42.15448],[-80.1036,42.1546],[-80.10319,42.15455],[-80.10319,42.15487],[-80.1026,42.1546],[-80.10072,42.15297],[-80.10036,42.15285],[-80.10047,42.15328],[-80.1022,42.15555],[-80.10228,42.15687],[-80.10197,42.15742],[-80.10166,42.15763],[-80.10152,42.15757],[-80.1018,42.1567],[-80.10179,42.15608],[-80.10127,42.15563],[-80.10139,42.15537],[-80.1007,42.1547],[-80.10002,42.15366],[-80.10026,42.15367],[-80.09968,42.15279],[-80.09948,42.15303],[-80.09949,42.15346],[-80.09936,42.15348],[-80.09918,42.15329],[-80.0987,42.15345],[-80.0979,42.15346],[-80.09747,42.15295],[-80.09608,42.15366],[-80.09458,42.15386],[-80.09521,42.15503],[-80.09557,42.15521],[-80.09559,42.15577],[-80.09608,42.15636],[-80.09736,42.15506],[-80.09733,42.15486],[-80.09778,42.15486],[-80.09893,42.15639],[-80.09957,42.15865],[-80.09914,42.15905],[-80.09695,42.15995],[-80.09608,42.16056],[-80.09553,42.16053],[-80.09494,42.1602],[-80.09527,42.15838],[-80.09519,42.15783],[-80.09342,42.15568],[-80.09263,42.15569],[-80.0921,42.15496],[-80.09158,42.15468],[-80.0894,42.15528],[-80.0892,42.15511],[-80.09033,42.1545],[-80.08996,42.15445],[-80.08907,42.15481],[-80.08888,42.15474],[-80.08888,42.15446],[-80.0924,42.15399],[-80.09399,42.15363],[-80.09608,42.15306],[-80.0968,42.15263],[-80.09783,42.15231],[-80.10258,42.15216],[-80.10618,42.1515],[-80.11038,42.15196],[-80.11079,42.15178],[-80.11317,42.15196],[-80.11835,42.15138],[-80.1272,42.14981],[-80.12856,42.14904],[-80.12866,42.14856],[-80.12947,42.14803],[-80.13031,42.14701],[-80.13089,42.14708],[-80.13084,42.14679],[-80.13014,42.14656],[-80.13049,42.14641],[-80.13171,42.1445],[-80.13229,42.14381],[-80.13278,42.14351],[-80.13306,42.14281],[-80.13644,42.14025],[-80.13675,42.14026],[-80.13772,42.13974],[-80.1403,42.1396],[-80.14125,42.13892],[-80.14111,42.13882],[-80.14015,42.13913],[-80.13995,42.13798],[-80.1409,42.13707],[-80.14087,42.13677],[-80.14203,42.13492],[-80.14198,42.13346],[-80.14243,42.13276],[-80.14116,42.13131],[-80.14014,42.13098],[-80.13907,42.12992],[-80.13857,42.13008],[-80.13797,42.12941],[-80.13826,42.12901],[-80.13873,42.12877],[-80.13878,42.12852],[-80.13907,42.12847],[-80.13908,42.12817],[-80.14001,42.12742],[-80.14032,42.12798],[-80.14264,42.12617],[-80.14569,42.12573],[-80.1458,42.12531],[-80.14656,42.12509],[-80.14809,42.12332],[-80.1492,42.12133],[-80.14978,42.11881],[-80.15053,42.11852],[-80.15074,42.11787],[-80.15105,42.11772],[-80.15175,42.11662],[-80.1523,42.11438],[-80.15234,42.11364],[-80.15308,42.11336],[-80.15379,42.11266],[-80.15359,42.11236],[-80.15278,42.11246],[-80.15258,42.11296],[-80.15128,42.11266],[-80.14578,42.11416],[-80.14568,42.11476],[-80.14418,42.11516],[-80.14359,42.11506],[-80.14069,42.11596],[-80.13978,42.11656],[-80.13848,42.11666],[-80.13728,42.11706],[-80.13718,42.11756],[-80.13648,42.11746],[-80.13168,42.11926],[-80.13178,42.12016],[-80.13238,42.12116],[-80.13198,42.12186],[-80.13118,42.12196],[-80.12988,42.12056],[-80.12908,42.12046],[-80.12708,42.12136],[-80.12569,42.12156],[-80.12248,42.12266],[-80.11988,42.12316],[-80.11718,42.12436],[-80.11618,42.12496],[-80.11358,42.12556],[-80.11318,42.12626],[-80.11268,42.12636],[-80.11218,42.12776],[-80.11328,42.12976],[-80.11258,42.12995],[-80.11108,42.12766],[-80.11058,42.12776],[-80.10995,42.12727],[-80.11048,42.13016],[-80.10948,42.13036],[-80.10908,42.12766],[-80.10758,42.12836],[-80.10888,42.13086],[-80.10698,42.13146],[-80.10558,42.12906],[-80.10508,42.12906],[-80.10388,42.12966],[-80.10338,42.12946],[-80.10208,42.13006],[-80.10208,42.13036],[-80.10028,42.13036],[-80.10058,42.13086],[-80.09988,42.13096],[-80.09938,42.13056],[-80.09778,42.13186],[-80.09848,42.13296],[-80.09758,42.13356],[-80.09598,42.13366],[-80.09548,42.13406],[-80.09508,42.13416],[-80.09598,42.13526],[-80.09558,42.13596],[-80.09558,42.13646],[-80.09518,42.13676],[-80.09528,42.13706],[-80.09408,42.13756],[-80.09338,42.13686],[-80.09158,42.13766],[-80.09208,42.13886],[-80.09178,42.13906],[-80.09138,42.13916],[-80.09058,42.13816],[-80.08848,42.13886],[-80.08728,42.14006],[-80.08568,42.13766],[-80.08518,42.13786],[-80.08678,42.14016],[-80.08588,42.14046],[-80.08368,42.13786],[-80.08328,42.13796],[-80.08538,42.14146],[-80.08478,42.14156],[-80.08228,42.13806],[-80.08158,42.13826],[-80.08428,42.14216],[-80.08308,42.14276],[-80.08168,42.14306],[-80.08038,42.14296],[-80.07788,42.13916],[-80.07748,42.13936],[-80.07938,42.14316],[-80.08458,42.14586],[-80.07878,42.15146],[-80.07628,42.14786],[-80.07198,42.14606],[-80.06818,42.14536],[-80.06328,42.14486],[-80.06108,42.14486],[-80.05738,42.14646],[-80.05588,42.14686],[-80.05268,42.14906],[-80.05048,42.14966],[-80.04778,42.15066],[-80.04528,42.15206],[-80.04408,42.15326],[-80.04168,42.15366],[-80.04018,42.15446],[-80.03728,42.15526],[-80.03228,42.15806],[-80.03088,42.15916],[-80.03048,42.16006],[-80.02827,42.15996],[-80.02438,42.16176],[-80.01588,42.16636],[-80.01498,42.16666],[-80.01368,42.16616],[-80.01257,42.16646],[-80.00708,42.16986],[-80.00631,42.16991],[-80.00461,42.1709],[-80.00413,42.17103],[-80.00397,42.17086],[-80.00284,42.17121],[-80.00139,42.17219],[-80.00077,42.1721],[-79.99981,42.17265],[-79.9982,42.17293],[-79.99633,42.17392],[-79.99463,42.17451],[-79.99375,42.17454],[-79.99332,42.17508],[-79.98926,42.17701],[-79.98868,42.1777],[-79.98624,42.17904],[-79.98595,42.17934],[-79.9858,42.17989],[-79.98593,42.18097],[-79.98571,42.18094],[-79.98475,42.17917],[-79.98456,42.17917],[-79.98519,42.18086],[-79.98351,42.18106],[-79.98269,42.18186],[-79.98128,42.18244],[-79.98048,42.18316],[-79.97997,42.18322],[-79.97803,42.18406],[-79.97629,42.18417],[-79.97515,42.18496],[-79.97376,42.18528],[-79.97327,42.1857],[-79.96988,42.18756],[-79.96674,42.18869],[-79.96314,42.19066],[-79.96213,42.19163],[-79.96114,42.1916],[-79.95479,42.19407],[-79.94839,42.19838],[-79.94811,42.19895],[-79.94324,42.20157],[-79.93915,42.20266],[-79.93457,42.20479],[-79.93132,42.20674],[-79.92858,42.20728],[-79.92635,42.20713],[-79.92392,42.20755],[-79.91878,42.21086],[-79.91707,42.21072],[-79.9151,42.21214],[-79.91368,42.21231],[-79.91057,42.21349],[-79.90727,42.21566],[-79.90338,42.21573],[-79.90105,42.2167],[-79.89723,42.21912],[-79.89528,42.21968],[-79.89395,42.22039],[-79.884,42.22627],[-79.88348,42.22684],[-79.87321,42.23209],[-79.87257,42.23207],[-79.87066,42.23102],[-79.86995,42.23082],[-79.86798,42.231],[-79.86546,42.23191],[-79.8629,42.23251],[-79.85998,42.2324],[-79.85865,42.23251],[-79.85382,42.23373],[-79.8521,42.23432],[-79.84936,42.23478],[-79.84759,42.23486],[-79.84466,42.23549],[-79.83922,42.23795],[-79.83591,42.23991],[-79.83308,42.24222],[-79.83264,42.24278],[-79.83234,42.2429],[-79.82911,42.24334],[-79.82668,42.24334],[-79.82557,42.2435],[-79.8232,42.24435],[-79.82135,42.24464],[-79.81855,42.24547],[-79.81482,42.24782],[-79.81371,42.24869],[-79.81347,42.24871],[-79.81338,42.24913],[-79.813,42.24938],[-79.80901,42.25088],[-79.8054,42.25276],[-79.80285,42.25443],[-79.80183,42.25548],[-79.80143,42.25571],[-79.80072,42.25596],[-79.79959,42.25585],[-79.79845,42.25594],[-79.79725,42.25617],[-79.79644,42.25651],[-79.79524,42.25735],[-79.79176,42.25912],[-79.78831,42.26124],[-79.78656,42.26209],[-79.78545,42.26278],[-79.78486,42.26335],[-79.78391,42.26342],[-79.78311,42.26419],[-79.78246,42.26447],[-79.778,42.26566],[-79.77729,42.26552],[-79.77492,42.26458],[-79.77387,42.26458],[-79.77298,42.26483],[-79.77048,42.26595],[-79.7694,42.26618],[-79.76842,42.26673],[-79.76589,42.26764],[-79.7653,42.26833],[-79.76352,42.26947],[-79.76222,42.26982],[-79.762,42.25191]]],[[[-80.10504,42.15838],[-80.10502,42.15818],[-80.10455,42.15824],[-80.10443,42.15854],[-80.10419,42.15862],[-80.10398,42.15846],[-80.10397,42.15825],[-80.10458,42.15728],[-80.10461,42.1564],[-80.10495,42.15675],[-80.10548,42.15896],[-80.10533,42.15901],[-80.10504,42.15838]]],[[[-80.10298,42.15566],[-80.10345,42.15584],[-80.10337,42.15635],[-80.1028,42.15615],[-80.10272,42.156],[-80.10298,42.15566]]]]}},{"type":"Feature","properties":{"state":"PA","cwa":"CTP","countyname":"Clinton","fips":"42035"},"geometry":{"type":"Polygon","coordinates":[[[-77.5981,41.47861],[-77.5975,41.44671],[-77.59679,41.44231],[-77.5919,41.44111],[-77.5888,41.44121],[-77.58379,41.44011],[-77.5816,41.43761],[-77.58019,41.43471],[-77.5787,41.43061],[-77.57619,41.42271],[-77.5746,41.41991],[-77.57169,41.41651],[-77.5682,41.41381],[-77.5647,41.41271],[-77.5599,41.40751],[-77.54919,41.39391],[-77.54449,41.38611],[-77.5421,41.38171],[-77.5405,41.37081],[-77.5397,41.36731],[-77.5368,41.36431],[-77.53339,41.36221],[-77.5272,41.35891],[-77.5217,41.35731],[-77.5171,41.35611],[-77.5099,41.35511],[-77.50459,41.35461],[-77.5005,41.35391],[-77.49319,41.35011],[-77.4893,41.34781],[-77.4845,41.34451],[-77.48119,41.34171],[-77.47749,41.33951],[-77.47479,41.33591],[-77.47459,41.33241],[-77.4748,41.32551],[-77.4735,41.32131],[-77.4726,41.31671],[-77.4711,41.31321],[-77.4667,41.30951],[-77.46069,41.30631],[-77.45589,41.30421],[-77.4527,41.29981],[-77.451,41.29511],[-77.45,41.29321],[-77.4459,41.28821],[-77.4437,41.28681],[-77.43999,41.28551],[-77.43439,41.28451],[-77.43089,41.28321],[-77.4284,41.28091],[-77.42709,41.27861],[-77.4253,41.27391],[-77.42229,41.27171],[-77.4162,41.26991],[-77.4119,41.26721],[-77.40649,41.26221],[-77.40469,41.25881],[-77.40089,41.25451],[-77.3978,41.25211],[-77.3893,41.24671],[-77.3835,41.24201],[-77.3782,41.23851],[-77.37479,41.23671],[-77.3696,41.23331],[-77.3657,41.23271],[-77.3633,41.23341],[-77.36089,41.23271],[-77.35789,41.23071],[-77.3536,41.23021],[-77.3499,41.22831],[-77.349,41.22381],[-77.351,41.22041],[-77.3471,41.22031],[-77.34389,41.22061],[-77.3349,41.22051],[-77.3321,41.21971],[-77.3294,41.21991],[-77.32629,41.21951],[-77.3204,41.21831],[-77.31609,41.21501],[-77.313,41.21241],[-77.3073,41.20871],[-77.3034,41.20521],[-77.2996,41.20151],[-77.2969,41.19971],[-77.2942,41.19851],[-77.29189,41.19681],[-77.2915,41.19411],[-77.2934,41.19051],[-77.292,41.18561],[-77.28899,41.18331],[-77.2868,41.18271],[-77.2838,41.18271],[-77.27789,41.18071],[-77.2756,41.17911],[-77.27299,41.17591],[-77.27119,41.17181],[-77.2622,41.16241],[-77.24969,41.15091],[-77.23859,41.14001],[-77.2225,41.12491],[-77.1643,41.06871],[-77.15079,41.06881],[-77.1441,41.06811],[-77.1437,41.04651],[-77.1438,41.04321],[-77.1533,41.04091],[-77.16689,41.03711],[-77.2137,41.02371],[-77.2757,41.00631],[-77.2933,41.00121],[-77.3163,40.99501],[-77.32079,40.99361],[-77.34029,40.98811],[-77.369,40.98321],[-77.3903,40.97991],[-77.4157,40.97761],[-77.4352,40.97561],[-77.44379,40.97431],[-77.49969,40.96421],[-77.5088,40.96271],[-77.5235,40.98001],[-77.5477,41.00901],[-77.5787,41.04551],[-77.5784,41.04831],[-77.5747,41.05011],[-77.5629,41.05701],[-77.5648,41.06141],[-77.5683,41.06531],[-77.57169,41.06721],[-77.5741,41.06851],[-77.57629,41.06851],[-77.58179,41.06741],[-77.5834,41.06971],[-77.5861,41.07061],[-77.5908,41.07171],[-77.59209,41.07501],[-77.59499,41.07751],[-77.5975,41.07901],[-77.6009,41.08061],[-77.604,41.08141],[-77.6096,41.08411],[-77.61259,41.08591],[-77.61629,41.08761],[-77.6199,41.08901],[-77.62189,41.09111],[-77.6243,41.09201],[-77.63,41.09371],[-77.6335,41.09501],[-77.6364,41.09531],[-77.6405,41.09681],[-77.6449,41.09751],[-77.6494,41.09781],[-77.6542,41.09891],[-77.65749,41.10031],[-77.6595,41.10201],[-77.6605,41.10581],[-77.6636,41.10871],[-77.6674,41.10811],[-77.6717,41.10561],[-77.6764,41.10681],[-77.6802,41.10871],[-77.6842,41.10931],[-77.68629,41.10841],[-77.6893,41.10681],[-77.69309,41.10671],[-77.6961,41.10791],[-77.7054,41.11351],[-77.7114,41.11081],[-77.7128,41.10781],[-77.7149,41.10561],[-77.7186,41.10501],[-77.7216,41.10601],[-77.7243,41.10771],[-77.7263,41.11061],[-77.72929,41.11111],[-77.7324,41.11051],[-77.7351,41.10911],[-77.7384,41.10781],[-77.74319,41.10751],[-77.74599,41.10661],[-77.7504,41.11151],[-77.7568,41.11951],[-77.76839,41.13461],[-77.7709,41.13811],[-77.7735,41.14121],[-77.7757,41.14431],[-77.778,41.14651],[-77.78169,41.14501],[-77.78889,41.14241],[-77.7895,41.14641],[-77.7897,41.17431],[-77.7896,41.17721],[-77.87469,41.17701],[-77.87859,41.17681],[-77.8875,41.17691],[-77.89739,41.17761],[-77.89729,41.18231],[-77.8975,41.19191],[-77.8974,41.19841],[-77.8977,41.24301],[-77.8978,41.24711],[-77.8988,41.25121],[-77.9069,41.24551],[-77.91209,41.24231],[-77.91689,41.23541],[-77.91879,41.23161],[-77.9209,41.22841],[-77.9241,41.22641],[-77.9269,41.22621],[-77.93169,41.22651],[-77.93449,41.22641],[-77.937,41.22551],[-77.9387,41.22331],[-77.939,41.22091],[-77.93549,41.21421],[-77.9366,41.21081],[-77.9406,41.20961],[-77.9444,41.21081],[-77.94939,41.21321],[-77.953,41.21581],[-77.9556,41.21731],[-77.95959,41.21711],[-77.9622,41.21501],[-77.9647,41.21061],[-77.9712,41.20641],[-77.973,41.20381],[-77.97359,41.18921],[-77.97079,41.17841],[-77.9716,41.17441],[-77.97839,41.17181],[-77.9817,41.17131],[-77.9846,41.16961],[-77.9873,41.16331],[-77.99059,41.16201],[-77.9958,41.16321],[-77.9985,41.16311],[-78.001,41.16101],[-78.00159,41.15851],[-78.0003,41.15091],[-78.00079,41.14831],[-78.0027,41.14571],[-78.00529,41.14391],[-78.0079,41.14331],[-78.01019,41.14371],[-78.0125,41.14641],[-78.01369,41.14951],[-78.015,41.15181],[-78.0179,41.15301],[-78.0208,41.15251],[-78.02399,41.15121],[-78.02689,41.15041],[-78.0292,41.15061],[-78.03519,41.15351],[-78.0386,41.15361],[-78.04089,41.15611],[-78.0609,41.17451],[-78.06779,41.18331],[-78.0935,41.21691],[-78.0759,41.24181],[-78.06889,41.25221],[-78.06239,41.26101],[-78.05219,41.27571],[-78.0489,41.28081],[-78.0432,41.28841],[-78.0133,41.33101],[-78.0079,41.33941],[-78.00549,41.34261],[-77.9888,41.36741],[-77.98849,41.37611],[-77.98849,41.38861],[-77.98879,41.44131],[-77.9892,41.47481],[-77.9518,41.47561],[-77.9217,41.47591],[-77.9107,41.47581],[-77.8613,41.47621],[-77.8424,41.47671],[-77.8325,41.47681],[-77.8285,41.47701],[-77.81599,41.47701],[-77.8089,41.47721],[-77.78059,41.47731],[-77.7723,41.47751],[-77.7614,41.47741],[-77.75069,41.47761],[-77.7418,41.47751],[-77.6709,41.47801],[-77.6663,41.47821],[-77.6548,41.47811],[-77.5981,41.47861]]]}},{"type":"Feature","properties":{"state":"PA","cwa":"PHI","countyname":"Berks","fips":"42011"},"geometry":{"type":"Polygon","coordinates":[[[-75.7361,40.57801],[-75.6999,40.55471],[-75.675,40.53891],[-75.66859,40.53511],[-75.66139,40.53031],[-75.6392,40.51631],[-75.6207,40.50431],[-75.61469,40.50011],[-75.60059,40.49161],[-75.5972,40.48931],[-75.5799,40.47871],[-75.53049,40.44771],[-75.534,40.44191],[-75.5376,40.43701],[-75.5714,40.39551],[-75.5878,40.37511],[-75.6047,40.35501],[-75.6264,40.32791],[-75.6653,40.28041],[-75.671,40.27291],[-75.6748,40.26861],[-75.67789,40.26451],[-75.69659,40.24171],[-75.7009,40.23961],[-75.7314,40.22351],[-75.7345,40.22171],[-75.738,40.22001],[-75.7621,40.20741],[-75.79259,40.18771],[-75.8419,40.15641],[-75.86819,40.14051],[-75.8709,40.13871],[-75.8746,40.13721],[-75.882,40.14271],[-75.8946,40.15081],[-75.896,40.15191],[-75.89799,40.15301],[-75.9154,40.16451],[-75.9276,40.17221],[-75.94839,40.18601],[-75.97849,40.20531],[-75.98119,40.20721],[-75.9835,40.20851],[-75.9947,40.21591],[-76.0419,40.24581],[-76.0795,40.27001],[-76.0885,40.27561],[-76.1141,40.29201],[-76.11729,40.29391],[-76.13979,40.30841],[-76.1497,40.31451],[-76.1517,40.31591],[-76.16209,40.32441],[-76.17319,40.33381],[-76.2055,40.36061],[-76.2319,40.36631],[-76.2588,40.38291],[-76.2933,40.40451],[-76.30219,40.41041],[-76.3191,40.42061],[-76.32819,40.42671],[-76.3345,40.43041],[-76.40479,40.47421],[-76.4218,40.48451],[-76.4387,40.49591],[-76.4235,40.49551],[-76.42039,40.49571],[-76.4163,40.49631],[-76.41309,40.49731],[-76.4089,40.49811],[-76.40549,40.49911],[-76.39899,40.50131],[-76.395,40.50231],[-76.39149,40.50361],[-76.3881,40.50451],[-76.3852,40.50551],[-76.37849,40.50611],[-76.37589,40.50681],[-76.3722,40.50851],[-76.3698,40.50941],[-76.3669,40.50991],[-76.3563,40.51061],[-76.3474,40.51271],[-76.34489,40.51311],[-76.342,40.51411],[-76.3389,40.51541],[-76.33549,40.51571],[-76.3325,40.51571],[-76.32929,40.51551],[-76.3252,40.51441],[-76.32159,40.51441],[-76.3182,40.51521],[-76.3137,40.51591],[-76.309,40.51561],[-76.3014,40.51481],[-76.2935,40.51551],[-76.2866,40.51581],[-76.27769,40.51681],[-76.27399,40.51741],[-76.2697,40.51741],[-76.26299,40.51681],[-76.2584,40.51691],[-76.25449,40.51751],[-76.2458,40.51961],[-76.2422,40.52001],[-76.2347,40.52181],[-76.2318,40.52381],[-76.224,40.52701],[-76.2183,40.52901],[-76.2159,40.52911],[-76.2132,40.52951],[-76.2104,40.52951],[-76.2054,40.53041],[-76.1982,40.53111],[-76.1955,40.53191],[-76.1917,40.53391],[-76.188,40.53531],[-76.1851,40.53561],[-76.1721,40.53511],[-76.1653,40.53971],[-76.1601,40.54051],[-76.1554,40.54501],[-76.144,40.54961],[-76.14159,40.55011],[-76.1368,40.55151],[-76.13319,40.55411],[-76.12859,40.55531],[-76.12469,40.55601],[-76.1216,40.55741],[-76.1153,40.55911],[-76.11179,40.56051],[-76.1065,40.56201],[-76.1022,40.56241],[-76.0992,40.56311],[-76.0942,40.56391],[-76.0862,40.56491],[-76.0794,40.56611],[-76.0658,40.57921],[-76.06219,40.57971],[-76.0587,40.57921],[-76.0571,40.57581],[-76.05389,40.57421],[-76.05019,40.57581],[-76.0471,40.58181],[-76.04379,40.58391],[-76.0402,40.58341],[-76.03719,40.58051],[-76.0337,40.57771],[-76.0285,40.57831],[-76.02579,40.57841],[-76.02229,40.57471],[-76.0181,40.57401],[-76.0164,40.57651],[-76.0136,40.57791],[-76.00999,40.58791],[-76.0049,40.60451],[-75.99319,40.63971],[-75.9703,40.64831],[-75.90739,40.67131],[-75.891,40.67751],[-75.86909,40.66271],[-75.8578,40.65531],[-75.84949,40.65011],[-75.8256,40.63391],[-75.8148,40.62711],[-75.8119,40.62511],[-75.8065,40.62191],[-75.8006,40.61811],[-75.78519,40.60861],[-75.7735,40.60111],[-75.7495,40.58611],[-75.7361,40.57801]]]}},{"type":"Feature","properties":{"state":"PA","cwa":"PHI","countyname":"Bucks","fips":"42017"},"geometry":{"type":"Polygon","coordinates":[[[-75.17039,40.56431],[-75.1674,40.56411],[-75.1635,40.56411],[-75.15939,40.56481],[-75.1545,40.56801],[-75.1526,40.56991],[-75.14999,40.57161],[-75.14639,40.57361],[-75.1437,40.57471],[-75.1412,40.57541],[-75.1373,40.57571],[-75.1328,40.57531],[-75.12469,40.57421],[-75.1224,40.57411],[-75.1185,40.57351],[-75.11089,40.57071],[-75.1053,40.56891],[-75.09969,40.56751],[-75.0963,40.56501],[-75.08859,40.55771],[-75.0845,40.55441],[-75.0831,40.55291],[-75.0778,40.54801],[-75.0712,40.54411],[-75.0685,40.54201],[-75.0672,40.53971],[-75.06609,40.53561],[-75.0656,40.53231],[-75.06499,40.52691],[-75.0652,40.52451],[-75.0657,40.52181],[-75.06599,40.51071],[-75.0652,40.50471],[-75.0643,40.50051],[-75.0631,40.49631],[-75.06239,40.49171],[-75.0619,40.48651],[-75.06219,40.48151],[-75.0647,40.47641],[-75.0677,40.47211],[-75.06779,40.46841],[-75.0672,40.46551],[-75.0703,40.45581],[-75.0692,40.45211],[-75.06799,40.44961],[-75.0666,40.44591],[-75.0646,40.43791],[-75.0626,40.43241],[-75.0616,40.42371],[-75.0606,40.42131],[-75.0591,40.41861],[-75.05769,40.41691],[-75.0554,40.41591],[-75.0526,40.41511],[-75.0495,40.41471],[-75.04649,40.41381],[-75.0439,40.41241],[-75.04089,40.40981],[-75.0358,40.40661],[-75.03139,40.40491],[-75.0272,40.40371],[-75.0237,40.40361],[-75.0163,40.40491],[-75.00829,40.40711],[-75.00259,40.40821],[-75.0004,40.40941],[-74.9975,40.41041],[-74.9948,40.41041],[-74.99229,40.40971],[-74.98969,40.40921],[-74.98479,40.40561],[-74.9823,40.40431],[-74.973,40.40081],[-74.96889,40.39951],[-74.9655,40.39741],[-74.9638,40.39521],[-74.963,40.39271],[-74.9619,40.39011],[-74.96059,40.38761],[-74.9538,40.37651],[-74.94849,40.36441],[-74.94669,40.35951],[-74.946,40.35671],[-74.9451,40.34881],[-74.9441,40.34411],[-74.9425,40.34181],[-74.9397,40.33811],[-74.9338,40.33371],[-74.9265,40.32931],[-74.9174,40.32251],[-74.9078,40.31681],[-74.90199,40.31561],[-74.8968,40.31521],[-74.89249,40.31351],[-74.8867,40.31011],[-74.8817,40.30651],[-74.86819,40.29531],[-74.8647,40.29071],[-74.85989,40.28361],[-74.8565,40.27751],[-74.85229,40.26851],[-74.8499,40.26451],[-74.848,40.26191],[-74.8466,40.25891],[-74.84209,40.25051],[-74.8363,40.24631],[-74.825,40.24201],[-74.8195,40.23851],[-74.8102,40.23511],[-74.8052,40.23351],[-74.7963,40.22991],[-74.78799,40.22561],[-74.7849,40.22371],[-74.7812,40.22171],[-74.771,40.21521],[-74.7671,40.20831],[-74.7642,40.20371],[-74.76109,40.19961],[-74.75919,40.19621],[-74.7568,40.18931],[-74.7549,40.18611],[-74.75169,40.18361],[-74.7491,40.18241],[-74.74409,40.18111],[-74.7372,40.17771],[-74.7342,40.17491],[-74.7328,40.17331],[-74.72649,40.16591],[-74.7223,40.16071],[-74.7215,40.15801],[-74.7216,40.15391],[-74.7226,40.15011],[-74.7231,40.14711],[-74.7287,40.14331],[-74.7333,40.14081],[-74.7399,40.13591],[-74.7418,40.13491],[-74.7459,40.13431],[-74.7493,40.13471],[-74.7541,40.13471],[-74.7575,40.13441],[-74.7612,40.13331],[-74.7636,40.13231],[-74.76939,40.12911],[-74.77579,40.12531],[-74.7821,40.12091],[-74.7857,40.12041],[-74.78979,40.12071],[-74.8006,40.12291],[-74.8128,40.12691],[-74.8163,40.12771],[-74.8195,40.12741],[-74.8223,40.12671],[-74.8251,40.12461],[-74.8287,40.11961],[-74.8302,40.11711],[-74.83279,40.11171],[-74.8339,40.10711],[-74.8351,40.10391],[-74.838,40.10091],[-74.8407,40.09911],[-74.8434,40.09771],[-74.8516,40.09471],[-74.85529,40.09231],[-74.8578,40.08931],[-74.8603,40.08431],[-74.8632,40.08261],[-74.8802,40.07891],[-74.88779,40.07591],[-74.909,40.07031],[-74.9119,40.06991],[-74.9213,40.07111],[-74.9247,40.07081],[-74.92799,40.06991],[-74.9361,40.06691],[-74.9435,40.06371],[-74.9533,40.05871],[-74.9668,40.05271],[-74.97459,40.04871],[-74.9772,40.05141],[-74.97939,40.05341],[-74.9818,40.05391],[-74.9835,40.05511],[-74.9837,40.05781],[-74.98029,40.06101],[-74.9805,40.06461],[-74.97639,40.06881],[-74.97269,40.07201],[-74.97079,40.07501],[-74.9669,40.07671],[-74.9646,40.07711],[-74.9626,40.07811],[-74.9585,40.08421],[-74.9576,40.08841],[-74.9555,40.09591],[-74.95799,40.09671],[-74.9604,40.09771],[-74.9613,40.09951],[-74.96069,40.10221],[-74.96239,40.10511],[-74.9641,40.10741],[-74.96329,40.11071],[-74.963,40.11391],[-74.9631,40.11651],[-74.9659,40.11801],[-74.9694,40.11711],[-74.9723,40.11951],[-74.976,40.12001],[-74.9789,40.11961],[-74.9822,40.12031],[-74.98309,40.12311],[-74.98489,40.12391],[-74.98769,40.12391],[-74.98969,40.12601],[-74.993,40.12641],[-74.9926,40.12961],[-74.9943,40.13121],[-74.9986,40.12821],[-75.001,40.12951],[-75.00629,40.13301],[-75.0136,40.13711],[-75.0154,40.13741],[-75.0179,40.13971],[-75.0227,40.14251],[-75.0256,40.14441],[-75.0309,40.14731],[-75.03339,40.14901],[-75.0432,40.15461],[-75.0564,40.16261],[-75.0676,40.16911],[-75.071,40.17091],[-75.07639,40.17431],[-75.0844,40.17891],[-75.0871,40.18071],[-75.10439,40.19071],[-75.11259,40.19571],[-75.11559,40.19771],[-75.1224,40.20171],[-75.12479,40.20291],[-75.1385,40.21121],[-75.1433,40.21431],[-75.1469,40.21631],[-75.1645,40.22691],[-75.196,40.24671],[-75.2033,40.25111],[-75.2179,40.25981],[-75.2309,40.26731],[-75.2338,40.26931],[-75.238,40.27151],[-75.24699,40.27691],[-75.2539,40.28051],[-75.25629,40.28231],[-75.2624,40.28581],[-75.29649,40.30631],[-75.3101,40.31471],[-75.3378,40.33111],[-75.351,40.33931],[-75.37869,40.35541],[-75.38609,40.36011],[-75.3901,40.36231],[-75.4088,40.37371],[-75.4135,40.37631],[-75.41669,40.37851],[-75.4211,40.38101],[-75.42599,40.38471],[-75.4562,40.40251],[-75.4831,40.41811],[-75.4791,40.42311],[-75.4637,40.43731],[-75.4427,40.45741],[-75.41489,40.48351],[-75.4099,40.48801],[-75.4025,40.49251],[-75.39069,40.50031],[-75.38599,40.50321],[-75.38059,40.50611],[-75.37119,40.51251],[-75.3669,40.51521],[-75.3632,40.51791],[-75.3578,40.52131],[-75.346,40.52931],[-75.3341,40.53691],[-75.3317,40.53821],[-75.30849,40.55321],[-75.3019,40.55701],[-75.2934,40.56231],[-75.2819,40.56911],[-75.2682,40.57701],[-75.2579,40.58211],[-75.25249,40.58411],[-75.24879,40.58601],[-75.2459,40.58701],[-75.24339,40.58811],[-75.23959,40.59021],[-75.2315,40.59321],[-75.2141,40.60121],[-75.1988,40.60771],[-75.19669,40.60831],[-75.1946,40.60531],[-75.1924,40.60261],[-75.19189,40.59861],[-75.19119,40.59491],[-75.19009,40.59251],[-75.19009,40.58981],[-75.1909,40.58691],[-75.1932,40.58421],[-75.1946,40.58211],[-75.195,40.57981],[-75.1936,40.57591],[-75.1917,40.57381],[-75.1896,40.57211],[-75.18729,40.56991],[-75.18449,40.56811],[-75.1824,40.56721],[-75.17889,40.56601],[-75.17429,40.56491],[-75.17039,40.56431]]]}},{"type":"Feature","properties":{"state":"PA","cwa":"PHI","countyname":"Lehigh","fips":"42077"},"geometry":{"type":"Polygon","coordinates":[[[-75.5919,40.73561],[-75.5889,40.73421],[-75.585,40.73421],[-75.5794,40.73531],[-75.57619,40.73551],[-75.574,40.73491],[-75.5711,40.73281],[-75.5693,40.72861],[-75.5672,40.72551],[-75.5637,40.72321],[-75.56129,40.72191],[-75.5574,40.72101],[-75.5533,40.72131],[-75.5472,40.72351],[-75.5441,40.72541],[-75.5421,40.72771],[-75.5413,40.73071],[-75.54089,40.73411],[-75.5394,40.73681],[-75.5359,40.73761],[-75.5312,40.73671],[-75.5284,40.73531],[-75.5265,40.73321],[-75.52599,40.72981],[-75.5256,40.72101],[-75.5226,40.71351],[-75.51559,40.70231],[-75.5105,40.69511],[-75.5033,40.69011],[-75.499,40.68181],[-75.4959,40.67791],[-75.4901,40.67661],[-75.4873,40.67451],[-75.4854,40.67201],[-75.4838,40.66811],[-75.4837,40.66031],[-75.4807,40.65601],[-75.4601,40.66301],[-75.4452,40.66871],[-75.4303,40.67241],[-75.42889,40.66781],[-75.42059,40.65971],[-75.4182,40.65781],[-75.4138,40.65321],[-75.4061,40.64581],[-75.4045,40.64451],[-75.4032,40.64311],[-75.392,40.63371],[-75.3877,40.63301],[-75.3884,40.62821],[-75.38499,40.62511],[-75.3838,40.62331],[-75.3844,40.62071],[-75.38339,40.61831],[-75.3793,40.61731],[-75.3761,40.61631],[-75.37849,40.61531],[-75.3847,40.61491],[-75.389,40.61341],[-75.3896,40.61051],[-75.3909,40.60031],[-75.3918,40.59781],[-75.3938,40.59451],[-75.4026,40.58331],[-75.40379,40.58111],[-75.3987,40.57771],[-75.3911,40.57321],[-75.379,40.56551],[-75.3687,40.55921],[-75.3629,40.55531],[-75.3596,40.55341],[-75.35159,40.54831],[-75.3341,40.53691],[-75.346,40.52931],[-75.3578,40.52131],[-75.3632,40.51791],[-75.3669,40.51521],[-75.37119,40.51251],[-75.38059,40.50611],[-75.38599,40.50321],[-75.39069,40.50031],[-75.4025,40.49251],[-75.4099,40.48801],[-75.41489,40.48351],[-75.4427,40.45741],[-75.4637,40.43731],[-75.4791,40.42311],[-75.4831,40.41811],[-75.49799,40.42721],[-75.4995,40.42851],[-75.50359,40.43091],[-75.53049,40.44771],[-75.5799,40.47871],[-75.5972,40.48931],[-75.60059,40.49161],[-75.61469,40.50011],[-75.6207,40.50431],[-75.6392,40.51631],[-75.66139,40.53031],[-75.66859,40.53511],[-75.675,40.53891],[-75.6999,40.55471],[-75.7361,40.57801],[-75.7495,40.58611],[-75.7735,40.60111],[-75.78519,40.60861],[-75.8006,40.61811],[-75.8065,40.62191],[-75.8119,40.62511],[-75.8148,40.62711],[-75.8256,40.63391],[-75.84949,40.65011],[-75.8578,40.65531],[-75.86909,40.66271],[-75.891,40.67751],[-75.8559,40.69251],[-75.8525,40.69251],[-75.8414,40.69371],[-75.8232,40.70171],[-75.82059,40.70331],[-75.8107,40.70651],[-75.80769,40.70801],[-75.7978,40.71651],[-75.784,40.72281],[-75.78059,40.72471],[-75.77869,40.72911],[-75.77119,40.72971],[-75.76659,40.73051],[-75.764,40.73211],[-75.7604,40.73391],[-75.7584,40.73591],[-75.74879,40.73891],[-75.7448,40.74051],[-75.7438,40.74341],[-75.73849,40.74491],[-75.73579,40.74691],[-75.7335,40.74931],[-75.7318,40.75231],[-75.7291,40.75391],[-75.7034,40.76241],[-75.7017,40.76481],[-75.6989,40.76731],[-75.696,40.76961],[-75.6888,40.77241],[-75.68539,40.77421],[-75.68159,40.77481],[-75.6768,40.77641],[-75.673,40.77731],[-75.6692,40.77771],[-75.6662,40.77771],[-75.6609,40.77891],[-75.6577,40.77941],[-75.65359,40.77961],[-75.64149,40.78121],[-75.6245,40.78431],[-75.6084,40.78751],[-75.606,40.78201],[-75.6049,40.77831],[-75.6049,40.77561],[-75.6063,40.77221],[-75.6039,40.76821],[-75.6027,40.76511],[-75.6028,40.76231],[-75.60339,40.75791],[-75.603,40.75431],[-75.6012,40.74901],[-75.5989,40.74611],[-75.59669,40.74371],[-75.5937,40.73811],[-75.5919,40.73561]]]}},{"type":"Feature","properties":{"state":"PA","cwa":"PHI","countyname":"Monroe","fips":"42089"},"geometry":{"type":"Polygon","coordinates":[[[-75.15579,41.15451],[-75.15659,41.15011],[-75.1475,41.14851],[-75.14349,41.14801],[-75.1326,41.14681],[-75.0976,41.14341],[-75.0768,41.14101],[-75.0542,41.10971],[-75.0527,41.10781],[-75.0412,41.09171],[-75.0375,41.08841],[-75.0331,41.08711],[-75.0312,41.08441],[-75.02869,41.08141],[-75.0265,41.08021],[-75.0248,41.08291],[-75.0226,41.08391],[-75.01949,41.08481],[-75.0164,41.08451],[-75.0131,41.08391],[-75.0113,41.08751],[-75.0071,41.08831],[-75.00259,41.09101],[-74.99989,41.08951],[-74.9973,41.09021],[-74.9962,41.09291],[-74.9922,41.09281],[-74.9916,41.08941],[-74.9889,41.08831],[-74.9856,41.08851],[-74.98299,41.08911],[-74.9757,41.09381],[-74.97269,41.09521],[-74.9695,41.09591],[-74.9668,41.09371],[-74.9676,41.08951],[-74.97009,41.08601],[-74.97279,41.08431],[-74.9817,41.07961],[-74.9846,41.07891],[-74.98959,41.07821],[-74.9939,41.07691],[-74.9993,41.07391],[-75.00169,41.07211],[-75.0038,41.06981],[-75.007,41.06751],[-75.0104,41.06751],[-75.0125,41.06631],[-75.0152,41.06131],[-75.01579,41.05831],[-75.0172,41.05551],[-75.0188,41.05351],[-75.0256,41.04661],[-75.0263,41.04451],[-75.0257,41.04101],[-75.0294,41.03881],[-75.0336,41.03711],[-75.0412,41.03151],[-75.0441,41.03031],[-75.0468,41.02971],[-75.0518,41.02711],[-75.07,41.01891],[-75.072,41.01811],[-75.07459,41.01741],[-75.0778,41.01701],[-75.08109,41.01681],[-75.0871,41.01541],[-75.09029,41.01351],[-75.0948,41.00961],[-75.0972,41.00801],[-75.1008,41.00671],[-75.1048,41.00561],[-75.1083,41.00441],[-75.1102,41.00271],[-75.1245,40.99541],[-75.1272,40.99391],[-75.1291,40.99241],[-75.131,40.99051],[-75.1316,40.98801],[-75.1315,40.98521],[-75.1326,40.98131],[-75.1347,40.97791],[-75.13499,40.97301],[-75.1334,40.97071],[-75.1318,40.96961],[-75.12859,40.96921],[-75.1226,40.97021],[-75.1209,40.96801],[-75.12379,40.96451],[-75.12759,40.96031],[-75.1293,40.95871],[-75.1477,40.95041],[-75.1507,40.94961],[-75.1597,40.94851],[-75.17049,40.94791],[-75.1735,40.94701],[-75.1765,40.94571],[-75.1783,40.94021],[-75.18,40.93921],[-75.184,40.93801],[-75.1879,40.93721],[-75.19189,40.93681],[-75.1988,40.93581],[-75.2062,40.93391],[-75.21159,40.93211],[-75.2145,40.93081],[-75.2166,40.92901],[-75.2188,40.92651],[-75.2206,40.92311],[-75.2222,40.91941],[-75.241,40.90941],[-75.2323,40.89991],[-75.23969,40.89721],[-75.2429,40.89551],[-75.24529,40.89331],[-75.24789,40.89151],[-75.2496,40.89101],[-75.26749,40.88201],[-75.2733,40.87331],[-75.2795,40.86991],[-75.28429,40.86581],[-75.2878,40.86401],[-75.29169,40.86381],[-75.2947,40.86231],[-75.3022,40.85921],[-75.3196,40.85591],[-75.3391,40.84641],[-75.3791,40.83251],[-75.38419,40.83041],[-75.3877,40.82941],[-75.4137,40.82641],[-75.417,40.82591],[-75.42039,40.82331],[-75.43909,40.81901],[-75.44199,40.81851],[-75.4555,40.81801],[-75.458,40.81771],[-75.4742,40.81481],[-75.4809,40.82711],[-75.48669,40.83711],[-75.49339,40.84651],[-75.4992,40.85371],[-75.50159,40.85731],[-75.5105,40.86871],[-75.5117,40.87081],[-75.5178,40.87811],[-75.5238,40.88651],[-75.5458,40.91511],[-75.55099,40.92161],[-75.5565,40.92901],[-75.57359,40.95031],[-75.5691,40.95391],[-75.546,40.96491],[-75.5397,40.96761],[-75.5303,40.97201],[-75.5214,40.97591],[-75.4963,40.98761],[-75.50639,40.99631],[-75.5144,41.00431],[-75.5332,41.02191],[-75.5432,41.03171],[-75.5461,41.03431],[-75.55479,41.04271],[-75.5627,41.04941],[-75.5658,41.04971],[-75.56979,41.05141],[-75.5694,41.05521],[-75.571,41.05771],[-75.57159,41.05981],[-75.57339,41.06141],[-75.57809,41.06831],[-75.58109,41.06801],[-75.5832,41.07161],[-75.58569,41.07401],[-75.5877,41.07621],[-75.5898,41.07721],[-75.5946,41.08081],[-75.5972,41.08171],[-75.59979,41.08391],[-75.6038,41.08461],[-75.6059,41.08611],[-75.6053,41.08951],[-75.6044,41.09311],[-75.6067,41.09441],[-75.61259,41.09471],[-75.6141,41.09781],[-75.6141,41.10031],[-75.6159,41.10381],[-75.62029,41.10811],[-75.6223,41.11061],[-75.626,41.11011],[-75.62859,41.10711],[-75.632,41.10801],[-75.6338,41.11101],[-75.6355,41.11281],[-75.63789,41.11351],[-75.64149,41.11341],[-75.6458,41.11371],[-75.6459,41.11701],[-75.6465,41.11991],[-75.6483,41.12191],[-75.6489,41.12471],[-75.6464,41.12581],[-75.6431,41.12661],[-75.6402,41.12671],[-75.6373,41.12531],[-75.6348,41.12321],[-75.63309,41.12621],[-75.6312,41.12811],[-75.6279,41.12841],[-75.6255,41.13131],[-75.6279,41.13341],[-75.62759,41.13671],[-75.62399,41.13871],[-75.62,41.14141],[-75.6175,41.14241],[-75.615,41.14401],[-75.6144,41.14731],[-75.6152,41.15051],[-75.61169,41.15041],[-75.60909,41.14991],[-75.6068,41.15001],[-75.60339,41.15261],[-75.6041,41.15561],[-75.6021,41.15841],[-75.6012,41.16171],[-75.59769,41.16331],[-75.5973,41.16751],[-75.598,41.17141],[-75.5897,41.17221],[-75.58549,41.17441],[-75.5826,41.17671],[-75.57719,41.17771],[-75.5758,41.18021],[-75.57619,41.18211],[-75.576,41.18441],[-75.5752,41.18761],[-75.5724,41.19031],[-75.56979,41.19241],[-75.5701,41.19581],[-75.569,41.19851],[-75.56609,41.20071],[-75.562,41.20501],[-75.5588,41.20661],[-75.5564,41.20731],[-75.555,41.20851],[-75.5545,41.21041],[-75.5533,41.21211],[-75.55109,41.21441],[-75.5486,41.21761],[-75.54469,41.22171],[-75.5432,41.22381],[-75.53989,41.22491],[-75.5336,41.22571],[-75.5311,41.22621],[-75.5279,41.22581],[-75.5252,41.22301],[-75.51649,41.22001],[-75.5143,41.22241],[-75.5113,41.22501],[-75.5095,41.22801],[-75.5094,41.23001],[-75.50819,41.23231],[-75.50529,41.23351],[-75.5011,41.23271],[-75.49619,41.23281],[-75.4593,41.23421],[-75.3709,41.23801],[-75.36259,41.23921],[-75.3592,41.23921],[-75.3567,41.24021],[-75.3289,41.24121],[-75.3241,41.24151],[-75.3127,41.24261],[-75.28149,41.24381],[-75.2496,41.24571],[-75.23289,41.24621],[-75.1898,41.24891],[-75.1731,41.25011],[-75.12759,41.25281],[-75.15579,41.15451]]]}},{"type":"Feature","properties":{"state":"PA","cwa":"PHI","countyname":"Montgomery","fips":"42091"},"geometry":{"type":"Polygon","coordinates":[[[-75.196,40.24671],[-75.1645,40.22691],[-75.1469,40.21631],[-75.1433,40.21431],[-75.1385,40.21121],[-75.12479,40.20291],[-75.1224,40.20171],[-75.11559,40.19771],[-75.11259,40.19571],[-75.10439,40.19071],[-75.0871,40.18071],[-75.0844,40.17891],[-75.07639,40.17431],[-75.071,40.17091],[-75.0676,40.16911],[-75.0564,40.16261],[-75.0432,40.15461],[-75.03339,40.14901],[-75.0309,40.14731],[-75.0256,40.14441],[-75.0227,40.14251],[-75.0179,40.13971],[-75.0154,40.13741],[-75.0172,40.13551],[-75.02329,40.13021],[-75.0433,40.11611],[-75.05759,40.10631],[-75.061,40.10321],[-75.0653,40.09881],[-75.0714,40.09251],[-75.0761,40.08731],[-75.07829,40.08531],[-75.0816,40.08371],[-75.0844,40.08111],[-75.0895,40.07581],[-75.0917,40.07391],[-75.0934,40.07201],[-75.0955,40.06921],[-75.0924,40.06651],[-75.08929,40.06481],[-75.08859,40.06241],[-75.0929,40.05781],[-75.0961,40.05521],[-75.1027,40.05151],[-75.1045,40.05031],[-75.10809,40.04731],[-75.112,40.04741],[-75.1318,40.05901],[-75.1365,40.06191],[-75.1412,40.06441],[-75.1452,40.06691],[-75.1474,40.06801],[-75.16319,40.07691],[-75.1747,40.08371],[-75.1785,40.08231],[-75.18539,40.07541],[-75.1881,40.07321],[-75.1906,40.07391],[-75.2222,40.09221],[-75.2277,40.08871],[-75.2298,40.08641],[-75.238,40.07851],[-75.2456,40.07091],[-75.25529,40.06171],[-75.2603,40.05771],[-75.26369,40.05411],[-75.25809,40.04791],[-75.2552,40.04571],[-75.25069,40.04311],[-75.24609,40.03871],[-75.2402,40.03361],[-75.2325,40.02851],[-75.2229,40.02311],[-75.21899,40.02121],[-75.21519,40.01841],[-75.21339,40.01651],[-75.21069,40.01451],[-75.20779,40.01291],[-75.2065,40.01071],[-75.2103,40.00841],[-75.2503,39.98991],[-75.2561,39.98691],[-75.2596,39.98451],[-75.2644,39.98201],[-75.2764,39.97691],[-75.2837,39.98701],[-75.29169,39.99551],[-75.2994,40.00541],[-75.3033,40.00991],[-75.3078,40.01461],[-75.3091,40.01661],[-75.31219,40.01931],[-75.31979,40.01681],[-75.323,40.01921],[-75.3266,40.02381],[-75.3285,40.02651],[-75.3343,40.03371],[-75.3361,40.03621],[-75.3376,40.03791],[-75.3451,40.04771],[-75.34679,40.04961],[-75.35059,40.05461],[-75.3526,40.05761],[-75.3565,40.06291],[-75.3592,40.06611],[-75.36349,40.06921],[-75.3662,40.07211],[-75.3703,40.07051],[-75.3734,40.06891],[-75.3812,40.06591],[-75.38709,40.06301],[-75.3913,40.06161],[-75.3959,40.06541],[-75.39989,40.07071],[-75.4014,40.07371],[-75.4032,40.07591],[-75.4069,40.08111],[-75.4107,40.08591],[-75.4124,40.08851],[-75.4143,40.09051],[-75.41869,40.09591],[-75.433,40.09131],[-75.43719,40.08941],[-75.4406,40.09341],[-75.448,40.09091],[-75.4556,40.08751],[-75.4562,40.09311],[-75.45799,40.09491],[-75.462,40.09821],[-75.46149,40.10191],[-75.4656,40.10411],[-75.46899,40.10691],[-75.4714,40.11131],[-75.4695,40.11561],[-75.4623,40.11931],[-75.4613,40.12361],[-75.4677,40.12751],[-75.47269,40.12911],[-75.4781,40.12711],[-75.4825,40.12631],[-75.4909,40.12541],[-75.4956,40.12711],[-75.4995,40.12951],[-75.5032,40.13151],[-75.5084,40.13511],[-75.5098,40.13761],[-75.5105,40.14071],[-75.50919,40.14441],[-75.5022,40.15211],[-75.5004,40.15611],[-75.5024,40.15931],[-75.5062,40.16011],[-75.5117,40.15891],[-75.5163,40.15331],[-75.5172,40.15041],[-75.5191,40.14781],[-75.52329,40.14711],[-75.5274,40.15111],[-75.5276,40.15351],[-75.52689,40.15611],[-75.5266,40.15941],[-75.5276,40.16611],[-75.5292,40.16861],[-75.53159,40.17061],[-75.5407,40.17561],[-75.54469,40.18191],[-75.5481,40.18831],[-75.5537,40.20111],[-75.5572,40.20771],[-75.5601,40.20961],[-75.5625,40.20991],[-75.5647,40.20841],[-75.5648,40.20551],[-75.56339,40.19681],[-75.5662,40.19471],[-75.57159,40.19411],[-75.5761,40.19751],[-75.58009,40.20321],[-75.58179,40.20751],[-75.5872,40.21341],[-75.5898,40.22011],[-75.5927,40.22551],[-75.5965,40.23621],[-75.59869,40.23761],[-75.6013,40.23801],[-75.6055,40.23751],[-75.6076,40.23521],[-75.60719,40.23251],[-75.6049,40.23061],[-75.6031,40.22831],[-75.6048,40.22571],[-75.6087,40.22371],[-75.61169,40.22331],[-75.61449,40.22391],[-75.61729,40.22681],[-75.61919,40.22971],[-75.6216,40.23091],[-75.6246,40.23141],[-75.62849,40.23301],[-75.6328,40.23511],[-75.6383,40.23671],[-75.6461,40.24001],[-75.64819,40.24071],[-75.65099,40.24211],[-75.654,40.24171],[-75.658,40.24181],[-75.661,40.24331],[-75.6651,40.24491],[-75.66859,40.24491],[-75.6716,40.24431],[-75.6745,40.24311],[-75.6812,40.23931],[-75.68539,40.23651],[-75.6912,40.23781],[-75.6942,40.24021],[-75.69659,40.24171],[-75.67789,40.26451],[-75.6748,40.26861],[-75.671,40.27291],[-75.6653,40.28041],[-75.6264,40.32791],[-75.6047,40.35501],[-75.5878,40.37511],[-75.5714,40.39551],[-75.5376,40.43701],[-75.534,40.44191],[-75.53049,40.44771],[-75.50359,40.43091],[-75.4995,40.42851],[-75.49799,40.42721],[-75.4831,40.41811],[-75.4562,40.40251],[-75.42599,40.38471],[-75.4211,40.38101],[-75.41669,40.37851],[-75.4135,40.37631],[-75.4088,40.37371],[-75.3901,40.36231],[-75.38609,40.36011],[-75.37869,40.35541],[-75.351,40.33931],[-75.3378,40.33111],[-75.3101,40.31471],[-75.29649,40.30631],[-75.2624,40.28581],[-75.25629,40.28231],[-75.2539,40.28051],[-75.24699,40.27691],[-75.238,40.27151],[-75.2338,40.26931],[-75.2309,40.26731],[-75.2179,40.25981],[-75.2033,40.25111],[-75.196,40.24671]]]}},{"type":"Feature","properties":{"state":"PA","cwa":"PHI","countyname":"Philadelphia","fips":"42101"},"geometry":{"type":"Polygon","coordinates":[[[-75.001,40.12951],[-74.9986,40.12821],[-74.9943,40.13121],[-74.9926,40.12961],[-74.993,40.12641],[-74.98969,40.12601],[-74.98769,40.12391],[-74.98489,40.12391],[-74.98309,40.12311],[-74.9822,40.12031],[-74.9789,40.11961],[-74.976,40.12001],[-74.9723,40.11951],[-74.9694,40.11711],[-74.9659,40.11801],[-74.9631,40.11651],[-74.963,40.11391],[-74.96329,40.11071],[-74.9641,40.10741],[-74.96239,40.10511],[-74.96069,40.10221],[-74.9613,40.09951],[-74.9604,40.09771],[-74.95799,40.09671],[-74.9555,40.09591],[-74.9576,40.08841],[-74.9585,40.08421],[-74.9626,40.07811],[-74.9646,40.07711],[-74.9669,40.07671],[-74.97079,40.07501],[-74.97269,40.07201],[-74.97639,40.06881],[-74.9805,40.06461],[-74.98029,40.06101],[-74.9837,40.05781],[-74.9835,40.05511],[-74.9818,40.05391],[-74.97939,40.05341],[-74.9772,40.05141],[-74.97459,40.04871],[-74.9796,40.04581],[-74.98389,40.04271],[-74.9874,40.03971],[-74.9902,40.03701],[-75.0022,40.02771],[-75.0078,40.02311],[-75.01109,40.02131],[-75.0155,40.01951],[-75.02959,40.01601],[-75.0386,40.01331],[-75.0425,40.01151],[-75.047,40.00891],[-75.0517,40.00371],[-75.05949,39.99151],[-75.0692,39.98291],[-75.072,39.98071],[-75.08859,39.97531],[-75.0937,39.97451],[-75.1082,39.97031],[-75.1125,39.96831],[-75.11919,39.96551],[-75.1261,39.96151],[-75.1293,39.95941],[-75.1316,39.95711],[-75.13319,39.95481],[-75.13429,39.95221],[-75.1355,39.94781],[-75.13599,39.94351],[-75.13609,39.94031],[-75.13589,39.93291],[-75.1347,39.92651],[-75.13309,39.92251],[-75.1307,39.91811],[-75.1283,39.91301],[-75.129,39.90711],[-75.1297,39.90421],[-75.13129,39.89951],[-75.1334,39.89631],[-75.1402,39.88831],[-75.1454,39.88431],[-75.1507,39.88271],[-75.1745,39.88231],[-75.1839,39.88191],[-75.18919,39.88071],[-75.1951,39.87731],[-75.2002,39.87331],[-75.211,39.86651],[-75.2158,39.87191],[-75.2159,39.87511],[-75.2203,39.87531],[-75.2335,39.87691],[-75.2362,39.87591],[-75.241,39.87241],[-75.2493,39.87621],[-75.2534,39.87591],[-75.25639,39.87591],[-75.2616,39.87641],[-75.2633,39.87901],[-75.26379,39.88261],[-75.26379,39.88621],[-75.2627,39.88841],[-75.2608,39.89151],[-75.2587,39.89251],[-75.2566,39.89541],[-75.2552,39.89911],[-75.2534,39.90191],[-75.2506,39.90911],[-75.2473,39.91421],[-75.2473,39.91781],[-75.24689,39.92221],[-75.24429,39.92711],[-75.2439,39.93021],[-75.241,39.93331],[-75.2372,39.93301],[-75.2353,39.93761],[-75.2399,39.93871],[-75.24,39.94171],[-75.2431,39.94211],[-75.24699,39.94341],[-75.2502,39.94721],[-75.2512,39.95011],[-75.2491,39.95591],[-75.25,39.95781],[-75.2477,39.96211],[-75.2491,39.96431],[-75.2541,39.96511],[-75.25719,39.96431],[-75.2613,39.96601],[-75.2672,39.96611],[-75.2706,39.96831],[-75.2757,39.97031],[-75.2784,39.97211],[-75.2794,39.97481],[-75.2764,39.97691],[-75.2644,39.98201],[-75.2596,39.98451],[-75.2561,39.98691],[-75.2503,39.98991],[-75.2103,40.00841],[-75.2065,40.01071],[-75.20779,40.01291],[-75.21069,40.01451],[-75.21339,40.01651],[-75.21519,40.01841],[-75.21899,40.02121],[-75.2229,40.02311],[-75.2325,40.02851],[-75.2402,40.03361],[-75.24609,40.03871],[-75.25069,40.04311],[-75.2552,40.04571],[-75.25809,40.04791],[-75.26369,40.05411],[-75.2603,40.05771],[-75.25529,40.06171],[-75.2456,40.07091],[-75.238,40.07851],[-75.2298,40.08641],[-75.2277,40.08871],[-75.2222,40.09221],[-75.1906,40.07391],[-75.1881,40.07321],[-75.18539,40.07541],[-75.1785,40.08231],[-75.1747,40.08371],[-75.16319,40.07691],[-75.1474,40.06801],[-75.1452,40.06691],[-75.1412,40.06441],[-75.1365,40.06191],[-75.1318,40.05901],[-75.112,40.04741],[-75.10809,40.04731],[-75.1045,40.05031],[-75.1027,40.05151],[-75.0961,40.05521],[-75.0929,40.05781],[-75.08859,40.06241],[-75.08929,40.06481],[-75.0924,40.06651],[-75.0955,40.06921],[-75.0934,40.07201],[-75.0917,40.07391],[-75.0895,40.07581],[-75.0844,40.08111],[-75.0816,40.08371],[-75.07829,40.08531],[-75.0761,40.08731],[-75.0714,40.09251],[-75.0653,40.09881],[-75.061,40.10321],[-75.05759,40.10631],[-75.0433,40.11611],[-75.02329,40.13021],[-75.0172,40.13551],[-75.0154,40.13741],[-75.0136,40.13711],[-75.00629,40.13301],[-75.001,40.12951]]]}},{"type":"Feature","properties":{"state":"PA","cwa":"PHI","countyname":"Carbon","fips":"42025"},"geometry":{"type":"Polygon","coordinates":[[[-75.66579,41.13361],[-75.66399,41.13061],[-75.6607,41.12931],[-75.6586,41.12771],[-75.6572,41.12581],[-75.6561,41.12321],[-75.657,41.12051],[-75.6572,41.11821],[-75.65559,41.11661],[-75.6526,41.11851],[-75.6503,41.12101],[-75.6483,41.12191],[-75.6465,41.11991],[-75.6459,41.11701],[-75.6458,41.11371],[-75.64149,41.11341],[-75.63789,41.11351],[-75.6355,41.11281],[-75.6338,41.11101],[-75.632,41.10801],[-75.62859,41.10711],[-75.626,41.11011],[-75.6223,41.11061],[-75.62029,41.10811],[-75.6159,41.10381],[-75.6141,41.10031],[-75.6141,41.09781],[-75.61259,41.09471],[-75.6067,41.09441],[-75.6044,41.09311],[-75.6053,41.08951],[-75.6059,41.08611],[-75.6038,41.08461],[-75.59979,41.08391],[-75.5972,41.08171],[-75.5946,41.08081],[-75.5898,41.07721],[-75.5877,41.07621],[-75.58569,41.07401],[-75.5832,41.07161],[-75.58109,41.06801],[-75.57809,41.06831],[-75.57339,41.06141],[-75.57159,41.05981],[-75.571,41.05771],[-75.5694,41.05521],[-75.56979,41.05141],[-75.5658,41.04971],[-75.5627,41.04941],[-75.55479,41.04271],[-75.5461,41.03431],[-75.5432,41.03171],[-75.5332,41.02191],[-75.5144,41.00431],[-75.50639,40.99631],[-75.4963,40.98761],[-75.5214,40.97591],[-75.5303,40.97201],[-75.5397,40.96761],[-75.546,40.96491],[-75.5691,40.95391],[-75.57359,40.95031],[-75.5565,40.92901],[-75.55099,40.92161],[-75.5458,40.91511],[-75.5238,40.88651],[-75.5178,40.87811],[-75.5117,40.87081],[-75.5105,40.86871],[-75.50159,40.85731],[-75.4992,40.85371],[-75.49339,40.84651],[-75.48669,40.83711],[-75.4809,40.82711],[-75.4742,40.81481],[-75.4785,40.81311],[-75.4853,40.81251],[-75.4958,40.81111],[-75.508,40.80911],[-75.519,40.80891],[-75.5284,40.80671],[-75.5415,40.80691],[-75.55119,40.80471],[-75.5575,40.80131],[-75.56499,40.80111],[-75.5739,40.79931],[-75.5776,40.79941],[-75.58549,40.79691],[-75.5954,40.79331],[-75.5984,40.79011],[-75.60259,40.78811],[-75.6084,40.78751],[-75.6245,40.78431],[-75.64149,40.78121],[-75.65359,40.77961],[-75.6577,40.77941],[-75.6609,40.77891],[-75.6662,40.77771],[-75.6692,40.77771],[-75.673,40.77731],[-75.6768,40.77641],[-75.68159,40.77481],[-75.68539,40.77421],[-75.6888,40.77241],[-75.696,40.76961],[-75.6989,40.76731],[-75.7017,40.76481],[-75.7034,40.76241],[-75.7291,40.75391],[-75.7318,40.75231],[-75.7335,40.74931],[-75.73579,40.74691],[-75.73849,40.74491],[-75.7438,40.74341],[-75.7448,40.74051],[-75.74879,40.73891],[-75.7584,40.73591],[-75.7679,40.74171],[-75.7734,40.74531],[-75.78149,40.75011],[-75.78329,40.75141],[-75.8007,40.76231],[-75.8124,40.76991],[-75.8158,40.77231],[-75.8284,40.77991],[-75.85339,40.79591],[-75.8587,40.79911],[-75.87099,40.80711],[-75.8745,40.80911],[-75.8791,40.81211],[-75.88599,40.81631],[-75.9062,40.83371],[-75.91119,40.83851],[-75.9274,40.85271],[-75.9315,40.85611],[-75.9533,40.87511],[-75.9577,40.87831],[-75.9649,40.88451],[-75.98949,40.90591],[-75.9973,40.91301],[-75.98299,40.91851],[-75.9463,40.93141],[-75.9304,40.93721],[-75.8892,40.95181],[-75.8689,40.95931],[-75.861,40.96201],[-75.8483,40.96731],[-75.84959,40.97161],[-75.836,40.97651],[-75.8196,40.98211],[-75.8014,40.98311],[-75.79469,40.98571],[-75.7646,40.99671],[-75.73959,41.00551],[-75.7324,41.00851],[-75.7337,41.01041],[-75.7346,41.01291],[-75.7366,41.01561],[-75.7381,41.01811],[-75.7384,41.02031],[-75.7381,41.02251],[-75.7382,41.02481],[-75.73869,41.02721],[-75.73969,41.02951],[-75.742,41.03131],[-75.74609,41.03191],[-75.7514,41.03171],[-75.7549,41.03131],[-75.7568,41.03211],[-75.75839,41.03521],[-75.7608,41.03901],[-75.7626,41.04241],[-75.7655,41.04421],[-75.7673,41.04641],[-75.7688,41.04851],[-75.7701,41.05161],[-75.7702,41.05761],[-75.7708,41.06111],[-75.77,41.06481],[-75.7699,41.06771],[-75.7702,41.07071],[-75.7708,41.07331],[-75.771,41.07611],[-75.77029,41.07851],[-75.7673,41.08181],[-75.76559,41.08451],[-75.7661,41.08721],[-75.767,41.09031],[-75.767,41.09301],[-75.764,41.09351],[-75.7612,41.09151],[-75.75829,41.09221],[-75.7557,41.09371],[-75.75359,41.09551],[-75.753,41.09861],[-75.7539,41.10231],[-75.75159,41.10371],[-75.7475,41.10371],[-75.74419,41.10261],[-75.74049,41.10211],[-75.7365,41.10191],[-75.7344,41.10221],[-75.7318,41.10381],[-75.7295,41.10721],[-75.72749,41.10851],[-75.7253,41.10891],[-75.7232,41.10971],[-75.7212,41.11141],[-75.7183,41.11611],[-75.7165,41.11801],[-75.7127,41.11691],[-75.70869,41.11611],[-75.7081,41.11871],[-75.7086,41.12201],[-75.7048,41.12171],[-75.7025,41.12331],[-75.7009,41.12681],[-75.69859,41.12851],[-75.69579,41.13021],[-75.6917,41.13151],[-75.6894,41.13151],[-75.68649,41.13081],[-75.6832,41.13131],[-75.6804,41.13281],[-75.672,41.13341],[-75.6684,41.13401],[-75.66579,41.13361]]]}},{"type":"Feature","properties":{"state":"PA","cwa":"PHI","countyname":"Delaware","fips":"42045"},"geometry":{"type":"Polygon","coordinates":[[[-75.323,40.01921],[-75.31979,40.01681],[-75.31219,40.01931],[-75.3091,40.01661],[-75.3078,40.01461],[-75.3033,40.00991],[-75.2994,40.00541],[-75.29169,39.99551],[-75.2837,39.98701],[-75.2764,39.97691],[-75.2794,39.97481],[-75.2784,39.97211],[-75.2757,39.97031],[-75.2706,39.96831],[-75.2672,39.96611],[-75.2613,39.96601],[-75.25719,39.96431],[-75.2541,39.96511],[-75.2491,39.96431],[-75.2477,39.96211],[-75.25,39.95781],[-75.2491,39.95591],[-75.2512,39.95011],[-75.2502,39.94721],[-75.24699,39.94341],[-75.2431,39.94211],[-75.24,39.94171],[-75.2399,39.93871],[-75.2353,39.93761],[-75.2372,39.93301],[-75.241,39.93331],[-75.2439,39.93021],[-75.24429,39.92711],[-75.24689,39.92221],[-75.2473,39.91781],[-75.2473,39.91421],[-75.2506,39.90911],[-75.2534,39.90191],[-75.2552,39.89911],[-75.2566,39.89541],[-75.2587,39.89251],[-75.2608,39.89151],[-75.2627,39.88841],[-75.26379,39.88621],[-75.26379,39.88261],[-75.2633,39.87901],[-75.2616,39.87641],[-75.25639,39.87591],[-75.2534,39.87591],[-75.2493,39.87621],[-75.241,39.87241],[-75.2362,39.87591],[-75.2335,39.87691],[-75.2203,39.87531],[-75.2159,39.87511],[-75.2158,39.87191],[-75.211,39.86651],[-75.221,39.86111],[-75.235,39.85671],[-75.2447,39.85441],[-75.2561,39.85251],[-75.2724,39.84941],[-75.2764,39.84911],[-75.2792,39.84921],[-75.28709,39.84891],[-75.2941,39.84891],[-75.3082,39.85011],[-75.31129,39.85021],[-75.3232,39.84991],[-75.3304,39.84911],[-75.3419,39.84601],[-75.3444,39.84511],[-75.355,39.83941],[-75.3746,39.82581],[-75.3825,39.82071],[-75.3905,39.81531],[-75.3983,39.81091],[-75.4035,39.80771],[-75.4095,39.80441],[-75.4125,39.80311],[-75.4155,39.80211],[-75.42799,39.80931],[-75.437,39.81331],[-75.44099,39.81531],[-75.4539,39.82041],[-75.4638,39.82411],[-75.4804,39.82891],[-75.4995,39.83351],[-75.507,39.83491],[-75.5151,39.83601],[-75.5364,39.83811],[-75.5477,39.83871],[-75.56509,39.83861],[-75.5705,39.83901],[-75.57639,39.83871],[-75.58,39.83892],[-75.58213,39.83848],[-75.58443,39.83828],[-75.59273,39.83788],[-75.59617,39.83726],[-75.5975,39.83961],[-75.5963,39.84281],[-75.5947,39.84621],[-75.5938,39.84991],[-75.5925,39.85251],[-75.5953,39.85381],[-75.5985,39.85441],[-75.601,39.85631],[-75.59879,39.85991],[-75.5966,39.86311],[-75.5956,39.86601],[-75.5932,39.86851],[-75.59579,39.87161],[-75.597,39.87441],[-75.5942,39.87611],[-75.5844,39.88091],[-75.5858,39.88461],[-75.5824,39.88571],[-75.5804,39.88371],[-75.57249,39.88751],[-75.57439,39.89171],[-75.5724,39.89381],[-75.5733,39.89631],[-75.56619,39.89981],[-75.559,39.90361],[-75.5591,39.90721],[-75.5555,39.90571],[-75.54759,39.90921],[-75.549,39.91541],[-75.5433,39.91901],[-75.54359,39.92301],[-75.5407,39.92471],[-75.5423,39.92691],[-75.5396,39.92851],[-75.536,39.92991],[-75.5307,39.92311],[-75.52769,39.92331],[-75.5247,39.92281],[-75.5254,39.92571],[-75.5275,39.92841],[-75.52969,39.93171],[-75.5264,39.93441],[-75.52309,39.93231],[-75.5196,39.93391],[-75.51839,39.93651],[-75.5208,39.94071],[-75.5229,39.94381],[-75.51199,39.94971],[-75.5089,39.95121],[-75.5019,39.95431],[-75.4847,39.96241],[-75.4807,39.96411],[-75.46329,39.97231],[-75.4453,39.98051],[-75.4361,39.98521],[-75.436,39.98821],[-75.4376,39.99211],[-75.4404,39.99231],[-75.4432,39.99351],[-75.4516,39.99391],[-75.448,39.99751],[-75.4452,39.99931],[-75.44279,40.00111],[-75.43909,40.00341],[-75.4353,40.00611],[-75.4284,40.01051],[-75.407,40.02551],[-75.40479,40.02691],[-75.40639,40.03041],[-75.408,40.03291],[-75.4126,40.03881],[-75.4135,40.04191],[-75.4097,40.04391],[-75.3911,40.05191],[-75.3875,40.05381],[-75.3737,40.05951],[-75.3592,40.06611],[-75.3565,40.06291],[-75.3526,40.05761],[-75.35059,40.05461],[-75.34679,40.04961],[-75.3451,40.04771],[-75.3376,40.03791],[-75.3361,40.03621],[-75.3343,40.03371],[-75.3285,40.02651],[-75.3266,40.02381],[-75.323,40.01921]]]}},{"type":"Feature","properties":{"state":"PA","cwa":"PHI","countyname":"Northampton","fips":"42095"},"geometry":{"type":"Polygon","coordinates":[[[-75.06329,40.85041],[-75.06509,40.84801],[-75.0682,40.84751],[-75.07079,40.84751],[-75.0729,40.84861],[-75.076,40.84981],[-75.0882,40.84951],[-75.0916,40.84911],[-75.09419,40.84811],[-75.09599,40.84671],[-75.0974,40.84391],[-75.0976,40.84091],[-75.0966,40.83901],[-75.09489,40.83711],[-75.09229,40.83531],[-75.0896,40.83311],[-75.0871,40.83151],[-75.0844,40.82861],[-75.0839,40.82451],[-75.0896,40.81691],[-75.0952,40.81301],[-75.0982,40.81031],[-75.1003,40.80771],[-75.10049,40.80421],[-75.10049,40.80051],[-75.1021,40.79831],[-75.10519,40.79521],[-75.10789,40.79171],[-75.111,40.79011],[-75.11559,40.78971],[-75.12,40.78821],[-75.12389,40.78601],[-75.1258,40.78411],[-75.1316,40.77571],[-75.1338,40.77391],[-75.1402,40.77381],[-75.1449,40.77451],[-75.1506,40.77511],[-75.15829,40.77741],[-75.16389,40.77851],[-75.1662,40.77871],[-75.16949,40.77851],[-75.17239,40.77701],[-75.1749,40.77391],[-75.1769,40.76871],[-75.1775,40.76431],[-75.17899,40.76191],[-75.1822,40.75981],[-75.1905,40.75651],[-75.19569,40.75261],[-75.1968,40.75011],[-75.1964,40.74761],[-75.1951,40.74541],[-75.1912,40.74181],[-75.1881,40.73971],[-75.18539,40.73691],[-75.183,40.73381],[-75.1824,40.73041],[-75.1842,40.72801],[-75.1861,40.72481],[-75.1859,40.72151],[-75.18739,40.71921],[-75.1903,40.71751],[-75.1926,40.71591],[-75.1944,40.71391],[-75.19569,40.71031],[-75.1983,40.70591],[-75.2028,40.69501],[-75.2034,40.69051],[-75.20139,40.68651],[-75.1969,40.68131],[-75.1917,40.67991],[-75.18269,40.67981],[-75.17889,40.67891],[-75.1772,40.67731],[-75.17699,40.67451],[-75.17799,40.67191],[-75.1815,40.66761],[-75.1834,40.66581],[-75.19009,40.66251],[-75.19209,40.66081],[-75.1959,40.65601],[-75.198,40.65281],[-75.20029,40.64861],[-75.19849,40.64561],[-75.1955,40.64331],[-75.19279,40.64171],[-75.1913,40.63881],[-75.1888,40.62531],[-75.1889,40.62261],[-75.1908,40.62011],[-75.1942,40.61991],[-75.1971,40.61951],[-75.201,40.61761],[-75.2009,40.61421],[-75.19849,40.61141],[-75.19669,40.60831],[-75.1988,40.60771],[-75.2141,40.60121],[-75.2315,40.59321],[-75.23959,40.59021],[-75.24339,40.58811],[-75.2459,40.58701],[-75.24879,40.58601],[-75.25249,40.58411],[-75.2579,40.58211],[-75.2682,40.57701],[-75.2819,40.56911],[-75.2934,40.56231],[-75.3019,40.55701],[-75.30849,40.55321],[-75.3317,40.53821],[-75.3341,40.53691],[-75.35159,40.54831],[-75.3596,40.55341],[-75.3629,40.55531],[-75.3687,40.55921],[-75.379,40.56551],[-75.3911,40.57321],[-75.3987,40.57771],[-75.40379,40.58111],[-75.4026,40.58331],[-75.3938,40.59451],[-75.3918,40.59781],[-75.3909,40.60031],[-75.3896,40.61051],[-75.389,40.61341],[-75.3847,40.61491],[-75.37849,40.61531],[-75.3761,40.61631],[-75.3793,40.61731],[-75.38339,40.61831],[-75.3844,40.62071],[-75.3838,40.62331],[-75.38499,40.62511],[-75.3884,40.62821],[-75.3877,40.63301],[-75.392,40.63371],[-75.4032,40.64311],[-75.4045,40.64451],[-75.4061,40.64581],[-75.4138,40.65321],[-75.4182,40.65781],[-75.42059,40.65971],[-75.42889,40.66781],[-75.4303,40.67241],[-75.4452,40.66871],[-75.4601,40.66301],[-75.4807,40.65601],[-75.4837,40.66031],[-75.4838,40.66811],[-75.4854,40.67201],[-75.4873,40.67451],[-75.4901,40.67661],[-75.4959,40.67791],[-75.499,40.68181],[-75.5033,40.69011],[-75.5105,40.69511],[-75.51559,40.70231],[-75.5226,40.71351],[-75.5256,40.72101],[-75.52599,40.72981],[-75.5265,40.73321],[-75.5284,40.73531],[-75.5312,40.73671],[-75.5359,40.73761],[-75.5394,40.73681],[-75.54089,40.73411],[-75.5413,40.73071],[-75.5421,40.72771],[-75.5441,40.72541],[-75.5472,40.72351],[-75.5533,40.72131],[-75.5574,40.72101],[-75.56129,40.72191],[-75.5637,40.72321],[-75.5672,40.72551],[-75.5693,40.72861],[-75.5711,40.73281],[-75.574,40.73491],[-75.57619,40.73551],[-75.5794,40.73531],[-75.585,40.73421],[-75.5889,40.73421],[-75.5919,40.73561],[-75.5937,40.73811],[-75.59669,40.74371],[-75.5989,40.74611],[-75.6012,40.74901],[-75.603,40.75431],[-75.60339,40.75791],[-75.6028,40.76231],[-75.6027,40.76511],[-75.6039,40.76821],[-75.6063,40.77221],[-75.6049,40.77561],[-75.6049,40.77831],[-75.606,40.78201],[-75.6084,40.78751],[-75.60259,40.78811],[-75.5984,40.79011],[-75.5954,40.79331],[-75.58549,40.79691],[-75.5776,40.79941],[-75.5739,40.79931],[-75.56499,40.80111],[-75.5575,40.80131],[-75.55119,40.80471],[-75.5415,40.80691],[-75.5284,40.80671],[-75.519,40.80891],[-75.508,40.80911],[-75.4958,40.81111],[-75.4853,40.81251],[-75.4785,40.81311],[-75.4742,40.81481],[-75.458,40.81771],[-75.4555,40.81801],[-75.44199,40.81851],[-75.43909,40.81901],[-75.42039,40.82331],[-75.417,40.82591],[-75.4137,40.82641],[-75.3877,40.82941],[-75.38419,40.83041],[-75.3791,40.83251],[-75.3391,40.84641],[-75.3196,40.85591],[-75.3022,40.85921],[-75.2947,40.86231],[-75.29169,40.86381],[-75.2878,40.86401],[-75.28429,40.86581],[-75.2795,40.86991],[-75.2733,40.87331],[-75.26749,40.88201],[-75.2496,40.89101],[-75.24789,40.89151],[-75.24529,40.89331],[-75.2429,40.89551],[-75.23969,40.89721],[-75.2323,40.89991],[-75.241,40.90941],[-75.2222,40.91941],[-75.2206,40.92311],[-75.2188,40.92651],[-75.2166,40.92901],[-75.2145,40.93081],[-75.21159,40.93211],[-75.2062,40.93391],[-75.1988,40.93581],[-75.19189,40.93681],[-75.1879,40.93721],[-75.184,40.93801],[-75.18,40.93921],[-75.1783,40.94021],[-75.1765,40.94571],[-75.1735,40.94701],[-75.17049,40.94791],[-75.1597,40.94851],[-75.1507,40.94961],[-75.1477,40.95041],[-75.1293,40.95871],[-75.12759,40.96031],[-75.12379,40.96451],[-75.1209,40.96801],[-75.12,40.96601],[-75.12,40.96221],[-75.11909,40.95791],[-75.118,40.95391],[-75.1159,40.95151],[-75.11259,40.94881],[-75.11,40.94581],[-75.10609,40.93911],[-75.10509,40.93581],[-75.1,40.92981],[-75.09769,40.92671],[-75.0955,40.92411],[-75.0881,40.91931],[-75.0835,40.91671],[-75.0786,40.91301],[-75.0769,40.90991],[-75.0761,40.90711],[-75.07529,40.89921],[-75.0756,40.89501],[-75.0739,40.89231],[-75.0703,40.88931],[-75.0648,40.88511],[-75.062,40.88231],[-75.05859,40.87771],[-75.0546,40.87441],[-75.05199,40.87121],[-75.0508,40.86811],[-75.0514,40.86441],[-75.05389,40.85941],[-75.059,40.85601],[-75.0602,40.85361],[-75.06329,40.85041]]]}},{"type":"Feature","properties":{"state":"PA","cwa":"PHI","countyname":"Chester","fips":"42029"},"geometry":{"type":"Polygon","coordinates":[[[-75.658,40.24181],[-75.654,40.24171],[-75.65099,40.24211],[-75.64819,40.24071],[-75.6461,40.24001],[-75.6383,40.23671],[-75.6328,40.23511],[-75.62849,40.23301],[-75.6246,40.23141],[-75.6216,40.23091],[-75.61919,40.22971],[-75.61729,40.22681],[-75.61449,40.22391],[-75.61169,40.22331],[-75.6087,40.22371],[-75.6048,40.22571],[-75.6031,40.22831],[-75.6049,40.23061],[-75.60719,40.23251],[-75.6076,40.23521],[-75.6055,40.23751],[-75.6013,40.23801],[-75.59869,40.23761],[-75.5965,40.23621],[-75.5927,40.22551],[-75.5898,40.22011],[-75.5872,40.21341],[-75.58179,40.20751],[-75.58009,40.20321],[-75.5761,40.19751],[-75.57159,40.19411],[-75.5662,40.19471],[-75.56339,40.19681],[-75.5648,40.20551],[-75.5647,40.20841],[-75.5625,40.20991],[-75.5601,40.20961],[-75.5572,40.20771],[-75.5537,40.20111],[-75.5481,40.18831],[-75.54469,40.18191],[-75.5407,40.17561],[-75.53159,40.17061],[-75.5292,40.16861],[-75.5276,40.16611],[-75.5266,40.15941],[-75.52689,40.15611],[-75.5276,40.15351],[-75.5274,40.15111],[-75.52329,40.14711],[-75.5191,40.14781],[-75.5172,40.15041],[-75.5163,40.15331],[-75.5117,40.15891],[-75.5062,40.16011],[-75.5024,40.15931],[-75.5004,40.15611],[-75.5022,40.15211],[-75.50919,40.14441],[-75.5105,40.14071],[-75.5098,40.13761],[-75.5084,40.13511],[-75.5032,40.13151],[-75.4995,40.12951],[-75.4956,40.12711],[-75.4909,40.12541],[-75.4825,40.12631],[-75.4781,40.12711],[-75.47269,40.12911],[-75.4677,40.12751],[-75.4613,40.12361],[-75.4623,40.11931],[-75.4695,40.11561],[-75.4714,40.11131],[-75.46899,40.10691],[-75.4656,40.10411],[-75.46149,40.10191],[-75.462,40.09821],[-75.45799,40.09491],[-75.4562,40.09311],[-75.4556,40.08751],[-75.448,40.09091],[-75.4406,40.09341],[-75.43719,40.08941],[-75.433,40.09131],[-75.41869,40.09591],[-75.4143,40.09051],[-75.4124,40.08851],[-75.4107,40.08591],[-75.4069,40.08111],[-75.4032,40.07591],[-75.4014,40.07371],[-75.39989,40.07071],[-75.3959,40.06541],[-75.3913,40.06161],[-75.38709,40.06301],[-75.3812,40.06591],[-75.3734,40.06891],[-75.3703,40.07051],[-75.3662,40.07211],[-75.36349,40.06921],[-75.3592,40.06611],[-75.3737,40.05951],[-75.3875,40.05381],[-75.3911,40.05191],[-75.4097,40.04391],[-75.4135,40.04191],[-75.4126,40.03881],[-75.408,40.03291],[-75.40639,40.03041],[-75.40479,40.02691],[-75.407,40.02551],[-75.4284,40.01051],[-75.4353,40.00611],[-75.43909,40.00341],[-75.44279,40.00111],[-75.4452,39.99931],[-75.448,39.99751],[-75.4516,39.99391],[-75.4432,39.99351],[-75.4404,39.99231],[-75.4376,39.99211],[-75.436,39.98821],[-75.4361,39.98521],[-75.4453,39.98051],[-75.46329,39.97231],[-75.4807,39.96411],[-75.4847,39.96241],[-75.5019,39.95431],[-75.5089,39.95121],[-75.51199,39.94971],[-75.5229,39.94381],[-75.5208,39.94071],[-75.51839,39.93651],[-75.5196,39.93391],[-75.52309,39.93231],[-75.5264,39.93441],[-75.52969,39.93171],[-75.5275,39.92841],[-75.5254,39.92571],[-75.5247,39.92281],[-75.52769,39.92331],[-75.5307,39.92311],[-75.536,39.92991],[-75.5396,39.92851],[-75.5423,39.92691],[-75.5407,39.92471],[-75.54359,39.92301],[-75.5433,39.91901],[-75.549,39.91541],[-75.54759,39.90921],[-75.5555,39.90571],[-75.5591,39.90721],[-75.559,39.90361],[-75.56619,39.89981],[-75.5733,39.89631],[-75.5724,39.89381],[-75.57439,39.89171],[-75.57249,39.88751],[-75.5804,39.88371],[-75.5824,39.88571],[-75.5858,39.88461],[-75.5844,39.88091],[-75.5942,39.87611],[-75.597,39.87441],[-75.59579,39.87161],[-75.5932,39.86851],[-75.5956,39.86601],[-75.5966,39.86311],[-75.59879,39.85991],[-75.601,39.85631],[-75.5985,39.85441],[-75.5953,39.85381],[-75.5925,39.85251],[-75.5938,39.84991],[-75.5947,39.84621],[-75.5963,39.84281],[-75.5975,39.83961],[-75.59617,39.83726],[-75.62033,39.83348],[-75.63813,39.82938],[-75.64223,39.82828],[-75.64963,39.82558],[-75.66283,39.82128],[-75.68053,39.81368],[-75.69143,39.80828],[-75.70113,39.80268],[-75.70993,39.79698],[-75.71623,39.79268],[-75.72173,39.78848],[-75.73223,39.77968],[-75.73553,39.77668],[-75.741,39.77131],[-75.74573,39.76638],[-75.74963,39.76198],[-75.75373,39.75658],[-75.75923,39.74878],[-75.76613,39.73758],[-75.76883,39.73268],[-75.77353,39.72268],[-75.78433,39.72188],[-75.7883,39.7209],[-75.79069,39.72211],[-75.7942,39.72191],[-75.90639,39.72211],[-75.90939,39.72191],[-75.9549,39.72191],[-75.96209,39.72171],[-76.031,39.72191],[-76.0859,39.72151],[-76.12439,39.72151],[-76.1357,39.72221],[-76.1349,39.72631],[-76.1299,39.72761],[-76.1256,39.72691],[-76.1227,39.72391],[-76.1188,39.72421],[-76.119,39.72751],[-76.12019,39.73031],[-76.12009,39.73321],[-76.1197,39.73621],[-76.1171,39.73651],[-76.1144,39.73711],[-76.1112,39.73621],[-76.1092,39.73361],[-76.11009,39.73031],[-76.111,39.72861],[-76.10889,39.72631],[-76.10619,39.72431],[-76.10329,39.72401],[-76.1007,39.72651],[-76.0973,39.72871],[-76.09489,39.73091],[-76.09309,39.73491],[-76.098,39.73801],[-76.101,39.74171],[-76.1002,39.74561],[-76.0955,39.74291],[-76.0928,39.74281],[-76.0909,39.74351],[-76.0889,39.74451],[-76.0862,39.74631],[-76.0844,39.74941],[-76.08289,39.75261],[-76.08479,39.75561],[-76.08389,39.75881],[-76.0811,39.76141],[-76.07719,39.76191],[-76.0741,39.76121],[-76.0715,39.76041],[-76.06789,39.76011],[-76.0646,39.76221],[-76.0629,39.76511],[-76.06409,39.76831],[-76.0645,39.77081],[-76.06039,39.77571],[-76.0589,39.77881],[-76.0547,39.78091],[-76.0514,39.78221],[-76.0496,39.78451],[-76.04919,39.78651],[-76.04829,39.78891],[-76.046,39.79031],[-76.0441,39.79221],[-76.0425,39.79591],[-76.0441,39.79881],[-76.04559,39.80061],[-76.0479,39.80151],[-76.0497,39.80271],[-76.0485,39.80391],[-76.04649,39.80381],[-76.0406,39.80161],[-76.0379,39.80281],[-76.03609,39.80601],[-76.0351,39.81131],[-76.03159,39.81401],[-76.0319,39.81861],[-76.0351,39.82141],[-76.0367,39.82381],[-76.0357,39.82691],[-76.0332,39.82631],[-76.03059,39.82451],[-76.0281,39.82401],[-76.02509,39.82521],[-76.0233,39.82881],[-76.02049,39.83081],[-76.0173,39.83161],[-76.01749,39.83551],[-76.0182,39.83851],[-76.01929,39.84071],[-76.0205,39.84701],[-76.022,39.84961],[-76.0209,39.85211],[-76.0182,39.85381],[-76.00819,39.85211],[-76.00719,39.85391],[-76.00739,39.85631],[-76.00549,39.86691],[-76.00449,39.86901],[-76.0043,39.87181],[-76.00249,39.87411],[-75.9996,39.87431],[-75.9977,39.87271],[-75.9962,39.87081],[-75.9921,39.86941],[-75.99,39.87131],[-75.988,39.87241],[-75.987,39.87461],[-75.9879,39.87691],[-75.99139,39.88201],[-75.99129,39.88631],[-75.9872,39.89341],[-75.9899,39.89641],[-75.99409,39.89891],[-75.9946,39.90191],[-75.99599,39.90481],[-75.99709,39.90901],[-75.9955,39.91211],[-75.9957,39.91471],[-75.99509,39.91731],[-75.9963,39.92021],[-75.9968,39.92801],[-75.9944,39.92741],[-75.99149,39.92761],[-75.98849,39.92971],[-75.98569,39.93121],[-75.98209,39.93031],[-75.98119,39.93321],[-75.9834,39.93671],[-75.9884,39.94071],[-75.9894,39.94391],[-75.99159,39.94691],[-75.9925,39.94981],[-75.99419,39.95301],[-75.9919,39.95581],[-75.98959,39.95981],[-75.98679,39.96341],[-75.9866,39.96731],[-75.9838,39.97181],[-75.9743,39.98481],[-75.9649,39.99731],[-75.95789,40.00741],[-75.9359,40.03821],[-75.9349,40.04121],[-75.9351,40.04891],[-75.93549,40.05461],[-75.93559,40.05961],[-75.9367,40.08131],[-75.9433,40.10751],[-75.9415,40.10921],[-75.9322,40.11331],[-75.9201,40.11851],[-75.8779,40.13521],[-75.8746,40.13721],[-75.8709,40.13871],[-75.86819,40.14051],[-75.8419,40.15641],[-75.79259,40.18771],[-75.7621,40.20741],[-75.738,40.22001],[-75.7345,40.22171],[-75.7314,40.22351],[-75.7009,40.23961],[-75.69659,40.24171],[-75.6942,40.24021],[-75.6912,40.23781],[-75.68539,40.23651],[-75.6812,40.23931],[-75.6745,40.24311],[-75.6716,40.24431],[-75.66859,40.24491],[-75.6651,40.24491],[-75.661,40.24331],[-75.658,40.24181]]]}}]}